,grammar_id,grammar_point,furigana,display_name,meaning,jlpt_level,page,example_num,sentence_japanese,sentence_romaji,sentence_english
0,1,ちゃいけない・じゃいけない,,ちゃいけない・じゃいけない,must not do (spoken Japanese),N5,6,1,寝る前にスマホを⾒ちゃダメよ。,neru mae ni sumaho o micha dame yo.,You shouldn't look at your smartphone before going to bed.
1,1,ちゃいけない・じゃいけない,,ちゃいけない・じゃいけない,must not do (spoken Japanese),N5,6,2,ここはきけんなので、⼊っちゃダメだよ。,"koko wa kiken nano de, haiccha dame da yo.","This area is dangerous, so you're not allowed to enter."
2,1,ちゃいけない・じゃいけない,,ちゃいけない・じゃいけない,must not do (spoken Japanese),N5,6,3,やっちゃいけないことをやっちゃった。,yaccha ikenai koto o yacchatta.,I did something I shouldn't have...
3,1,ちゃいけない・じゃいけない,,ちゃいけない・じゃいけない,must not do (spoken Japanese),N5,6,4,⾃信をなくしちゃいけません︕,jishin o naku shicha ikemasen!,You mustn't lose confidence!
4,1,ちゃいけない・じゃいけない,,ちゃいけない・じゃいけない,must not do (spoken Japanese),N5,6,5,そんなに授業をさぼっちゃダメよ。,sonna ni jugyou o saboccha dame yo.,You shouldn't skip class so much.
5,1,ちゃいけない・じゃいけない,,ちゃいけない・じゃいけない,must not do (spoken Japanese),N5,6,6,彼を信⽤しちゃいけない。,kare o shinyou shicha ikenai.,We cannot trust him.
6,1,ちゃいけない・じゃいけない,,ちゃいけない・じゃいけない,must not do (spoken Japanese),N5,6,7,⾚信号をむししちゃいけません︕,aka shingou o mushi shicha ikemasen.,You must not ignore red lights!
7,1,ちゃいけない・じゃいけない,,ちゃいけない・じゃいけない,must not do (spoken Japanese),N5,6,8,野菜を⾷べるまでデザートを⾷べちゃいけないよ。,yasai o taberu made dezaato o tabecha ikenai yo.,No eating dessert until you finish eating your vegetables.
8,1,ちゃいけない・じゃいけない,,ちゃいけない・じゃいけない,must not do (spoken Japanese),N5,6,9,⼦どもの前に悪いことばを⾔っちゃいけません。,kodomo no mae ni warui kotoba o iccha ikemasen.,We must not say bad words in front of children.
9,1,ちゃいけない・じゃいけない,,ちゃいけない・じゃいけない,must not do (spoken Japanese),N5,6,10,２０歳未満の⼈はお酒を飲んじゃいけません。,hatachi miman no hito wa osake o nonja ikemasen.,People under the age of 20 cannot drink alcohol.
10,2,だ・です,,だ・です,"to be (am, is, are, were, used to) present だ (casual)",N5,9,1,今⽇は暑いだね。,kyou wa atsui da ne.,"It's pretty hot today, right?"
11,2,だ・です,,だ・です,"to be (am, is, are, were, used to) present だ (casual)",N5,9,2,かれは私の友だちです。,kare wa watashi no tomodachi desu.,He is my friend.
12,2,だ・です,,だ・です,"to be (am, is, are, were, used to) present だ (casual)",N5,9,3,⽇本の⽂化が好きです。,nihon no bunka ga suki desu.,I like Japanese culture
13,2,だ・です,,だ・です,"to be (am, is, are, were, used to) present だ (casual)",N5,9,4,昔はサッカーが趣味だったが、今はやっていない。,"mukashi wa sakka ga shumi datta ga, ima wa yatteinai.","Soccer used to be my hobby, but I don't play anymore."
14,3,だけ,,だけ,only; just; as much as Verb (dictionary form),N5,12,1,私の持っているお⾦はこれだけだ。,watashi no motteiru okane wa kore dake da.,This is all the money I have..
15,3,だけ,,だけ,only; just; as much as Verb (dictionary form),N5,12,2,ちょっと⾒ているだけです。,chotto mitteiru dake desu.,I'm just looking around.
16,3,だけ,,だけ,only; just; as much as Verb (dictionary form),N5,12,3,好きじゃない⾷べ物はトマトだけだ。,suki janai tabemono wa tomato dake da.,The only food I dislike are tomatoes.
17,3,だけ,,だけ,only; just; as much as Verb (dictionary form),N5,12,4,ただ話していただけです。,tada hanashiteita dake desu.,I was just speaking.
18,3,だけ,,だけ,only; just; as much as Verb (dictionary form),N5,12,5,問題はそれだけだと思うかい︖,mondai wa sore dake da to omou?,You think that's all there is to this problem?
19,3,だけ,,だけ,only; just; as much as Verb (dictionary form),N5,12,6,私は⼀⼈だけでできます。,watashi wa hitori dake de dekimasu.,I can do it (just) by myself.
20,3,だけ,,だけ,only; just; as much as Verb (dictionary form),N5,12,7,出来るだけ新しい漢字を勉強したい。,dekiru dake atarashii kanji o benkyou shitai.,I want to study as much new kanji as possible.
21,3,だけ,,だけ,only; just; as much as Verb (dictionary form),N5,12,8,その⼥の⼦はただ泣くだけだった。,sono onna no ko wa tada naku dake datta.,That little girl did nothing but cry.
22,3,だけ,,だけ,only; just; as much as Verb (dictionary form),N5,12,9,彼⼥が信頼できるのは彼だけだ。,kanojo ga shinrai dekiru no wa kare dake da.,He is the only one that she can trust.
23,4,だろう,,だろう,I think; it seems; probably; right? Verb (dictionary form),N5,15,1,彼はもうすぐ来るだろう。,kare wa mou sugu kuru darou.,He should be coming any moment now.
24,4,だろう,,だろう,I think; it seems; probably; right? Verb (dictionary form),N5,15,2,そうだろうと思ったよ。,sou darou to omotta.,I thought (figured) as much.
25,4,だろう,,だろう,I think; it seems; probably; right? Verb (dictionary form),N5,15,3,明⽇はたぶん⾬が降るだろう。空に雲がたくさんあるから。,ashita wa tabun ame ga furu darou. sora ni kumo ga takusan aru kara.,It will likely rain tomorrow.. There's a lot of clouds in the sky now..
26,4,だろう,,だろう,I think; it seems; probably; right? Verb (dictionary form),N5,15,4,間違いないだろう。,machigai nai darou.,Surely there's no mistake.
27,4,だろう,,だろう,I think; it seems; probably; right? Verb (dictionary form),N5,15,5,たぶんこの⾬は１時間ぐらいでやむだろう。,tabun kono ame wa ichijikan gurai de yamu darou.,This rain will probably be over in about an hour or so.
28,4,だろう,,だろう,I think; it seems; probably; right? Verb (dictionary form),N5,15,6,あそこにいる⼈は誰だろう。,asoko ni iru hito wa dare darou.,I wonder who that person is over there.
29,4,だろう,,だろう,I think; it seems; probably; right? Verb (dictionary form),N5,15,8,どうして⽇本の夏はこんなに暑いんだろう。,doushite nihon no natsu wa konnani atsui n darou.,Why is Summer in Japan so hot..?
30,5,で,,で,in; at; on; by; with; via Noun で,N5,18,1,じてんしゃで⾏きます。,jitensha de ikimasu.,I will go by bicycle.
31,5,で,,で,in; at; on; by; with; via Noun で,N5,18,2,みんなで⾏こう︕,minna de ikou!,Let's go together with everyone!
32,5,で,,で,in; at; on; by; with; via Noun で,N5,18,3,たまに⼀⼈でカラオケに⾏きます。,tamani hitori de karaoke ni ikimasu.,I sometimes go to sing karaoke by myself.
33,5,で,,で,in; at; on; by; with; via Noun で,N5,18,4,なにかの理由で彼は⾍が怖いんだ。,nanika no riyuu de kare wa mushi ga kowai n da.,"For some reason, he is scared of bugs."
34,5,で,,で,in; at; on; by; with; via Noun で,N5,18,5,そのシャツどこで買いました︖,sono shatsu doko de kaimashita?,Where did you buy that shirt?
35,5,で,,で,in; at; on; by; with; via Noun で,N5,18,6,駅で会いましょうね。,eki de aimashou ne.,Let's meet at the station.
36,5,で,,で,in; at; on; by; with; via Noun で,N5,18,7,ここで電話しないでください。,koko de denwa shinai de kudasai.,Please don't use your phone here.
37,5,で,,で,in; at; on; by; with; via Noun で,N5,18,8,どこで⽇本語を学びましたか︖,doko de nihongo wo manabimashita ka?,Where did you learn Japanese?
38,5,で,,で,in; at; on; by; with; via Noun で,N5,18,9,YouTube で⽇本語を勉強します。,youtube de nihongo wo benkyou shimasu.,I study Japanese by watching YouTube.
39,6,でも,,でも,but; however See details below..,N5,21,1,私は⿂が好すきです。でも⾁も好きです。,watashi wa sakana ga suki desu. demo niku mo suki desu.,I like fish. But I also like meat too.
40,6,でも,,でも,but; however See details below..,N5,21,2,パン屋に⾏きました。でも、何も買いませんでした。,"panya ni ikimashita. demo, nanimo kaimasen deshita.","I went to the bakery, but didn't buy anything."
41,6,でも,,でも,but; however See details below..,N5,21,3,動物が好きです。でも、⽝が⼀ばん好きです。,"doubutsu ga suki desu. demo, inu ga ichiban suki desu.",I like animals. But I love dogs the most.
42,6,でも,,でも,but; however See details below..,N5,21,4,図書館に⾏きました。でも、集中できませんでした。,"toshokan ni ikimashita. demo, shuuchuu dekimasen deshita.",I went to the library. But I wasn't able to concentrate.
43,6,でも,,でも,but; however See details below..,N5,21,5,スーパーに⾏きました。でも、財布を忘れました︕,"suupaa ni ikimashita. demo, saifu wo wasuremashita.",I went to the grocery store. But I forgot my wallet!
44,6,でも,,でも,but; however See details below..,N5,21,6,今朝学校に⾏きました。でも、休みでした。,"kesa gakkou ni ikimashita. demo, yasumi deshita.",I went to school this morning. but it was closed.
45,7,でしょう,,でしょう,I think; it seems; probably; right? Verb (dictionary form),N5,23,1,あの⼈は誰でしょう︖,ano hito wa dare deshou?,I wonder who that person is..
46,7,でしょう,,でしょう,I think; it seems; probably; right? Verb (dictionary form),N5,23,2,いいでしょう。,ii deshou.,That sounds/seems good.
47,7,でしょう,,でしょう,I think; it seems; probably; right? Verb (dictionary form),N5,23,3,この問題は簡単でしょう︖,kono mondai wa kantan deshou?,"This problem is easy, right?"
48,7,でしょう,,でしょう,I think; it seems; probably; right? Verb (dictionary form),N5,23,4,彼はもうすぐ来るでしょう。,kare wa mou sugu kuru deshou.,He should be here any second.
49,7,でしょう,,でしょう,I think; it seems; probably; right? Verb (dictionary form),N5,23,5,頑張れば、いい⼤学に⾏けるでしょう。,"ganbareba, ii daigaku ni ikeru deshou.","If you work hard, you should be able to get into a good university."
50,7,でしょう,,でしょう,I think; it seems; probably; right? Verb (dictionary form),N5,23,6,今⽇の試合では、 A チームが勝つでしょう。,"kyou no shiai de wa, A chiimu ga katsu deshou.","In today's match, surely team A will win."
51,7,でしょう,,でしょう,I think; it seems; probably; right? Verb (dictionary form),N5,23,7,この問題は、明⽇したの試験に出るでしょうか。,"kono mondai wa, ashita no shiken ni deru deshou ka.",Will this question be on tomorrow's test?
52,8,どんな,,どんな,what kind of; what sort of どんな Noun,N5,26,1,ベトナムはどんな国ですか。,betonamu wa donna kuni desu ka.,What kind of country is Vietnam?
53,8,どんな,,どんな,what kind of; what sort of どんな Noun,N5,26,2,どんな仕事をするのですか。,donna shigoto o suru no desu ka?,What kind of work do you do?
54,8,どんな,,どんな,what kind of; what sort of どんな Noun,N5,26,3,どんな⾷べ物が好きですか。,donna tabemono ga suki desu ka.,What kind of food do you like?
55,8,どんな,,どんな,what kind of; what sort of どんな Noun,N5,26,4,どんなパソコンを持っていますか。,donna pasokon o motteimasu ka.,What kind of computer do you have?
56,8,どんな,,どんな,what kind of; what sort of どんな Noun,N5,26,5,どんな⾞に乗っていますか︖,donna kuruma ni notteimasu ka?,What kind of car do you drive?
57,8,どんな,,どんな,what kind of; what sort of どんな Noun,N5,26,6,今⽇はどんな天気ですか。,kyou wa donna tenki desu ka.,How is the weather today?
58,8,どんな,,どんな,what kind of; what sort of どんな Noun,N5,26,7,新しい先⽣はどんな⼈ですか。,atarashii sensei wa donna hito desu ka.,What is the new teacher like?
59,8,どんな,,どんな,what kind of; what sort of どんな Noun,N5,26,8,禁煙するためにどんな⽅法を使いましたか。,kin'en suru tame ni donna houhou o tsukaimashita ka.,What method did you use to give up smoking?
60,9,どうして,,どうして,why; for what reason; how can be used mid-sentence or to start new,N5,28,1,どうして来ないの︖,doushite konai no?,Why aren't you coming?
61,9,どうして,,どうして,why; for what reason; how can be used mid-sentence or to start new,N5,28,2,どうしてそうなったの︖,doushite sou natta no?,How/why did that happen?
62,9,どうして,,どうして,why; for what reason; how can be used mid-sentence or to start new,N5,28,3,どうしてそれを知っている︖,doushite sore o shitteiru?,How/why do you know that?
63,9,どうして,,どうして,why; for what reason; how can be used mid-sentence or to start new,N5,28,4,どうして⽇本に来たんですか︖,doushite nihon ni kitan desu ka?,Why did you come to Japan?
64,9,どうして,,どうして,why; for what reason; how can be used mid-sentence or to start new,N5,28,5,どうして⽇本の夏はこんなに暑いんだろう。,doushite nihon no natsu wa konnani atsui n darou.,Why is Summer in Japan so hot..?
65,9,どうして,,どうして,why; for what reason; how can be used mid-sentence or to start new,N5,28,6,君はどうしてけがをしたか。,kimi wa doushite kega o shita ka.,How did you get hurt?
66,9,どうして,,どうして,why; for what reason; how can be used mid-sentence or to start new,N5,28,7,どうしてその事故が起こったのか。,doushite so no jiko ga okotta no ka.,How did that accident come about?
67,9,どうして,,どうして,why; for what reason; how can be used mid-sentence or to start new,N5,28,8,どうして彼⼥と知り合ったのですか。,doushite kanojo to shiriatta no desu ka?,How did you get acquainted with her?
68,10,どうやって,,どうやって,how; in what way; by what means can be used at beginning or mid-sentence,N5,30,1,駅までどうやって⾏きますか。,eki made douyatte ikimasu ka.,How can I get to the station?
69,10,どうやって,,どうやって,how; in what way; by what means can be used at beginning or mid-sentence,N5,30,2,これはどうやって使いますか。,kore wa douyatte tsukaimasu ka.,How do you use this?
70,10,どうやって,,どうやって,how; in what way; by what means can be used at beginning or mid-sentence,N5,30,3,これはどうやって⾷べますか。,kore wa douyatte tabemasu ka.,How do you eat this?
71,10,どうやって,,どうやって,how; in what way; by what means can be used at beginning or mid-sentence,N5,30,4,リサさんは毎⽇どうやって学校へ来ますか。,risa san wa mainichi douyatte gakkou e kimasu ka.,"Lisa, how do you come to school every day?"
72,10,どうやって,,どうやって,how; in what way; by what means can be used at beginning or mid-sentence,N5,30,5,どうやって彼⼥と出会ったのですか。,douyatte kanojo to deatta no desu ka.,How did you meet her?
73,10,どうやって,,どうやって,how; in what way; by what means can be used at beginning or mid-sentence,N5,30,6,あなたはどうやって漢字を覚えますか。,anata wa douyatte kanji o oboemasu ka.,How do you memorize kanji?
74,10,どうやって,,どうやって,how; in what way; by what means can be used at beginning or mid-sentence,N5,30,7,これはどうやって料理するのですか。,kore wa douyatte ryouri suru no desu ka.,How do you cook this?
75,10,どうやって,,どうやって,how; in what way; by what means can be used at beginning or mid-sentence,N5,30,8,私は彼がどうやって⼀⼈でそれをやったのか知らない。,watashi wa kare ga douyatte hitori de sore o yatta no ka shiranai.,I don't know how he did that all alone.
76,11,が,,が,subject marker; however; but Usage 1: subject marker,N5,32,1,明⽇は⾬が降る。,ashita wa ame ga furu.,It is going to rain tomorrow.
77,11,が,,が,subject marker; however; but Usage 1: subject marker,N5,32,2,仕⽅がない。,shikata ga nai.,It cannot be helped. (a common expression in Japanese)
78,11,が,,が,subject marker; however; but Usage 1: subject marker,N5,32,3,コンビニが近くにあります。,konbini ga chikaku ni arimasu.,There is a convenience store nearby.
79,11,が,,が,subject marker; however; but Usage 1: subject marker,N5,32,4,彼は借⾦がある。,kare wa shakkin ga aru.,He is in debt.
80,11,が,,が,subject marker; however; but Usage 1: subject marker,N5,32,5,今⽇は、やることがたくさんある。,"kyou wa, yaru koto ga takusan aru.",There are a lot of things to do today.
81,11,が,,が,subject marker; however; but Usage 1: subject marker,N5,32,6,彼は⾦はあるが、バカな男だ。,"kare wa kane wa aru ga, baka na otoko da.","He has money, but he's a stupid man."
82,11,が,,が,subject marker; however; but Usage 1: subject marker,N5,32,7,私は⽇本語を話すことはできますが、読むことはできません。,"watashi wa nihongo o hanasu koto wa dekimasu ga, yomu koto wa dekimasen.","I can speak Japanese, but I am not able to read it."
83,11,が,,が,subject marker; however; but Usage 1: subject marker,N5,32,8,このカメラを買いたいですがお⾦がない。,kono kamera o kaitai desu ga okane ga nai.,"I want to buy this camera, but I have no money.."
84,11,が,,が,subject marker; however; but Usage 1: subject marker,N5,32,9,恐れ⼊りますが、本⽇は満席です。,"osore irimasu ga, honjitsu wa manseki desu.","I deeply apologize, but today we have no more seats available. (we are fully booked)"
85,12,があります,,があります,there is; is (non-living things) がある / があります,N5,35,1,⼈気がある。,ninki ga aru.,to be popular.
86,12,があります,,があります,there is; is (non-living things) がある / があります,N5,35,2,先⽉お⾦がぜんぜんなかった。,sengetsu okane ga zenzen nakatta.,Last month I had no money.
87,12,があります,,があります,there is; is (non-living things) がある / があります,N5,35,3,へやにテレビがあります。,heya ni terebi ga arimasu.,I have a TV in my room.
88,12,があります,,があります,there is; is (non-living things) がある / があります,N5,35,4,⽇本の好きじゃないところはあります。,nihon no suki janai tokoro ha arimasu.,There are some things I don't like about Japan.
89,12,があります,,があります,there is; is (non-living things) がある / があります,N5,35,5,このマンションにはへやが三つあります。,kono manshon niwa heya ga mitsu arimasu.,There are three rooms in this apartment.
90,12,があります,,があります,there is; is (non-living things) がある / があります,N5,35,6,彼は⾦があるから新⾞が買える。,kare wa kane ga aru kara shinsha ga kaeru.,He has money so he can buy a new car.
91,12,があります,,があります,there is; is (non-living things) がある / があります,N5,35,7,今夜⽤事があるから⾏けない。,konya youji ga aru kara ikenai.,I have things to do tonight so I can't go.
92,13,がほしい,,がほしい,to want something,N5,38,1,もっとお⾦が欲しいです。,motto okane ga hoshii desu.,I want more money.
93,13,がほしい,,がほしい,to want something,N5,38,2,彼⼥がほしい。,kanojo ga hoshii.,I want a girlfriend.
94,13,がほしい,,がほしい,to want something,N5,38,3,お⾦がたくさんほしい。,okane ga takusan hoshii.,I want a lot of money. (it's OK to split が and ほしい)
95,13,がほしい,,がほしい,to want something,N5,38,4,何⼈⼦どもがほしいですか︖,nan nin kodomo ga hoshii desu ka?,How many children do you want to have?
96,13,がほしい,,がほしい,to want something,N5,38,5,新しい GoPro カメラが欲しいです︕,atarashii gopuro kamera ga hoshii desu!,I want the new GoPro camera!
97,13,がほしい,,がほしい,to want something,N5,38,6,いつか⾃分の家が欲しいです。,itsuka jibun no ie ga hoshii desu.,I want to have my own house one day.
98,13,がほしい,,がほしい,to want something,N5,38,7,私が欲しいものは⾃由です。,watashi ga hoshii mono wa jiyuu desu.,What I want is freedom.
99,13,がほしい,,がほしい,to want something,N5,38,8,⽇本で作られた⾞が欲しい。,nihon de tsukurareta kuruma ga hoshii.,I want a car made in Japan.
100,13,がほしい,,がほしい,to want something,N5,38,9,最近、仕事が忙しすぎてリラックスする時間が欲しい。,"saikin, shigoto ga isogashi sugite rirakkusu suru jikan ga hoshii.","Work is too busy lately, I want some time to relax."
101,13,がほしい,,がほしい,to want something,N5,38,10,彼が持っているみたいなパソコンが欲しい。,kare ga motteiru mitai na pasokon ga hoshii.,I want a computer like the one he has.
102,14,がいます,,がいます,there is; to be; is (living things) がいる / がいます,N5,40,1,テーブルの下に猫がいる。,teeburu no shita ni neko ga iru.,There is a cat below the table.
103,14,がいます,,がいます,there is; to be; is (living things) がいる / がいます,N5,40,2,あなたは彼⽒がいるの︖,anata wa kareshi ga iru no?,Do you have a boyfriend?
104,14,がいます,,がいます,there is; to be; is (living things) がいる / がいます,N5,40,3,私には兄弟がいないんだ。,watashi ni wa kyoudai ga inai nda.,I don't have any siblings.
105,14,がいます,,がいます,there is; to be; is (living things) がいる / がいます,N5,40,4,弟⼀⼈妹⼀⼈がいます。,otouto hitori imouto hitori ga imasu.,I have one younger brother and one younger sister.
106,14,がいます,,がいます,there is; to be; is (living things) がいる / がいます,N5,40,5,その部屋に⽝がいる。,sono heya ni inu ga iru.,There is a dog in that room.
107,14,がいます,,がいます,there is; to be; is (living things) がいる / がいます,N5,40,6,今学校にだれもいません。,ima gakkou ni daremo imasen.,There is no one at school right now.
108,14,がいます,,がいます,there is; to be; is (living things) がいる / がいます,N5,40,7,東京駅に観光者がいっぱいいる。,toukyou eki ni kankousha ga ippai iru.,There are a lot of tourists in Tokyo station.
109,15,ほうがいい,,ほうがいい,had better; it'd be better to; should~,N5,43,1,疲れたら、早く寝たほうがいい。,"tsukaretara, hayaku neta hou ga ii.","If you're tired, it's best to go to bed early."
110,15,ほうがいい,,ほうがいい,had better; it'd be better to; should~,N5,43,2,暑い⽇には、⽔をたくさん飲んだ⽅がいい。,"atsui hi ni wa, mizu o takusan nonda hou ga ii.",It's best to drink a lot of water on hot days.
111,15,ほうがいい,,ほうがいい,had better; it'd be better to; should~,N5,43,3,寝る前に、スマホを使わない⽅がいい。,"neru mae ni, sumaho o tsukawanai hou ga ii.","Before going to bed, it's best to not use your smartphone."
112,15,ほうがいい,,ほうがいい,had better; it'd be better to; should~,N5,43,4,毎⽇⽇本語を練習した⽅がいいですよ。,mainichi nihongo o renshuu shita hou ga ii desu yo.,You should practice Japanese every day.
113,15,ほうがいい,,ほうがいい,had better; it'd be better to; should~,N5,43,5,分からないとき、先⽣に聞いた⽅がいいですよ。,"wakaranai toki, sensei ni kiita hou ga ii desu yo.","When you don't understand, you're best off asking your teacher."
114,15,ほうがいい,,ほうがいい,had better; it'd be better to; should~,N5,43,6,⾁だけじゃなくて、野菜も⾷べたほうがいいですよ。,"niku dake janakute, yasai mo tabeta hou ga ii desu yo.","It's better to not just eat meat, but some vegetables as well."
115,15,ほうがいい,,ほうがいい,had better; it'd be better to; should~,N5,43,7,ご飯の後で、⻭を磨いた⽅がいいですよ。,"gohan no ato de, ha o migaita hou ga ii desu yo.",It's best to brush your teeth after eating.
116,15,ほうがいい,,ほうがいい,had better; it'd be better to; should~,N5,43,8,20 歳になっても、お酒を飲まない⽅がいいと思います。,"hatachi ni nattemo, osake o nomanai hou ga ii to omoimasu.","Even if you turn 20, I think it's best to not drink any alcohol."
117,17,いちばん,,いちばん,the most; the best [A]+ が/は + いちばん,N5,48,1,彼がいちばん働いた。,kare ga ichiban hataraita.,He worked the hardest.
118,17,いちばん,,いちばん,the most; the best [A]+ が/は + いちばん,N5,48,2,秋が⼀番好きな季節です。,aki ga ichiban suki na kisetsu desu.,Fall is my favorite season.
119,17,いちばん,,いちばん,the most; the best [A]+ が/は + いちばん,N5,48,3,私はブロッコリーが⼀番嫌いだ。,watashi wa burokkorii ga ichiban kirai da.,I hate broccoli the most.
120,17,いちばん,,いちばん,the most; the best [A]+ が/は + いちばん,N5,48,4,午前中が⼀番調⼦がいい。,gozen chuu ga ichiban choushi ga ii.,I feel best in the morning.
121,17,いちばん,,いちばん,the most; the best [A]+ が/は + いちばん,N5,48,5,⼀番前に座っている⼈は誰ですか︖,ichiban mae ni suwatteiru hito wa dare desu ka?,Who is that sitting in the very front?
122,17,いちばん,,いちばん,the most; the best [A]+ が/は + いちばん,N5,48,6,⼀番早く予約できる⽇はいつですか︖,ichiban hayaku yoyaku dekiru hi wa itsu desu ka?,When is the earliest day we can make a reservation?
123,17,いちばん,,いちばん,the most; the best [A]+ が/は + いちばん,N5,48,7,⼀番美しい花が⼀番早くしおれる。,ichiban utsukushii hana ga ichiban hayaku shioreru.,The most beautiful flowers are the first to fade.
124,17,いちばん,,いちばん,the most; the best [A]+ が/は + いちばん,N5,48,8,兄弟で誰が⼀番背が⾼いですか。,kyoudai de dare ga ichiban se ga takai desu ka?,Who is the tallest among your siblings?
125,18,いっしょに,,いっしょに,together often preceded with と,N5,50,1,⼀緒に⽇本語を勉強しましょう。,isshoni nihongo o benkyou shimashou.,Let's study Japanese together.
126,18,いっしょに,,いっしょに,together often preceded with と,N5,50,2,今夜、カラオケに⼀緒に⾏こう。,"konya, karaoke ni isshoni ikou.",Let's go to karaoke together tonight.
127,18,いっしょに,,いっしょに,together often preceded with と,N5,50,3,ずっと彼と⼀緒にいたい。,zutto kare to issho ni itai.,I want to be together with him forever.
128,18,いっしょに,,いっしょに,together often preceded with と,N5,50,4,明⽇の朝、⼀緒にジムに⾏きませんか︖,"ashita no asa, issho ni jimu ni ikimasen ka?",Do you want to go to the gym together tomorrow morning?
129,18,いっしょに,,いっしょに,together often preceded with と,N5,50,5,今朝、友だちと⼀緒に図書館に⾏きました。,"kesa, tomodachi to issho ni toshokan ni ikimashita.",I went to the library together with my friend this morning.
130,18,いっしょに,,いっしょに,together often preceded with と,N5,50,6,うちの⽝と⼀緒に散歩するのが好きです。,uchi no inu to issho ni sanpo suru no ga suki desu.,I like walking together with my family's dog.
131,18,いっしょに,,いっしょに,together often preceded with と,N5,50,7,来週、家族と⼀緒に富⼠⼭を⾒に⾏くんだ。,"raishuu, kazoku to issho ni fuji san o mi ni ikunda.",Next week I'm going together with my family to see Mt. Fuji.
132,19,いつも,,いつも,always; usually; habitually Can be used mid-sentence and also to start a,N5,52,1,彼はいつも元気ですね。,kare wa itsumo genki desu ne.,He is always energetic.
133,19,いつも,,いつも,always; usually; habitually Can be used mid-sentence and also to start a,N5,52,2,妹はいつも寝ている。,imouto wa itsumo neteiru.,My younger sister is always sleeping.
134,19,いつも,,いつも,always; usually; habitually Can be used mid-sentence and also to start a,N5,52,3,いつも夜 10 時に寝ます。,itsumo yoru juuji ni nemasu.,I always go to bed at 10 o'clock.
135,19,いつも,,いつも,always; usually; habitually Can be used mid-sentence and also to start a,N5,52,4,昼ご飯はいつも納⾖を⾷べます。,hirugohan wa itsumo nattou o tabemasu.,I always have natto (fermented soybeans) for lunch.
136,19,いつも,,いつも,always; usually; habitually Can be used mid-sentence and also to start a,N5,52,5,仕事に⾏く前にいつもジムに⾏きます。,shigoto ni iku mae ni itsumo jimu ni ikimasu.,I always go to the gym before going to work.
137,19,いつも,,いつも,always; usually; habitually Can be used mid-sentence and also to start a,N5,52,6,いつも⾃転⾞で学校に来ますが今⽇は歩きました。,itsumo jitensha de gakkou ni kimasu ga kyou wa arukimashita.,"I always go to school by bike, but today I walked."
138,19,いつも,,いつも,always; usually; habitually Can be used mid-sentence and also to start a,N5,52,7,今⽇はいつもと同じ⼀⽇だった。,kyou wa itsumo to onaji ichinichi datta.,Today was a normal day as always.
139,19,いつも,,いつも,always; usually; habitually Can be used mid-sentence and also to start a,N5,52,8,君といつも⼀緒に居たい。,kimi to itsumo issho ni itai.,I want to be together with you always.
140,20,じゃない・ではない,,じゃない・ではない,to not be (am not; is not; are not) casual,N5,54,1,あなたは⼀⼈じゃない。,anata wa hitori janai.,You are not alone.
141,20,じゃない・ではない,,じゃない・ではない,to not be (am not; is not; are not) casual,N5,54,2,危険じゃないの︖,kiken janai no?,Isn't it dangerous?
142,20,じゃない・ではない,,じゃない・ではない,to not be (am not; is not; are not) casual,N5,54,3,そんなつもりじゃなかった。,sonna tsumori ja nakatta.,That wasn't my plan/intention.
143,20,じゃない・ではない,,じゃない・ではない,to not be (am not; is not; are not) casual,N5,54,4,ごめんなさい︕わざとではありませんでした。,gomennasai! wazato dewa arimasen deshita.,I'm so sorry! It wasn't intentional.
144,20,じゃない・ではない,,じゃない・ではない,to not be (am not; is not; are not) casual,N5,54,5,⾁はあまり好きじゃないです。,niku wa amari suki janai desu.,I don't really like meat.
145,20,じゃない・ではない,,じゃない・ではない,to not be (am not; is not; are not) casual,N5,54,6,若いころはやさいが好きじゃなかった。,wakai koro wa yasai ga suki janakatta.,I didn't like vegetables when I was younger.
146,20,じゃない・ではない,,じゃない・ではない,to not be (am not; is not; are not) casual,N5,54,7,私は⽇本語が上⼿ではない。,watashi wa nihongo ga jouzu dewa nai.,I am not good at Japanese (language).
147,21,か,,か,question particle end of sentence か,N5,58,1,何ですか︖,nan desu ka?,What?
148,21,か,,か,question particle end of sentence か,N5,58,2,すみません、あなたも学⽣ですか。,"sumimasen, anata mo gakusei desu ka.","Excuse me, are you also a student?"
149,21,か,,か,question particle end of sentence か,N5,58,3,あなたの名前は何ですか。,anata no namae wa nandesu ka.,What is your name?
150,21,か,,か,question particle end of sentence か,N5,58,4,元気ですか。,genki desu ka.,How are you?
151,21,か,,か,question particle end of sentence か,N5,58,5,彼は何才ですか。,kare wa nansai desu ka.,How old is he?
152,21,か,,か,question particle end of sentence か,N5,58,6,⼤丈夫ですか︖,daijoubu desu ka?,Are you alright?
153,21,か,,か,question particle end of sentence か,N5,58,7,私とお昼ご飯を⾷べませんか︖,watashi to ohiru gohan wo tabemasen ka?,Would you like to have lunch with me?
154,21,か,,か,question particle end of sentence か,N5,58,8,どうしてこのことを知らないのか︖,doushite kono koto wo shiranai no ka?,Why don't you know about this?
155,22,か〜か,,か〜か,or Verb,N5,60,1,明⽇は⾬かどうか分からない。,ashita wa ame ka dou ka wakaranai.,I'm not sure if it will rain or not tomorrow.
156,22,か〜か,,か〜か,or Verb,N5,60,2,お茶かコーヒーが飲みたい。,ocha ka koohii ga nomitai.,I would like to drink tea or coffee.
157,22,か〜か,,か〜か,or Verb,N5,60,3,当たるかはずれるか。,ataru ka hazureru ka.,Hit or miss.
158,22,か〜か,,か〜か,or Verb,N5,60,4,やるかやらないか早く決めてください。,yaru ka yaranai ka hayaku kimete kudasai.,Please hurry up and decide if you are going to do it or not.
159,22,か〜か,,か〜か,or Verb,N5,60,5,来週の⽉曜⽇か⽕曜⽇に京都に⾏きます。,raishuu no getsuyoubi ka kayoubi ni kyouto ni ikimasu.,I'm going to Kyoto next Monday or Tuesday.
160,22,か〜か,,か〜か,or Verb,N5,60,6,死ぬか⽣きるか。,shinu ka ikiru ka.,Live or die.
161,23,から,,から,because; since; from meaning 1: because; since,N5,62,1,天気がいいから、外に⾏きたい。,"tenki ga ii kara, soto ni ikitai.","Since the weather is nice, I want to go outside."
162,23,から,,から,because; since; from meaning 1: because; since,N5,62,2,私はすぐ戻るから、ここでちょっと待ってください。,"watashi wa sugu modoru kara, koko de chotto matte kudasai.","I'll return shortly, so please wait here just a moment."
163,23,から,,から,because; since; from meaning 1: because; since,N5,62,3,これからもよろしくお願いします。,kore kara mo yoroshiku onegaishimasu.,"From now on, let's have a good relationship (I'll be counting on you)."
164,23,から,,から,because; since; from meaning 1: because; since,N5,62,4,ここからあの駅まで歩いてどれぐらいかかりますか︖,koko kara ano eki made aruite dore gurai kakarimasuka?,How long does it talk to walk from here to that station?
165,23,から,,から,because; since; from meaning 1: because; since,N5,62,5,お店は何時から何時まで開いていますか︖,omise wa nanji kara nanji made aiteimasu ka?,What are the shop's opening hours?
166,24,かた,,かた,the way of doing something; how to do,N5,66,1,パソコンの使いかたがわかりません。,pasokon no tsukai kata ga wakarimasen.,I don't know how to use a computer.
167,24,かた,,かた,the way of doing something; how to do,N5,66,2,ケーキの作り⽅を知っていますか︖,keeki no tsukuri kata o shitteimasu ka?,Do you know how to make a cake?
168,24,かた,,かた,the way of doing something; how to do,N5,66,3,おはしの使い⽅が上⼿ですね。,ohashi no tsukai kata ga jouzu desu ne.,You're very good at using chopsticks (you will be told this all the time in Japan)
169,24,かた,,かた,the way of doing something; how to do,N5,66,4,あの先⽣の教え⽅はとてもわかりやすいです。,ano sensei no oshie kata wa totemo wakari yasui desu.,That teacher's way of teaching is very easy to understand
170,24,かた,,かた,the way of doing something; how to do,N5,66,5,彼の⽣き⽅は、かっこいいです。,"kare no iki kata wa, kakkoii desu.",His way of living is really cool.
171,24,かた,,かた,the way of doing something; how to do,N5,66,6,この漢字の読み⽅を教えてください。,kono kanji no yomi kata o oshiete kudasai.,Please teach me how to read this kanji character.
172,25,けど,,けど,but; however; although Use between 2 contradicting ideas,N5,68,1,仕事は⾟いけど楽しい。,shigoto wa tsurai kedo tanoshii.,"Work is tough, but fun."
173,25,けど,,けど,but; however; although Use between 2 contradicting ideas,N5,68,2,⾦はないけど夢はある。,kane wa nai kedo yume wa aru.,"I don't have money, but I have dreams."
174,25,けど,,けど,but; however; although Use between 2 contradicting ideas,N5,68,3,スポーツは上⼿じゃないけど、好きです。,"supootsu wa jouzu janai kedo, suki desu.","I'm not good at sports, but I like them."
175,25,けど,,けど,but; however; although Use between 2 contradicting ideas,N5,68,4,悪いけど、明⽇のパーティーに⾏けません。,"warui kedo, ashita no paatii ni ikemasen.","Sorry, but I can't make it to tomorrow's party."
176,25,けど,,けど,but; however; although Use between 2 contradicting ideas,N5,68,5,眠いけど、まだ宿題があるから寝られません。,"nemui kedo, mada shukudai ga aru kara neraremasen.","I'm sleepy, but I still have homework to do so I can't go to sleep yet."
177,25,けど,,けど,but; however; although Use between 2 contradicting ideas,N5,68,6,たくさん勉強したけど、テストの点はよくないでした。,"takusan benkyou shita kedo, tesuto no ten wa yokunai deshita.","Although I studied a lot, my test score wasn't very good."
178,25,けど,,けど,but; however; although Use between 2 contradicting ideas,N5,68,7,泣いたけど後悔はしていません。,naita kedo koukai wa shiteimasen.,"I cried, but I don't regret it."
179,25,けど,,けど,but; however; although Use between 2 contradicting ideas,N5,68,8,家賃は⾼いけどこのマンションが⼤好きです。,yachin wa takai kedo kono manshon ga daisuki desu.,"The rent is a bit expensive, but I love this apartment."
180,26,けれども,,けれども,but; however; although Use between 2 contradicting ideas,N5,70,1,このカメラは⾼かったけれど、すぐ壊れてしまいました。,"kono kamera wa takaaktta keredo, sugu kowarete shimaimashita.","This camera was really expensive, but it broke right away."
181,26,けれども,,けれども,but; however; although Use between 2 contradicting ideas,N5,70,2,外は暑いけれど、家の中は暖かいです。,"soto wa atsui keredo, ie no naka wa atatakai desu.","It’s cold outside, but inside the house it is warm."
182,26,けれども,,けれども,but; however; although Use between 2 contradicting ideas,N5,70,3,眠いけれど、まだ宿題があるから寝られません。,"nemui keredo, mada shukudai ga aru kara neraremasen.",I'm sleepy but still have homework to do so I can't go to bed yet.
183,26,けれども,,けれども,but; however; although Use between 2 contradicting ideas,N5,70,4,雪が降っているけれども、スーパーに⾏きます。,"yuki ga futteiru keredo mo, suupaa ni ikimasu.","Although it is snowing outside, I'm going to the grocery store."
184,26,けれども,,けれども,but; however; although Use between 2 contradicting ideas,N5,70,5,お⾦はあまり持っていません。けれども、毎⽇幸せです。,"okane wa amari motteimasen. keredo mo, mainichi shiawase desu.",I don't have much money.. But every day I am happy.
185,26,けれども,,けれども,but; however; although Use between 2 contradicting ideas,N5,70,6,先⽣はクラスでは厳しいけれど、クラスの外ではやさしいです。,"sensei wa kurasu de wa kibishii keredo, kurasu no soto de wa yasashii desu.","My teacher is really strict in class, but outside of class they are very kind."
186,26,けれども,,けれども,but; however; although Use between 2 contradicting ideas,N5,70,7,彼は若いけれども経験がある。,kare wa wakai keredo mo keiken ga aru.,"Although he's young, he's got experience."
187,26,けれども,,けれども,but; however; although Use between 2 contradicting ideas,N5,70,8,列⾞が遅れたけれども、なんとか間に合った。,"ressha ga okureta keredo mo, nanto ka mani atta.",Although our train was late we somehow still made it in time.
188,27,まだ,,まだ,still; not yet Verb (ている),N5,72,1,まだですか︖,mada desu ka?,Is it ready yet? / are we there yet? / Still...?
189,27,まだ,,まだ,still; not yet Verb (ている),N5,72,2,or a noun,,Example A) Verb まだ寝ているの︖ mada neteiru no? You’re still sleeping? Example B) Noun まだ⾼校⽣です。 mada koukou sei desu. I’m still a high school student. まだまだ can also be used for extra emphasis. Example Sentences
190,27,まだ,,まだ,still; not yet Verb (ている),N5,72,3,先⽣はまだ来ていない。,sensei wa mada kiteinai.,Our teacher still hasn't come.
191,27,まだ,,まだ,still; not yet Verb (ている),N5,72,4,もう 10 時ですが弟がまだ寝ている。,mou juuji desu ga otou to ga mada neteiru.,"It's already 10 am, but my younger brother is still sleeping."
192,27,まだ,,まだ,still; not yet Verb (ている),N5,72,5,まだ 1 時間もあるよ。,mada ichijikan mo aru yo.,We still have one hour.
193,27,まだ,,まだ,still; not yet Verb (ている),N5,72,6,あきらめるのはまだ早い︕,akirameru no wa mada hayai!,It's still too early to give up!
194,27,まだ,,まだ,still; not yet Verb (ている),N5,72,7,私は宿題がまだ終わっていません。,watashi wa shukudai ga mada owatteimasen.,I still haven't finished with my homework.
195,28,まだ〜ていません,,まだ〜ていません,have not yet Verb (てない) *spoken,N5,74,1,バスはまだ来ていません。,basu wa mada kiteimasen.,The bus still hasn't come.
196,28,まだ〜ていません,,まだ〜ていません,have not yet Verb (てない) *spoken,N5,74,2,まだ、決まっていません。,"mada, kimatteimasen.",It hasn't been decided yet.
197,28,まだ〜ていません,,まだ〜ていません,have not yet Verb (てない) *spoken,N5,74,3,私はまだ朝ごはんを⾷べていません。,watashi wa mada asagohan o tabete imasen.,I still haven't eaten breakfast yet.
198,28,まだ〜ていません,,まだ〜ていません,have not yet Verb (てない) *spoken,N5,74,4,今週の新しい単語をまだ覚えていません。,konshuu no atarashii tango o mada oboete imasen.,I still haven't memorized this week's new vocabulary.
199,28,まだ〜ていません,,まだ〜ていません,have not yet Verb (てない) *spoken,N5,74,5,⽗はまだ帰ってきていない。,chichi wa mada kaette kiteinai.,My father still hasn't come home yet.
200,28,まだ〜ていません,,まだ〜ていません,have not yet Verb (てない) *spoken,N5,74,6,まだ宿題をやっていない。,mada shukudai o yatte inai.,I haven't done my homework yet.
201,28,まだ〜ていません,,まだ〜ていません,have not yet Verb (てない) *spoken,N5,74,8,俺はまだあきらめてないんだぞ。,ore wa mada akiramete nai n dazo.,I haven't given up yet!
202,28,まだ〜ていません,,まだ〜ていません,have not yet Verb (てない) *spoken,N5,74,9,私の知っている限りでは、彼⼥はまだ結婚していません。,"watashi no shitteiru kagiri dewa, kanojo wa mada kekkon shiteimasen.",As far as I know she's still not married.
203,29,まで,,まで,until ~; as far as ~; to (an extent); even ~ Noun まで,N5,76,1,昨⽇までお休みでした。,kinou made o yasumi deshita.,I was on vacation until yesterday.
204,29,まで,,まで,until ~; as far as ~; to (an extent); even ~ Noun まで,N5,76,2,ここからそこまでは遠いですよ。,koko kara soko made wa tooi desu yo.,That's really far from here!
205,29,まで,,まで,until ~; as far as ~; to (an extent); even ~ Noun まで,N5,76,3,駅まで⾏きたいんですが、どう⾏ったらいいですか。,"eki made ikitai ndesu ga, dou ittara ii desu ka.",How can I get to the station?
206,29,まで,,まで,until ~; as far as ~; to (an extent); even ~ Noun まで,N5,76,4,最後までがんばってね︕,saigo made ganbatte ne!,Do your best all the way until the end!
207,29,まで,,まで,until ~; as far as ~; to (an extent); even ~ Noun まで,N5,76,5,家まで⾞で送ります。,ie made kuruma de okurimasu.,I'll take you home by car.
208,29,まで,,まで,until ~; as far as ~; to (an extent); even ~ Noun まで,N5,76,6,朝から夜までずっとかんじを勉強しました。,asa kara yoru made zutto kanji o benkyou shimashita.,I studied kanji all day from morning until night.
209,29,まで,,まで,until ~; as far as ~; to (an extent); even ~ Noun まで,N5,76,7,お店は何時から何時まで開いていますか︖,omise wa nanji kara nanji made aiteimasu ka?,What are the shop's opening hours?
210,29,まで,,まで,until ~; as far as ~; to (an extent); even ~ Noun まで,N5,76,8,先⽣、何時まで学校にいらっしゃいますか。,"sensei, nanji made gakkou ni irasshaimasu ka.","Teacher, until what time will you be at school?"
211,29,まで,,まで,until ~; as far as ~; to (an extent); even ~ Noun まで,N5,76,10,⾬が降っているよ。駅まで送ってあげようか︖,ame ga futte iru yo. eki made okutte ageyou ka?,It's raining.. Shall I give you a lift to the station?
212,30,前に,まえに,前に (まえに),before ~; in front of ~ Verb (dictionary form),N5,78,1,ドアを開ける前にノックぐらいしてください。,doa o akeru mae ni nokku gurai shite kudasai.,"Before opening the door, please at least knock first."
213,30,前に,まえに,前に (まえに),before ~; in front of ~ Verb (dictionary form),N5,78,2,コンビニの前にじてんしゃがたくさんあります。,konbini no mae ni jitensha ga takusan arimasu.,There are many bicycles in front of the convenience store.
214,30,前に,まえに,前に (まえに),before ~; in front of ~ Verb (dictionary form),N5,78,3,旅⾏の前に切符を買っておきます。,ryokou no mae ni kippu o katte okimasu.,I will buy the tickets before the trip.
215,30,前に,まえに,前に (まえに),before ~; in front of ~ Verb (dictionary form),N5,78,4,ご飯の前に⼿を洗いましょう。,gohan no mae ni te o araimashou.,let's make sure to wash our hands before eating.
216,30,前に,まえに,前に (まえに),before ~; in front of ~ Verb (dictionary form),N5,78,5,テストの前に⼀⽣懸命勉強しました。,tesuto no mae ni isshokenmei benkyou shimashita.,I studied like crazy before the test.
217,30,前に,まえに,前に (まえに),before ~; in front of ~ Verb (dictionary form),N5,78,6,⼤学を卒業する前に留学したいな。,daigaku o sotsugyou suru mae ni ryuugaku shitai na.,I really want to study abroad sometime before I graduate university.
218,30,前に,まえに,前に (まえに),before ~; in front of ~ Verb (dictionary form),N5,78,8,寝る前に、⻭みがきを忘すれないでね。,"neru mae ni, hamigaki o wasurenai de ne.",Don't forget to brush your teeth before you go to bed.
219,30,前に,まえに,前に (まえに),before ~; in front of ~ Verb (dictionary form),N5,78,9,試合の前にまだ⼀週間があるのでもっと練習しょう。,shiai no mae ni mada isshukan ga aru node motto renshuu shiyou.,We still have a week to go before the game so let's practice some more.
220,30,前に,まえに,前に (まえに),before ~; in front of ~ Verb (dictionary form),N5,78,10,私たちの学校の前には美しい公園があります。,watashi tachi no gakkou no mae ni wa utsukushii kouen ga arimasu.,There is a beautiful park in front of our school.
221,31,ませんか,,ませんか,would you; do you want to; shall we~ Verb (polite negative) + か,N5,80,1,今⽇⼀緒に⾷べませんか︖,kyou isshoni tabemasen ka?,Do you want to eat together today?
222,31,ませんか,,ませんか,would you; do you want to; shall we~ Verb (polite negative) + か,N5,80,2,うちで映画を⾒ませんか。,uchi de eiga o mimasen ka.,Do you want to watch a movie at my place?
223,31,ませんか,,ませんか,would you; do you want to; shall we~ Verb (polite negative) + か,N5,80,3,お茶にしませんか︖,ocha ni shimasen ka?,Would you care for some tea?
224,31,ませんか,,ませんか,would you; do you want to; shall we~ Verb (polite negative) + か,N5,80,4,⽇曜⽇にテニスをしませんか。,nichiyoubi ni tenisu o shimasen ka.,Do you want to play tennis on Sunday?
225,31,ませんか,,ませんか,would you; do you want to; shall we~ Verb (polite negative) + か,N5,80,5,明⽇⾃転⾞で学校へ⾏きませんか︖,ashita jitensha de gakkou e ikimasen ka?,Do you want to go to school tomorrow by bike?
226,31,ませんか,,ませんか,would you; do you want to; shall we~ Verb (polite negative) + か,N5,80,6,もう暗くなりました。家へ帰りませんか。,mou kuraku narimashita. ie e kaerimasen ka?,It's gotten dark already.. Shall we head home?
227,31,ませんか,,ませんか,would you; do you want to; shall we~ Verb (polite negative) + か,N5,80,7,写真をとってくれませんか︖,shashin o totte kuremasen ka?,Would you mind taking a photo?
228,31,ませんか,,ませんか,would you; do you want to; shall we~ Verb (polite negative) + か,N5,80,8,私の仕事を⼿伝ってくれませんか。,watashi no shigoto o tetsu datte kuremasen ka.,Would you mind helping me with my work?
229,32,ましょう,,ましょう,let's ~; shall we ~ Verb ます (stem form) ましょう,N5,82,1,⾏きましょう︕,iki mashou!,Let's go!
230,32,ましょう,,ましょう,let's ~; shall we ~ Verb ます (stem form) ましょう,N5,82,2,駅で会いましょう︕,eki de ai mashou!,Let's meet at the station!
231,32,ましょう,,ましょう,let's ~; shall we ~ Verb ます (stem form) ましょう,N5,82,3,もうご飯の時間だよ、早く⾷べましょう︕,"mou gohan no jikan dayo, hayaku tabe mashou!","It's already dinner time, let's hurry up and eat!"
232,32,ましょう,,ましょう,let's ~; shall we ~ Verb ます (stem form) ましょう,N5,82,4,帰る前に教室をきれいにしましょう。,kaeru mae ni kyoushitsu o kirei ni shi mashou.,"Before we go home, let's clean up the classroom."
233,32,ましょう,,ましょう,let's ~; shall we ~ Verb ます (stem form) ましょう,N5,82,5,⼀緒に⽇本語を勉強しましょう︕,isshoni nihongo o benkyou shi mashou!,Let's study Japanese together!
234,32,ましょう,,ましょう,let's ~; shall we ~ Verb ます (stem form) ましょう,N5,82,6,もう暗くなったから、帰りましょう。,"mou kurakunattakara, kaeri mashou.","It's gotten dark already, so let's head home."
235,32,ましょう,,ましょう,let's ~; shall we ~ Verb ます (stem form) ましょう,N5,82,7,来週、すしを⾷べに⾏きましょうよ︕,"raishuu, sushi o tabe ni iki mashou yo!",Let's go out to eat some sushi next week!
236,32,ましょう,,ましょう,let's ~; shall we ~ Verb ます (stem form) ましょう,N5,82,9,電気をつけて、部屋を明るくしましょう。,"denki o tsukete, heya o akaruku shi mashou.",Let's turn on the lights and make the room brighter.
237,32,ましょう,,ましょう,let's ~; shall we ~ Verb ます (stem form) ましょう,N5,82,10,決める前にもっとデータを収集しましょう。,kimeru mae ni motto deeta o shuushuu shi mashou.,"Before we decide, let's gather some more data."
238,33,ましょうか,,ましょうか,shall I ~; used to offer help to the listener Verb ます (stem form) ましょうか,N5,84,1,マドを開けましょうか。,mado o ake mashouka?,Shall I open the window?
239,33,ましょうか,,ましょうか,shall I ~; used to offer help to the listener Verb ます (stem form) ましょうか,N5,84,2,⼿伝いましょうか。,tetsudai mashouka?,Do you want some help?
240,33,ましょうか,,ましょうか,shall I ~; used to offer help to the listener Verb ます (stem form) ましょうか,N5,84,3,荷物を持ちましょうか。,nimotsu o mochi mashouka?,Shall I help carry your luggage?
241,33,ましょうか,,ましょうか,shall I ~; used to offer help to the listener Verb ます (stem form) ましょうか,N5,84,4,タクシーを呼びましょうか。,takushii o yobi mashouka?,Shall I call a taxi for you?
242,33,ましょうか,,ましょうか,shall I ~; used to offer help to the listener Verb ます (stem form) ましょうか,N5,84,5,私がお⽫を洗いましょうか︖,watashi ga osara o arai mashouka?,Shall I wash the dishes?
243,33,ましょうか,,ましょうか,shall I ~; used to offer help to the listener Verb ます (stem form) ましょうか,N5,84,6,写真を取りましょうか。,shashin o tori mashouka?,Shall I take a picture for you?
244,33,ましょうか,,ましょうか,shall I ~; used to offer help to the listener Verb ます (stem form) ましょうか,N5,84,7,サラダを作りましょうか︖,sarada o tsukuri mashouka?,Shall I make a salad?
245,34,も,,も,too; also; as well Noun + も,N5,86,1,私もできる。,watashi mo dekiru.,I can do that too.
246,34,も,,も,too; also; as well Noun + も,N5,86,2,⽢いものも⾟いものも好きです。,amai mono mo karai mono mo suki desu.,I like sweets as well as spicy foods.
247,34,も,,も,too; also; as well Noun + も,N5,86,3,カラオケにはみんなが来ました。先⽣も来ました。,karaoke ni wa minna ga kimashita. sensei mo kimashita.,Everyone came to sing karaoke. Our teacher came too.
248,34,も,,も,too; also; as well Noun + も,N5,86,4,私は⽇本語も英語もベトナム語も話せます。,watashi wa nihongo mo eigo mo betonamugo mo hanasemasu.,"I can speak English, Japanese, as well as Vietnamese."
249,34,も,,も,too; also; as well Noun + も,N5,86,5,あなたもお腹が空いたでしょう︖,anata mo onaka ga suita deshou.,"You are probably hungry too, aren't you?"
250,34,も,,も,too; also; as well Noun + も,N5,86,6,私も⽇本語を勉強していますよ︕,watashi mo nihongo o benkyou shiteimasu yo!,I'm studying Japanese too!
251,34,も,,も,too; also; as well Noun + も,N5,86,7,私の妻も⼦どもも来ます。,watashi no tsuma mo kodomo mo kimasu.,My wife and children will come too.
252,34,も,,も,too; also; as well Noun + も,N5,86,8,私も⽇本で留学したことがあります。,watashi mo nihon de ryuugaku shita koto ga arimasu.,I've also studied abroad in Japan before.
253,34,も,,も,too; also; as well Noun + も,N5,86,9,仕事に⾏くとき、⾃転⾞も電⾞も使っています。,"shigoto ni iku toki, jitensha mo densha mo tsukatteimasu.",When I go to work I use both my bike and the train.
254,35,もう,,もう,already; anymore; again; other See examples below,N5,88,1,もう昼ご飯の時間だ。早く⾷べましょう︕,mou hiru gohan no jikan da. hayaku tabe mashou!,"It's lunch time already, let's hurry up and eat."
255,35,もう,,もう,already; anymore; again; other See examples below,N5,88,2,宿題はもう終わった︖,shukudai wa mou owatta?,Did you already finish your homework?
256,35,もう,,もう,already; anymore; again; other See examples below,N5,88,3,ビールもう⼀杯ください︕,biiru mou ippai kudasai!,One more beer please!
257,35,もう,,もう,already; anymore; again; other See examples below,N5,88,4,express irritation,,Meaning 1) already もう Usually used with time or age. もう9時だ。 mou ku ji da. It’s already 9 o’clock. Meaning 2) (not) anymore もう Used with a negative sentence. もう⾏かない。 mou ikanai. I’m not going to go anymore.
258,35,もう,,もう,already; anymore; again; other See examples below,N5,88,5,もう少し待ってください。,mou sukoshi matte kudasai.,Please wait a little while longer.
259,35,もう,,もう,already; anymore; again; other See examples below,N5,88,6,コーヒーはもう飲まないことにしました。,koohii wa mou nomanai koto ni shimashita.,I've decided to not drink coffee anymore.
260,35,もう,,もう,already; anymore; again; other See examples below,N5,88,7,もうこの暑さには、耐えられない。,"mou kono atsusa ni wa, taerarenai.",I can't handle this heat anymore.
261,35,もう,,もう,already; anymore; again; other See examples below,N5,88,8,もう我慢できない。,mou gaman dekinai.,I can't take it anymore.
262,35,もう,,もう,already; anymore; again; other See examples below,N5,88,9,もう 10 時ですが、彼はまだ寝ています。,"mou juuji desu ga, kare wa mada neteimasu.","It's already 10 o'clock, but he's still sleeping."
263,35,もう,,もう,already; anymore; again; other See examples below,N5,88,10,彼⼥と結婚してから、もう５年になります。,"kanojo to kekkon shite kara, mou 5 nen ni narimasu.",It will already be 5 years since I married her.
264,37,なあ,,なあ,sentence ending particle; confirmation; end of sentence + な(あ),N5,93,1,たくさんの⼈がいるなあ。,takusan no hito ga iru naa.,"Wow, there's a lot of people here."
265,37,なあ,,なあ,sentence ending particle; confirmation; end of sentence + な(あ),N5,93,2,これ、美味しいなあ。,"kore, oishii naa.",This is really delicious.
266,37,なあ,,なあ,sentence ending particle; confirmation; end of sentence + な(あ),N5,93,3,暑くなってきたなあ。,atsu ku natte kita naa.,It's starting to get hotter.
267,37,なあ,,なあ,sentence ending particle; confirmation; end of sentence + な(あ),N5,93,4,それは本当かな。,sore wa hontou kana.,I wonder if that's true..
268,37,なあ,,なあ,sentence ending particle; confirmation; end of sentence + な(あ),N5,93,5,明⽇は晴れるかなあ。,ashita wa hareru kanaa.,I wonder if the weather will clear up tomorrow.
269,37,なあ,,なあ,sentence ending particle; confirmation; end of sentence + な(あ),N5,93,6,トイレはどこかな。,toire wa doko kana.,I wonder where the restroom is..
270,37,なあ,,なあ,sentence ending particle; confirmation; end of sentence + な(あ),N5,93,7,頭が痛いな。,atama ga itai na.,I've got a headache..
271,37,なあ,,なあ,sentence ending particle; confirmation; end of sentence + な(あ),N5,93,8,新し⾃転⾞が欲しいな〜。,atarashii jitensha ga hoshii naa.,I really want a new bicycle..
272,37,なあ,,なあ,sentence ending particle; confirmation; end of sentence + な(あ),N5,93,9,あなたは全部⼀⼈で作りましたか︖すごいなあ︕,anata wa zenbu hitori de tsukuri mashita ka? Sugoi naa!,You made all of this by yourself? That's too awesome!
273,38,ないで,,ないで,without doing~ ; To do [B] without doing [A] Verb (ない form) + で 2nd action,N5,95,1,コーヒーには、いつもさとうを⼊れないで飲みます。,"koohii ni wa, itsumo satou o irenaide nomimasu.",I always drink coffee without putting any sugar in it.
274,38,ないで,,ないで,without doing~ ; To do [B] without doing [A] Verb (ない form) + で 2nd action,N5,95,2,彼⼥はカサを持たないで出てしまった。,kanojo wa kasa o mota naide deteshimatta.,She left without bringing an umbrella.
275,38,ないで,,ないで,without doing~ ; To do [B] without doing [A] Verb (ない form) + で 2nd action,N5,95,3,昨⽇は疲れていて、電気を消さないで寝てしまった。,"kinou wa tsukarete ite, denki o kesanaide nete shimatta.",Yesterday I was so tired I fell asleep without turning off the lights.
276,38,ないで,,ないで,without doing~ ; To do [B] without doing [A] Verb (ない form) + で 2nd action,N5,95,4,今朝、朝ごはんを⾷べないで仕事に来ました。,"kesa, asa gohan o tabenaide shigoto ni kimashita.",I came to work today without eating any breakfast.
277,38,ないで,,ないで,without doing~ ; To do [B] without doing [A] Verb (ない form) + で 2nd action,N5,95,5,昨⽇、お⾵呂に⼊らないで寝てしまった。,"kinou, ofuro ni haira naide neteshimatta.",I went to bed yesterday without taking a bath/shower.
278,38,ないで,,ないで,without doing~ ; To do [B] without doing [A] Verb (ない form) + で 2nd action,N5,95,6,明⽇は試験なので、今夜は寝ないで勉強します。,"ashita wa shiken nanode, konya wa ne naide benkyou shimasu.","Tomorrow is test day, so I'm gonna stay up all night and study without sleep."
279,38,ないで,,ないで,without doing~ ; To do [B] without doing [A] Verb (ない form) + で 2nd action,N5,95,7,最近、涼しいのでエアコンをつけないで寝ます。,"saikin, suzushii no de, eakon o tsuke naide nemasu.","Lately it's pretty cool, so I go to sleep without using the AC."
280,38,ないで,,ないで,without doing~ ; To do [B] without doing [A] Verb (ない form) + で 2nd action,N5,95,8,朝ごはんを⾷べないで学校に来たから、お腹がすいた。,"asagohan o tabenaide gakkou ni kita kara, onaka ga suita.","I came to school without eating breakfast, so I'm pretty hungry."
281,39,ないでください,,ないでください,please don't do Verb (ない form) + で ください,N5,97,1,泣かないでください。,nakanaide kudasai,Please don't cry.
282,39,ないでください,,ないでください,please don't do Verb (ない form) + で ください,N5,97,2,このパソコンを使わないでください。,kono pasokon o tsukawanaide kudasai.,Please don't use this computer.
283,39,ないでください,,ないでください,please don't do Verb (ない form) + で ください,N5,97,3,明⽇の予定を忘れないでください。,ashita no yotei o wasure naide kudasai.,Don't forget about our plans tomorrow!
284,39,ないでください,,ないでください,please don't do Verb (ない form) + で ください,N5,97,4,私のことを⼼配しないでください。,watashi no koto o shinpai shi naide kudasai.,Please don't worry about me.
285,39,ないでください,,ないでください,please don't do Verb (ない form) + で ください,N5,97,5,道の邪魔をしないでください。,michi no jama o shi naide kudasai,Please don't block the street.
286,39,ないでください,,ないでください,please don't do Verb (ない form) + で ください,N5,97,6,事務所で⾷べないでください。,jimusho de tabe naide kudasai.,Please don't eat in the office.
287,39,ないでください,,ないでください,please don't do Verb (ない form) + で ください,N5,97,7,⼀⼈にしたいからここに来ないでください。,hitori ni shitai kara koko ni ko naide kudasai.,"I want to be alone, so please don't come over here."
288,40,なくてもいい,,なくてもいい,don't have to Verb (ない form) ない くてもいい,N5,99,1,明⽇は休みだから、学校に⾏かなくてもいい。,"ashita wa yasumi dakara, gakkou ni ikanaku temoii.","Tomorrow is a day off, so I don't need to go to school."
289,40,なくてもいい,,なくてもいい,don't have to Verb (ない form) ない くてもいい,N5,99,2,空港まで来なくてもいいよ。,kuukou made konaku temo ii yo.,You don't have to come all the way to the airport.
290,40,なくてもいい,,なくてもいい,don't have to Verb (ない form) ない くてもいい,N5,99,3,好きじゃないなら、⾷べなくてもいいですよ。,"suki janai nara, tabenaku temo ii desu yo.","If you don't like it, you don't need to eat it."
291,40,なくてもいい,,なくてもいい,don't have to Verb (ない form) ない くてもいい,N5,99,4,来なくてもいいですよ。私⼀⼈で⾏くから。,konaku temo ii desu yo. watashi hitori de iku kara.,You don't need to come. I'll go by myself.
292,40,なくてもいい,,なくてもいい,don't have to Verb (ない form) ない くてもいい,N5,99,5,無理しなくてもいいですよ。,muri shinaku temo ii desu yo.,You don't need to push yourself too hard.
293,40,なくてもいい,,なくてもいい,don't have to Verb (ない form) ない くてもいい,N5,99,6,明⽇は授業がないから⼤学に⾏かなくてもいいです。,ashita wa juugyou ga nai kara daigaku ni ikanaku temo ii desu.,I have no classes tomorrow so I don't need to go to university (campus).
294,40,なくてもいい,,なくてもいい,don't have to Verb (ない form) ない くてもいい,N5,99,7,時間がまだいっぱいあるから、そんなに急がなくていいよ。,"jikan ga mada ippai aru kara, sonna ni isoganakute ii yo.","There's still a bunch of time, so you don't need to rush."
295,40,なくてもいい,,なくてもいい,don't have to Verb (ない form) ない くてもいい,N5,99,8,外⾷しなくていいよ。家で⾷べましょう。,gaishoku shinakute ii yo. ie de tabemashou.,We don't need to eat out. Let's eat something at home.
296,40,なくてもいい,,なくてもいい,don't have to Verb (ない form) ない くてもいい,N5,99,9,その本はあげるよ，返してくれなくてもいいからね。,"sono hon wa ageru yo, kaeshite kurenaku temo ii kara ne.","I'll give you that book, you don't need to return it."
297,40,なくてもいい,,なくてもいい,don't have to Verb (ない form) ない くてもいい,N5,99,10,⼩学⽣以下はお⾦を払わなくてもいいです。,shougakusei ika wa okane o harawanaku temo ii desu.,Elementary school kids and younger do not need to pay.
298,41,なくちゃ,,なくちゃ,must do; need to; gotta do,N5,101,1,⾏かなくちゃ。,ika nakucha.,I gotta go.
299,41,なくちゃ,,なくちゃ,must do; need to; gotta do,N5,101,2,もう寝なくちゃ。,mou ne nakucha.,I have to go to bed already.
300,41,なくちゃ,,なくちゃ,must do; need to; gotta do,N5,101,3,新しい⾞を買わなくちゃね。,atarashii kuruma o kawa nakucha ne.,You need to buy a new car..
301,41,なくちゃ,,なくちゃ,must do; need to; gotta do,N5,101,4,よく考えなくちゃダメだよ。,yoku kangae nakucha dame dayo.,You need to think carefully about this.
302,41,なくちゃ,,なくちゃ,must do; need to; gotta do,N5,101,5,君でなくちゃダメなんだ。,kimi de nakucha dame nanda.,It has to be you!
303,41,なくちゃ,,なくちゃ,must do; need to; gotta do,N5,101,6,彼は返さなくちゃいけない借⾦がある,kare wa kaesa nakucha ikenai shakkin ga aru.,He has loans that need to be paid back.
304,41,なくちゃ,,なくちゃ,must do; need to; gotta do,N5,101,7,なんで僕がやらなくちゃいけないの。,nande boku ga yara nakucha ikenai no.,Why do I have to do this?
305,41,なくちゃ,,なくちゃ,must do; need to; gotta do,N5,101,8,すぐに警察に連絡しなくちゃいけません。,sugu ni keisatsu ni renraku shi nakucha ikemasen.,We have to contact the police right away!
306,41,なくちゃ,,なくちゃ,must do; need to; gotta do,N5,101,9,世話しなくちゃならない⼦供がいる。,sewa shi nakucha naranai kodomo ga iru.,I've got kids I need to take care of.
307,41,なくちゃ,,なくちゃ,must do; need to; gotta do,N5,101,10,ごめんなさい。早く帰らなくちゃなりません。,gomennasai. hayaku kaera nakucha narimasen.,"I'm sorry, I have to head home right away."
308,42,なくてはいけない,,なくてはいけない,must do; need to do,N5,104,1,本当にすぐ⾏かなくてはいけない。,hontouni sugu ika nakute wa ikenai.,I really have to go now.
309,42,なくてはいけない,,なくてはいけない,must do; need to do,N5,104,2,急がなくてはいけない。,isoga nakute wa ikenai.,I have to hurry.
310,42,なくてはいけない,,なくてはいけない,must do; need to do,N5,104,3,もう 10 時だ。寝なくてはいけない。,mou juu ji da. ne nakute wa ikenai.,It's already 10 o'clock. I must go to sleep.
311,42,なくてはいけない,,なくてはいけない,must do; need to do,N5,104,4,⽇本語をもっと勉強しなくてはいけない。,nihongo o motto benkyou shi nakute wa ikenai.,I really need to study Japanese more.
312,42,なくてはいけない,,なくてはいけない,must do; need to do,N5,104,5,花の⽔やりをしなくてはいけません。,hana no mizu yari o shi nakute wa ikemasen.,You must water the flowers.
313,42,なくてはいけない,,なくてはいけない,must do; need to do,N5,104,6,明⽇、早く起きなくてはいけません。,"ashita, hayaku oki nakute wa ikemasen.",I have to get up early tomorrow.
314,42,なくてはいけない,,なくてはいけない,must do; need to do,N5,104,7,野菜を⾷べなくてはいけませんよ。,yasai o tabe nakute wa ikemasen yo.,You must eat your vegetables!
315,42,なくてはいけない,,なくてはいけない,must do; need to do,N5,104,9,もう帰らなくてはいけません。,mou kaera nakute wa ikemasen.,I must be heading back now.
316,42,なくてはいけない,,なくてはいけない,must do; need to do,N5,104,10,⽇本語⼒を上達させなくてはいけません。,nihongoryoku o joutatsu sase nakute wa ikemasen.,I have to improve my Japanese language abilities.
317,43,なくてはならない,,なくてはならない,must do; need to do,N5,106,1,急がなくてはならない。,isoga nakute wa naranai.,I have to hurry.
318,43,なくてはならない,,なくてはならない,must do; need to do,N5,106,2,本当にすぐ⾏かなくてはならない。,hontouni sugu ika nakute wa naranai.,I really have to go now.
319,43,なくてはならない,,なくてはならない,must do; need to do,N5,106,3,もう 10 時だ。寝なくてはならない。,mou juu ji da. ne nakute wa naranai.,It's already 10 o'clock. I must go to sleep.
320,43,なくてはならない,,なくてはならない,must do; need to do,N5,106,4,⽇本語をもっと勉強しなくてはいけない。,nihongo o motto benkyou shi nakute wa naranai.,I really need to study Japanese more.
321,43,なくてはならない,,なくてはならない,must do; need to do,N5,106,5,花の⽔やりをしなくてはなりません。,hana no mizu yari o shi nakute wa narimasen.,You must water the flowers.
322,43,なくてはならない,,なくてはならない,must do; need to do,N5,106,6,明⽇、早く起きなくてはなりません。,"ashita, hayaku oki nakute wa narimasen.",I have to get up early tomorrow.
323,43,なくてはならない,,なくてはならない,must do; need to do,N5,106,7,野菜を⾷べなくてはなりませんよ。,yasai o tabe nakute wa narimasen yo.,You must eat your vegetables!
324,43,なくてはならない,,なくてはならない,must do; need to do,N5,106,8,⽇本語能⼒試験を受けなくてはなりません。,nihongo nouryoku shiken o uke nakute wa narimasen.,I have to take the Japanese language proficiency test.
325,43,なくてはならない,,なくてはならない,must do; need to do,N5,106,9,もう帰らなくてはなりません。,mou kaera nakute wa narimasen.,I must be heading back now.
326,43,なくてはならない,,なくてはならない,must do; need to do,N5,106,10,⽇本語⼒を上達させなくてはなりません。,nihongoryoku o joutatsu sase nakute wa narimasen.,I have to improve my Japanese language abilities.
327,44,なる,,なる,to become Noun,N5,108,1,⼤きくなっているね︕,ookiku natteiru ne!,You're getting bigger!
328,44,なる,,なる,to become Noun,N5,108,2,今⽇は暑くなるようだ。,kyou wa atsuku naru you da.,It looks like it will get hot today.
329,44,なる,,なる,to become Noun,N5,108,3,今年、私は２０歳になります。,"kotoshi, watashi wa hatachi ni narimasu.",This year I will turn 20 years old (become an adult in Japan).
330,44,なる,,なる,to become Noun,N5,108,4,暗くなる前に家に帰りたい。,kuraku naru mae ni ie ni kaeritai.,I want to head home before it gets dark.
331,44,なる,,なる,to become Noun,N5,108,5,もっと強くなるために、毎⽇運動しています。,"motto tsuyoku naru tame ni, mainichi undou shiteimasu.",I work out every day so I can get stronger.
332,44,なる,,なる,to become Noun,N5,108,6,⽇本語が上⼿になっていますね。,nihongo ga jouzu ni natteimasu ne.,Your Japanese is improving.
333,44,なる,,なる,to become Noun,N5,108,7,将来、何になりたいですか。,"shourai, nani ni naritai desuka?",What do you want to be in the future?
334,44,なる,,なる,to become Noun,N5,108,8,６⽉に⼊って、ちょっと暑くなったね。,"roku gatsu ni haitte, chotto atsuku natta ne",It started to get a bit hot when since we entered June.
335,44,なる,,なる,to become Noun,N5,108,9,暗くなってきましたね。そろそろ帰りましょうか。,kuraku natte kimashita ne. sorosoro kaerimashou ka.,"It's starting to get dark, we should head back soon?"
336,44,なる,,なる,to become Noun,N5,108,10,今⽇のイベントは中⽌になりました。,kyou no ibento wa chuushi ni narimashita.,Today's event has been cancelled.
337,45,んです,,んです,to explain something; show emphasis Verb (casual),N5,111,1,何を飲みたいんですか。,nani o nomitai ndesu ka.,What would you like to drink?
338,45,んです,,んです,to explain something; show emphasis Verb (casual),N5,111,2,お茶を飲みたいんです。,ocha o nomitai ndesu.,I'd like to drink some tea.
339,45,んです,,んです,to explain something; show emphasis Verb (casual),N5,111,3,あついんだ (atsui nda),"1 is simply stating a fact. That it/something is hot. 2 is also stating a fact, but carries a bit more emphasis as the speaker may be answering/asking a question or explaining their feelings. 3 is the same as 2, but the more casual version.",Example Sentences
340,45,んです,,んです,to explain something; show emphasis Verb (casual),N5,111,4,気分が良くないんですよ。,kibun ga yokunai ndesu yo.,I'm not feeling well.
341,45,んです,,んです,to explain something; show emphasis Verb (casual),N5,111,5,今からバイトに⾏くんだ。,ima kara baito ni iku nda.,I'm heading to my (part time) job now.
342,45,んです,,んです,to explain something; show emphasis Verb (casual),N5,111,6,朝に弱いんだ。,asa ni yowai nda.,I'm not a morning person.
343,45,んです,,んです,to explain something; show emphasis Verb (casual),N5,111,7,いつか⽇本に⾏くんだ︕,itsuka nihon ni iku nda!,One day I will go to Japan!
344,45,んです,,んです,to explain something; show emphasis Verb (casual),N5,111,8,買いたいんですがお⾦がないんだ。,kaitai ndesu ga okane ga nai nda.,"I want to buy it, but I have no money."
345,46,ね,,ね,isn't it? right? eh? end of sentence particle,N5,113,1,かわいいね。,kawaii ne.,"It's cute, isn't it? / You're cute, eh."
346,46,ね,,ね,isn't it? right? eh? end of sentence particle,N5,113,2,そうですね。,sou desu ne.,"Yeah, that's right. / Is that so?"
347,46,ね,,ね,isn't it? right? eh? end of sentence particle,N5,113,3,今⽇の天気はいいですね。,kyou no tenki wa ii desu ne.,"Today's weather is nice, isn't it?"
348,46,ね,,ね,isn't it? right? eh? end of sentence particle,N5,113,4,またあとでね︕,mata ato de ne!,See you later!
349,46,ね,,ね,isn't it? right? eh? end of sentence particle,N5,113,5,またメールするね。,mata meeru suru ne.,"I'll message you later, ok?"
350,46,ね,,ね,isn't it? right? eh? end of sentence particle,N5,113,6,それは⼤変ですね。,sore wa taihen desu ne.,That's too bad. (emphasizing with speaker)
351,46,ね,,ね,isn't it? right? eh? end of sentence particle,N5,113,7,あなたはとても疲れた声をしているね。,anata wa totemo tsukareta koe o shiteiru ne.,"You sound very tired, (are you ok?)"
352,46,ね,,ね,isn't it? right? eh? end of sentence particle,N5,113,8,⽇本語がお上⼿ですね。,nihongo ga ojouzu desu ne.,You're Japanese is really good!
353,46,ね,,ね,isn't it? right? eh? end of sentence particle,N5,113,9,あなたはスポーツが下⼿ですね。,anata wa supootsu ga heta desu ne.,"You're not very good at sports, are you?"
354,46,ね,,ね,isn't it? right? eh? end of sentence particle,N5,113,10,今⽇も⼀⽇、頑張りましょうね。,"kyou mo ichinichi, ganbari mashou ne.","Let's do our best again today, OK?"
355,47,に,,に,destination particle; in; at; on; to Noun に,N5,115,1,来⽉⼤学に⼊る。,raigetsu daigaku ni hairu.,I will go to (start) university next month.
356,47,に,,に,destination particle; in; at; on; to Noun に,N5,115,2,どうやって学校に通っていますか︖,douyatte gakkou ni kayottei masuka?,How do you go to school?
357,47,に,,に,destination particle; in; at; on; to Noun に,N5,115,3,あなたは何時にスーパーに⾏きますか︖,anata wa nanji ni suupaa ni ikimasu ka?,What time will you go to the supermarket?
358,47,に,,に,destination particle; in; at; on; to Noun に,N5,115,4,彼は、⼤学に⼊るための努⼒をしている。,"kare wa, daigaku ni hairu tame no doryoku o shiteiru.",He's working hard so that he can get into university.
359,47,に,,に,destination particle; in; at; on; to Noun に,N5,115,5,⽇本に来たことはありますか︖,nihon ni kita koto wa arimasu ka?,Have you ever been to Japan?
360,47,に,,に,destination particle; in; at; on; to Noun に,N5,115,6,あの⽊の下に⼤きな⽝がいます。,ano ki no shita ni ookina inu ga imasu.,There's a big dog under that tree.
361,47,に,,に,destination particle; in; at; on; to Noun に,N5,115,7,今家の中にいますよ。,ima ie no naka ni imasu yo.,I'm inside my home right now.
362,47,に,,に,destination particle; in; at; on; to Noun に,N5,115,8,ここにお名前を書いてください。,koko ni onamae o kaite kudasai.,Please write your name here.
363,47,に,,に,destination particle; in; at; on; to Noun に,N5,115,9,アメリカにはどのくらい滞在しますか︖,amerika ni wa dono kurai taizai shimasu ka?,About how long will you stay in America?
364,48,にいく,,にいく,go to do,N5,118,1,友だちの家に遊びに⾏く。,tomodachi no ie ni asobi ni iku.,I'm going to go over to my friends house to hang out.
365,48,にいく,,にいく,go to do,N5,118,2,⽇本に勉強しに⾏くつもりなのです。,nihon ni benkyou shini iku tsumori nano desu.,I'm planning to go to Japan to study!
366,48,にいく,,にいく,go to do,N5,118,3,東京へなにしに⾏くの︖,toukyou e nani shi ni iku no?,What are you going to Tokyo for?
367,48,にいく,,にいく,go to do,N5,118,4,私たちは公園にサッカーをしに⾏くつもりだ。,watashi tachi wa kouen ni sakkaa o shini iku tsumori da.,We're planning to go to the park to play soccer.
368,48,にいく,,にいく,go to do,N5,118,5,メキシコへ友だちに会いに⾏きます。,mekishiko e tomodachi ni ai ni ikimasu.,I'm going to Mexico to visit my friend.
369,48,にいく,,にいく,go to do,N5,118,6,ちょっと⾛りに⾏ってきます。,chotto hashiri ni ittekimasu.,I'm going to go for a little run.
370,48,にいく,,にいく,go to do,N5,118,7,明⽇、友⼈と⼀緒に⽇本⾷を⾷べに⾏きます。,"ashita, yuujin to isshoni nihonshoku o tabe ni ikimasu.",I'm going out with my good friend tomorrow to eat Japanese food.
371,48,にいく,,にいく,go to do,N5,118,8,私は今度はベトナムへ旅⾏しに⾏きます。,watashi wa kondo wa betonamu e ryokou shi ni ikimasu.,"For my next trip, I am going to go travel to Vietnam."
372,48,にいく,,にいく,go to do,N5,118,9,ゴミを捨てに⾏きます。,gomi o sute ni ikimasu.,I'll go take out the garbage.
373,48,にいく,,にいく,go to do,N5,118,10,今夜ラーメンを⾷べに⾏きましょう︕,konya raamen o tabe ni ikimashou!,Let's go out to eat some ramen tonight!
374,49,にする,,にする,to decide on,N5,120,1,どれにする ?,dore ni suru?,Which will you have? / Which do you want?
375,49,にする,,にする,to decide on,N5,120,2,飲み物は何にする︖,nomimono wa nani ni suru?,What will you have to drink?
376,49,にする,,にする,to decide on,N5,120,3,お茶にする。,ocha ni suru.,I'll have tea.
377,49,にする,,にする,to decide on,N5,120,4,私は明⽇と来週の⽕曜⽇を休みにする。,watashi wa ashita to raishuu no kayoubi o yasumi ni suru.,I'm taking work off tomorrow and next Tuesday.
378,49,にする,,にする,to decide on,N5,120,5,これにします。,kore ni shimasu.,I want this / I've decided on this
379,49,にする,,にする,to decide on,N5,120,6,今⽇は部屋をきれいにします。,kyou wa heya o kirei ni shimasu.,I will clean my room today.
380,49,にする,,にする,to decide on,N5,120,7,君を幸せにします。,kimi o shiawase ni shimasu.,I'll make you happy.
381,49,にする,,にする,to decide on,N5,120,8,紅茶にしますかそれともコーヒーにしますか。,koucha ni shimasu ka sore tomo koohii ni shimasu ka.,Do you want black tea or coffee?
382,49,にする,,にする,to decide on,N5,120,9,今年は素晴しい年にします︕,kotoshi wa subarashii toshi ni shimasu.,I'm gonna make this year a great one!
383,50,に へ,,に へ,to (indicates direction / destination),N5,122,1,⽇本に戻りたい。,nihon ni modoritai.,I want to go back to Japan.
384,50,に へ,,に へ,to (indicates direction / destination),N5,122,2,⽇本に来たことはありますか︖,nihon ni kita koto wa arimasu ka?,Have you ever been to Japan?
385,50,に へ,,に へ,to (indicates direction / destination),N5,122,3,どうやって学校に通っていますか︖,douyatte gakkou ni kayottei masuka?,How do you go to school?
386,50,に へ,,に へ,to (indicates direction / destination),N5,122,4,今⽇は仕事に⾏きたくない。,kyou wa shigoto ni ikitakunai.,I don't want to go to work today.
387,50,に へ,,に へ,to (indicates direction / destination),N5,122,5,どこへ⾏ったんですか︖,doko e ittan desu ka?,Where did you go? / Where were you?
388,50,に へ,,に へ,to (indicates direction / destination),N5,122,6,家へ向かっているところです。,ie e mukatteiru tokoro desu.,I'm heading home now.
389,50,に へ,,に へ,to (indicates direction / destination),N5,122,7,そこへ⾏くには⾞で 6 時間かかる。,soko e iku ni wa kuruma de 6 jikan kakaru.,It takes 6 hours to drive there by car.
390,50,に へ,,に へ,to (indicates direction / destination),N5,122,8,毎年北海道へスキーに⾏く。,maitoshi hokkaidou e sukii ni iku.,Every year I go to Hokkaido to go skiing.
391,51,の,,の,possessive particle Noun の + [B],N5,124,1,あなたの名前は何ですか︖,anata no namae wa nan desu ka?,What is your name?
392,51,の,,の,possessive particle Noun の + [B],N5,124,2,あなたの⽝ですか︖,anata no inu desu ka?,Is this your dog?
393,51,の,,の,possessive particle Noun の + [B],N5,124,3,これはだれのカバンですか︖,kore wa dare no kaban desu ka?,Who's bag is this?
394,51,の,,の,possessive particle Noun の + [B],N5,124,4,私の先⽣はとてもいい先⽣だ。,watashi no sensei wa totemo ii sensei da.,My teacher is a very good teacher.
395,51,の,,の,possessive particle Noun の + [B],N5,124,5,彼⽒の好きな料理はカレーです。,kareshi no suki na ryori wa karee desu.,My boyfriend's favorite food is curry.
396,51,の,,の,possessive particle Noun の + [B],N5,124,6,彼⼥のお⽗さんはとても怖いです。,kanojo no otousan wa totemo kowai desu.,My girlfriend's father is really scary.
397,51,の,,の,possessive particle Noun の + [B],N5,124,7,私の⼀番好きな季節は秋だ。,watashi no ichiban suki na kisetsu wa aki da.,My favorite season is Fall.
398,51,の,,の,possessive particle Noun の + [B],N5,124,8,このカメラは私のではなく、友だちのです。,"kono kamera wa watashi no dewa naku, tomodachi no desu.","This camera is not mine, but a friend's."
399,51,の,,の,possessive particle Noun の + [B],N5,124,9,夏の暑さのせいで私は寝不⾜です。,natsu no atsusa no sei de watashi wa nebusoku desu.,I'm lacking sleep lately due to the summer heat.
400,52,のです,,のです,to explain something; show emphasis Verb (casual),N5,126,1,どこへ⾏きたいのですか。,doko e ikitai no desu ka.,Where would you like to go?
401,52,のです,,のです,to explain something; show emphasis Verb (casual),N5,126,2,どう違うのだ。,dou chigau no da.,What's the difference?
402,52,のです,,のです,to explain something; show emphasis Verb (casual),N5,126,3,あついのだ (atsui noda),"1 is simply stating a fact. That it/something is hot. 2 is also stating a fact, but carries a bit more emphasis as the speaker may be answering/asking a question or explaining their feelings. 3 is the same as 2, but the more casual version.",NOTE: This grammar is only used with Nouns when asking questions. クルーズはいい先⽣なのですか︖ kuruuzu wa ii sensei nano desu ka? Is Cruise a good teacher?
403,52,のです,,のです,to explain something; show emphasis Verb (casual),N5,126,4,あなたは優しいのですね。,anata wa yasashii no desu ne.,You're a pretty nice person.
404,52,のです,,のです,to explain something; show emphasis Verb (casual),N5,126,5,昼ごはんを⾷べなかったのですね。,hiru gohan o tabenakatta no desu ne.,"You didn't eat lunch, right?"
405,52,のです,,のです,to explain something; show emphasis Verb (casual),N5,126,6,今⽇は学校に⾏くのですね。,kyou wa gakkou ni iku no desu ne.,"You're going to school today, right?"
406,52,のです,,のです,to explain something; show emphasis Verb (casual),N5,126,7,あなたが悪いのだ。,anata ga warui no da.,You're the one to blame..
407,52,のです,,のです,to explain something; show emphasis Verb (casual),N5,126,8,⾷べるために⽣きるのではない。⽣きるために⾷べるのだ。,taberu tame ni ikiru no dewa nai. ikiru tame ni taberu no da.,"Eat to live, not live to eat."
408,53,のがへた,,のがへた,to be bad at doing something,N5,129,1,彼はおはしを使うのが下⼿だ。,kare wa ohashi o tsukau no ga heta da.,He is bad at using chopsticks.
409,53,のがへた,,のがへた,to be bad at doing something,N5,129,2,⺟は料理をするのが下⼿だ。,haha wa ryouri o suru no ga heta da.,My mother is bad at cooking.
410,53,のがへた,,のがへた,to be bad at doing something,N5,129,3,私は⼈としゃべるのが下⼿だ。,watashi wa hito to shaberu no ga heta da.,I'm not good at talking with people.
411,53,のがへた,,のがへた,to be bad at doing something,N5,129,4,かんじを勉強するのが下⼿です。,kanji o benkyou suru no ga heta desu.,I'm not good at studying kanji.
412,53,のがへた,,のがへた,to be bad at doing something,N5,129,5,⽇本語の字を書くのが下⼿だ。,nihongo no ji o kaku no ga heta da.,I'm not good at writing Japanese characters.
413,53,のがへた,,のがへた,to be bad at doing something,N5,129,6,姉は歌うのが下⼿だと思います。,ane wa utau no ga heta da to omoimasu.,I think my older sister is bad at singing.
414,53,のがへた,,のがへた,to be bad at doing something,N5,129,7,トライアスロンをやってみたいですが泳ぐのが下⼿だ。,toraiasuron o yatte mitai desuga oyogu no ga heta da.,"I want to try doing a triathlon, but I'm no good at swimming."
415,54,のがじょうず,,のがじょうず,to be good at,N5,131,1,あなたは教えるのが上⼿です。,anata wa oshieru no ga jouzu desu.,You're good at teaching.
416,54,のがじょうず,,のがじょうず,to be good at,N5,131,2,彼は歌うのが上⼿だ。,kare wa utau no ga jouzu da.,He's good at singing.
417,54,のがじょうず,,のがじょうず,to be good at,N5,131,3,彼⼥はピアノを弾くのが上⼿。,kanojo wa piano o hiku no ga jouzu.,She's good at playing piano.
418,54,のがじょうず,,のがじょうず,to be good at,N5,131,4,あなたはお箸を使うのが上⼿ですね。,anata wa ohashi o tsukau no ga jouzu desu ne.,You're very good at using chopsticks.
419,54,のがじょうず,,のがじょうず,to be good at,N5,131,5,私はそんなに⽇本語を話すのが上⼿ではない。,watashi wa sonnnani nihongo o hanasu no ga jouzu dewa nai.,I'm not very good at speaking Japanese..
420,54,のがじょうず,,のがじょうず,to be good at,N5,131,6,⾼校のとき、運動をするのが上⼿だったが今は違う。,"koukou no toki, undou o suru no ga jouzu datta ga ima wa chigau.","In high school, I was good at exercising, but things are different now.."
421,54,のがじょうず,,のがじょうず,to be good at,N5,131,7,私は⺟ほど料理をするのが上⼿ではありません。,watashi wa haha hodo ryouri o suru no ga jouzu dewa arimasen.,I'm nowhere near as good at cooking as my mother.
422,54,のがじょうず,,のがじょうず,to be good at,N5,131,8,時間を管理するのが上⼿ではない。,jikan o kanri suru no ga jouzu dewa nai.,I'm not good at managing time..
423,55,のが好き,のがすき,のが好き (のがすき),to like doing something,N5,133,1,私は寝るのが好きです。,watashi neru no ga suki desu.,I like to sleep / I like sleeping
424,55,のが好き,のがすき,のが好き (のがすき),to like doing something,N5,133,2,漫画を読むのが好きだ。,manga o yomu no ga suki da.,I like reading manga.
425,55,のが好き,のがすき,のが好き (のがすき),to like doing something,N5,133,3,妹は料理をするのが好きです。,imouto wa ryouri o suru no ga suki desu.,My younger sister likes to cook.
426,55,のが好き,のがすき,のが好き (のがすき),to like doing something,N5,133,4,君、運動するのが好きだね。,"kimi, undou suru no ga suki da ne.",You sure like working out don't you.
427,55,のが好き,のがすき,のが好き (のがすき),to like doing something,N5,133,5,彼⼥は野球の試合を⾒るのが好きです。,kanojo wa yakyuu no shiai o miru no ga suki desu.,She likes watching baseball games.
428,55,のが好き,のがすき,のが好き (のがすき),to like doing something,N5,133,6,私は何かを⾷べながら映画を観るのが好きです。,watashi wa nanika o tabe nagara eiga o miru no ga suki desu.,I love to eat something while watching a movie.
429,55,のが好き,のがすき,のが好き (のがすき),to like doing something,N5,133,7,電⾞とバスのどちらに乗るのが好きですか︖,densha to basu no dochira ni noru no ga suki desu ka?,"Which do you like to ride more, trains or buses?"
430,55,のが好き,のがすき,のが好き (のがすき),to like doing something,N5,133,8,私の夫は私が夜に外出するのが好きではない。,watasho no otto wa watashi ga yoru ni gaishutsu suru no ga suki dewa nai.,My husband doesn't like me going out at night.
431,56,ので,,ので,because of; given that; since Verb,N5,137,1,ちょっと寒いので、窓を閉めてもいいですか。,"chotto samui node, mado o shimetemo ii desu ka.","It's a bit cold, so is it OK to close the window?"
432,56,ので,,ので,because of; given that; since Verb,N5,137,2,ちょっと⽤事があるので、先に帰ります。,"chotto youji ga aru node, saki ni kaerimasu.","There's something I need to take care of, so I'm heading home early."
433,56,ので,,ので,because of; given that; since Verb,N5,137,3,台⾵が来るので、明⽇のクラスに来なくていいです。,"taifuu ga kuru node, ashita no kurasu ni konakute ii desu.","Since there's a typhoon coming, it's OK to not come to tomorrow's class."
434,56,ので,,ので,because of; given that; since Verb,N5,137,4,おなかが痛いので、薬をください。,"onaka ga itai no de, kusuri o kudasai.","I have a stomachache, so please give me some medicine."
435,56,ので,,ので,because of; given that; since Verb,N5,137,5,彼⼥がとてもきれいなので、すぐ好きになりました。,"kanojo ga totemo kirei na node, sugu suki ni narimashita.","She's very beautiful, so I quickly fell in love."
436,56,ので,,ので,because of; given that; since Verb,N5,137,6,今から⾏きますので、少々お待ちください。,"ima kara ikimasu node, shoushou omachi kudasai.","I'm heading over now, so please wait a moment."
437,56,ので,,ので,because of; given that; since Verb,N5,137,7,⾬が降っていたので、試合が中⽌になりました。,"ame ga futteita node, shiai ga chuushi ni narimashita.","Because of the rain, the match was cancelled."
438,56,ので,,ので,because of; given that; since Verb,N5,137,8,左⼿で⾷べようとしたが、難しかったのでやめました。,"hidari te de tabeyou to shita ga, muzukashikatta node yamemashita.","I tried eating with my left hand, but it was difficult so I gave up."
439,57,を,,を,object marker particle Noun を Verb,N5,139,1,⽇本語をべんきょうしています。,nihongo o benkyou shiteimasu.,I am studying Japanese.
440,57,を,,を,object marker particle Noun を Verb,N5,139,2,⽇本語を話します。,nihongo o hanashimasu.,I speak Japanese.
441,57,を,,を,object marker particle Noun を Verb,N5,139,3,今⽇は朝ごはんを⾷べませんでした。,kyou wa asagohan o tabemasen deshita.,"Today, I didn't eat breakfast."
442,57,を,,を,object marker particle Noun を Verb,N5,139,4,もう宿題をしました。,mou shukudai o shimashita.,I already did my homework.
443,57,を,,を,object marker particle Noun を Verb,N5,139,5,毎⽇ランニングをします。,mainichi ranningu o shimasu.,I go running every day.
444,57,を,,を,object marker particle Noun を Verb,N5,139,6,⿂を⾷べたことがない。,sakana o tabeta koto ga nai.,I've never eaten fish before.
445,57,を,,を,object marker particle Noun を Verb,N5,139,7,毎週新しいかんじを学ぶ。,maishuu atarashii kanji o manabu.,I learn new kanji characters every week.
446,57,を,,を,object marker particle Noun を Verb,N5,139,8,ピザを⾷べるのが⼤好きだ。,piza o taberu no ga daisuki da.,I love to eat pizza.
447,58,をください,,をください,please give me~ Noun をください,N5,141,1,すみません、お⽔をください。,"sumimasen, omizu o kudasai.","Excuse me, could you please give me some water?"
448,58,をください,,をください,please give me~ Noun をください,N5,141,2,これをください。,kore o kudasai.,Please give me this (I'll have this).
449,58,をください,,をください,please give me~ Noun をください,N5,141,3,コーヒーを⼆つください。,koohii o futatsu kudasai.,Please give me 2 cups of coffee.
450,58,をください,,をください,please give me~ Noun をください,N5,141,4,少し時間をください。,sukoshi jikan o kudasai.,Please give me some time.
451,58,をください,,をください,please give me~ Noun をください,N5,141,5,すぐに返信をください。,sugu ni henshin o kudasai.,Please give me a response as soon as you can.
452,58,をください,,をください,please give me~ Noun をください,N5,141,6,私たちにアドバイスをください。,watashitachi ni adobaisu o kudasai.,Please give us some advice.
453,58,をください,,をください,please give me~ Noun をください,N5,141,7,駅に着いたら電話をください。,eki ni tsuitara denwa o kudasai.,Please give me a call when you arrive at the station.
454,58,をください,,をください,please give me~ Noun をください,N5,141,8,おなかが痛いので、薬をください。,"onaka ga itai no de, kusuri o kudasai.","I have a stomachache, so please give me some medicine."
455,59,しかし,,しかし,but; however しかし + phrase,N5,143,1,しかしなぜ︖,shikashi naze?,But why? (expressing disagreement)
456,59,しかし,,しかし,but; however しかし + phrase,N5,143,2,⽇本は⼤好きです。しかし、⽇本の夏がとても暑いです。,"nihon wa daisuki desu. shikashi, nihon no natsu ga totemo atsui desu.","I love Japan. However, the summer is very hot!"
457,59,しかし,,しかし,but; however しかし + phrase,N5,143,3,今⽇のクラスはむずかしかったです。しかし楽しかったです。,"kyou no kurasu wa muzukashikatta desu. shikashi, tanoshikatta desu!","Today's class was difficult.. But, it was a lot of fun!"
458,59,しかし,,しかし,but; however しかし + phrase,N5,143,4,しかし問題があるかもしれない。,shikashi mondai ga aru kamoshirenai.,"However, there might be a problem."
459,59,しかし,,しかし,but; however しかし + phrase,N5,143,5,冬は寒い、しかし私は好きだ。,"fuyu wa samui, shikashi watashi wa suki da.","Winter is cold, but I like it."
460,59,しかし,,しかし,but; however しかし + phrase,N5,143,6,しかし、彼は⽇本語を話すことも書くこともできません。,"shikashi, kare wa nihongo o hanasu koto mo kaku koto mo dekimasen.","However, he cannot speak or read Japanese."
461,60,すぎる,,すぎる,too much,N5,145,1,このシャツは⼤きすぎる。,kono shatsu wa ooki sugiru.,This shirt is too big.
462,60,すぎる,,すぎる,too much,N5,145,2,今年の夏は暑すぎた。,kotoshi no natsu wa atsu sugita.,This year's summer was too hot.
463,60,すぎる,,すぎる,too much,N5,145,3,冬の来るのが早すぎた。,fuyu no kuru no ga haya sugita.,Winter has come too soon.
464,60,すぎる,,すぎる,too much,N5,145,4,この問題は簡単すぎます。,kono mondai wa kantan sugimasu.,This problem is too easy.
465,60,すぎる,,すぎる,too much,N5,145,5,幸せすぎて死にそうだ。,shiawase sugite shini sou da.,I'm so happy I could die.
466,60,すぎる,,すぎる,too much,N5,145,6,かんじを覚えるのが私には難しすぎる。,kanji o oboeru no ga watashi ni wa muzukashi sugiru.,Memorizing kanji is a bit too difficult for me.
467,60,すぎる,,すぎる,too much,N5,145,7,このレストランはちょっと⾼すぎる。別のところにしましょう。,kono resutoran wa chotto taka sugiru. betsu no tokoro ni shimashou.,This restaurant is a bit too expensive. Let's try somewhere else.
468,60,すぎる,,すぎる,too much,N5,145,8,この会社は給料が少なすぎます。,kono kaisha wa kyuuryou ga sukuna sugimasu.,This company's salary is too low.
469,60,すぎる,,すぎる,too much,N5,145,9,ごめんなさい、少し⾔いすぎました。,"gomennasai, sukoshi ii sugimashita.","I'm sorry, I said a bit too much. (I said more than I should have)"
470,60,すぎる,,すぎる,too much,N5,145,10,昨夜ちょっと飲みすぎました。,sakuya chotto nomi sugimashita.,I drank a little bit too much yesterday.
471,61,たことがある,,たことがある,to have done something before,N5,148,1,これを⾒たことがある。,kore o mita koto ga aru.,I've seen this before.
472,61,たことがある,,たことがある,to have done something before,N5,148,2,フランスに⾏ったことある。,furansu ni itta koto ga aru.,I've been to France before.
473,61,たことがある,,たことがある,to have done something before,N5,148,3,それを聞いたことがある。,sore o kiita koto ga aru.,I've heard of that before.
474,61,たことがある,,たことがある,to have done something before,N5,148,4,⼀度だけカラオケをやったことがあります。,ichido dake karaoke o yatta koto ga arimasu.,I've only tried karaoke once before.
475,61,たことがある,,たことがある,to have done something before,N5,148,5,⽇本に⾏ったことありますか︖,nihon ni itta koto arimasu ka?,Have you been to Japan before?
476,61,たことがある,,たことがある,to have done something before,N5,148,6,⽇本は好きですが⾏ったことがない。,nihon wa suki desuga itta koto ga nai.,"I love Japan, but I've never been."
477,61,たことがある,,たことがある,to have done something before,N5,148,7,本当に、⾞を運転したことがないですか︖,"hontouni, kuruma o unten shita koto ga nai desu ka?",You've really never driven a car before?
478,61,たことがある,,たことがある,to have done something before,N5,148,8,これは誰にも話したことがありません。,kore wa dare ni mo hanashita koto ga arimsen.,I've never told this to anyone.
479,61,たことがある,,たことがある,to have done something before,N5,148,9,私は⼀度しかすしを⾷べたことがありません。,watashi wa ichido shika sushi o tabeta koto ga arimasen.,I've only had sushi one time..
480,62,たい,,たい,want to do something,N5,150,1,⽇本語をもっと勉強したいです。,nihongo o motto benkyou shitai desu.,I want to study more Japanese.
481,62,たい,,たい,want to do something,N5,150,2,先⽣、聞きたいことがありますが。,"sensei, kikitai koto ga arimasu ga.","Sensei, there is something I'd like to ask you.."
482,62,たい,,たい,want to do something,N5,150,3,早く結婚したい。,hayaku kekkon shitai.,I want to hurry up and get married.
483,62,たい,,たい,want to do something,N5,150,4,⾃転⾞がこわれたから、新しいのを買いたい。,"jitensha ga kowareta kara, atarashii no o kaitai.","My bicycle broke, so I want to buy a new one."
484,62,たい,,たい,want to do something,N5,150,5,⼦どものころから、ずっと⽇本に⾏きたかった。,"kodomo no koro kara, zutto nihon ni ikitakatta.","Ever since I was little, I always wanted to go to Japan."
485,62,たい,,たい,want to do something,N5,150,6,つかれたから、もう勉強したくない。,"tsukareta kara, mou benkyou shitakunai.",I'm tired and don't want to study anymore.
486,62,たい,,たい,want to do something,N5,150,7,将来は⽇本の会社で働きたいです。,shourai wa nihon no kaisha de hatarakitai desu.,"In the future, I'd like to work for a Japanese company."
487,62,たい,,たい,want to do something,N5,150,8,お⾦がたくさんあったら、何をしたいですか︖,"okane ga takusan attara, nani o shitai desu ka?",What would you want to do if you had a lot of money?
488,63,たり〜たり,,たり〜たり,do such things as A and B Verb-た + り 〜 Verb-た + り + する,N5,153,1,休みの⽇は⽔曜⽇だったり、⽇曜⽇だったりです。,"yasumi no hi wa suiyoubi dattari, nichiyoubi dattari desu.",We are closed on Wednesdays and Sundays.
489,63,たり〜たり,,たり〜たり,do such things as A and B Verb-た + り 〜 Verb-た + り + する,N5,153,2,⽇曜⽇は買い物したり、映画を⾒たりした。,"nichiyoubi wa kaimono shitari, eiga o mitari shita.",On Sunday I went shopping and watched a movie.
490,63,たり〜たり,,たり〜たり,do such things as A and B Verb-た + り 〜 Verb-た + り + する,N5,153,3,私の店は忙しかったり暇だったりです。,watashi no mise wa isogashi kattari hima dattari desu.,My shop is sometimes busy and sometimes slow.
491,63,たり〜たり,,たり〜たり,do such things as A and B Verb-た + り 〜 Verb-た + り + する,N5,153,4,今⽇は宿題をしたり、部屋の掃除をしたり、忙しいです。,"kyou wa shukudai o shitari, heya no souji o shitari, isogashii desu.",Today I'm busy with (things like) doing my homework and cleaning my room.
492,63,たり〜たり,,たり〜たり,do such things as A and B Verb-た + り 〜 Verb-た + り + する,N5,153,5,冬休みは漢字を勉強したり、運動したりするつもりです。,"fuyu yasumi wa kanji o benkyou shitari, undou shitari suru tsumori desu.",During winter break I plan to study kanji and exercise.
493,63,たり〜たり,,たり〜たり,do such things as A and B Verb-た + り 〜 Verb-た + り + する,N5,153,6,暇なときは映画を⾒たり、⾳楽を聞いたりする。,"hima na toki wa eiga o mitari, ongaku o kiitari suru.",In my free time I (do things like) watch movies and listen to music.
494,63,たり〜たり,,たり〜たり,do such things as A and B Verb-た + り 〜 Verb-た + り + する,N5,153,7,図書館では本や雑誌を読んだり、勉強したりする⼈が多い。,"toshokan de wa hon ya zasshi o yondari, benkyou shi tari suru hito ga ooi.","In the library, there's a lot of people (doing things like) reading books/magazines and"
495,63,たり〜たり,,たり〜たり,do such things as A and B Verb-た + り 〜 Verb-た + り + する,N5,153,8,留学中に現地の料理を⾷べたり、旅⾏したりしました。,"ryuugaku chuu ni genchi no ryouri o tabetari, ryokou shitari shimashita.","During my study abroad, I would (do things like) eat local foods and go traveling."
496,63,たり〜たり,,たり〜たり,do such things as A and B Verb-た + り 〜 Verb-た + り + する,N5,153,9,誰でも間違いを犯したり、失敗したりします。,"dare demo machigai o okashitari, shippai shitari shimasu.",Everyone makes mistakes and experiences failure.
497,64,てある,,てある,is/has been done (resulting state),N5,155,1,1) Using 作った,明⽇の弁当はもう作った。 ashita no bentou wa mou tsukutta.,I (have) already made tomorrow’s bento (lunch).
498,64,てある,,てある,is/has been done (resulting state),N5,155,2,ドアがわざと開けてある。,doa ga wazato akete aru.,The door has been left intentionally opened.
499,64,てある,,てある,is/has been done (resulting state),N5,155,3,宿題はもうやってあります。,shukudai wa mou yatte arimasu.,I have already finished my homework.
500,64,てある,,てある,is/has been done (resulting state),N5,155,4,夜には学校の⼊り⼝が閉めてある。,yoru ni wa gakkou no iriguchi ga shimete aru.,"At night, the school entrance is closed."
501,64,てある,,てある,is/has been done (resulting state),N5,155,5,ここに何て書いてあるの︖,koko ni nante kaite aru no?,What is written here?
502,64,てある,,てある,is/has been done (resulting state),N5,155,6,料理が作ってあるから、今⽇は家で⾷べる。,"ryouri ga tsukutte aru kara, kyou wa ie de taberu.","I've already made some food, so today I will eat at home."
503,64,てある,,てある,is/has been done (resulting state),N5,155,7,テニスをしよう。１０時３０分にコートを予約してあるから。,tenisu o shiyou. juuji sanjuu pun ni kooto o yoyaku shite aru kara.,Let's play tennis. I've booked a court for 10:30.
504,64,てある,,てある,is/has been done (resulting state),N5,155,8,すでに⾔ってあるように、これもあなたの仕事のうちだ。,"sudeni itte aru you ni, kore mo anata no shigoto no uchi da.","This is also part of your work, as I told you before."
505,65,ている,,ている,ongoing action or current state,N5,158,1,昼ごはんは何を⾷べているの︖,hirugohan wa nani o tabete iru no?,What do you eat for lunch?
506,65,ている,,ている,ongoing action or current state,N5,158,2,私もその本を読んでいる︕,watashi mo sono hon o yonde iru!,I'm also reading that book!
507,65,ている,,ている,ongoing action or current state,N5,158,3,いつからサッカーをやっているのですか。,itsu kara sakkaa o yatte iru no desu ka?,How long have you been playing soccer?
508,65,ている,,ている,ongoing action or current state,N5,158,4,今⽇の⽇本は⾬が降っています。,kyou no nihon wa ame ga futteimasu.,It's raining in Japan today.
509,65,ている,,ている,ongoing action or current state,N5,158,5,The current state / State / condition / appearance of subject,,"Progressive tense basic examples Example a) ⾒る (miru) to look; to watch ⾒ている (mite iru) looking; watching; seeing Example b) 読む (yomu) to read 読んでいる (yonde iru) reading As you can see, each verb changes to a current/continuous state of doing."
510,65,ている,,ている,ongoing action or current state,N5,158,6,そのお店は何時までやっているのですか︖,sono omise wa nanji made yatte iru no desu ka?,Until what time is that shop open?
511,65,ている,,ている,ongoing action or current state,N5,158,7,⼭⽥さんはまだ寝ていると思います。,yamada san wa mada nete iru to omoimasu.,I think Mr. Yamada is still sleeping.
512,65,ている,,ている,ongoing action or current state,N5,158,8,私もあなたを愛しています。,watashi mo anata o aishite imasu.,I love you too.
513,66,てから,,てから,after doing~ Verb (て form) から,N5,164,1,トイレを使ってから、⼿を洗わないといけません。,"toire o tsukatte kara, te o arawanai to ikemasen.",We must wash our hands after using the restroom.
514,66,てから,,てから,after doing~ Verb (て form) から,N5,164,2,買い物をしてから家に帰ります。,kaimono o shite kara ie ni kaerimasu.,I'll come home after I finish shopping.
515,66,てから,,てから,after doing~ Verb (て form) から,N5,164,3,ご飯を⾷べてから散歩しました。,gohan o tabete kara sanpo shimashita.,After eating I went for a walk.
516,66,てから,,てから,after doing~ Verb (て form) から,N5,164,4,今⽇は、起きてからまだ何も⾷べていません。,"kyou wa, okite kara mada nanimo tabeteimasen.",I haven't eaten anything today since waking up.
517,66,てから,,てから,after doing~ Verb (て form) から,N5,164,5,アメリカに帰国してから太りました。,amerika ni kikoku shite kara futorimashita.,I gained weight since coming back to America.
518,66,てから,,てから,after doing~ Verb (て form) から,N5,164,6,彼が禁煙してから 2 ヶ⽉がたった。,kare ga kinen shite kara 2 kagetsu ga tatta.,It's been 2 months since he quit smoking.
519,66,てから,,てから,after doing~ Verb (て form) から,N5,164,7,電話をしてから来てください。,denwa o shite kara kite kudasai.,Please call me before you come.
520,66,てから,,てから,after doing~ Verb (て form) から,N5,164,8,空き⽸は潰してからゴミとして出してください。,akikan wa tsubushite kara gomi toshite dashite kudasai.,Please crush your empty cans before putting them out as garbage.
521,67,てください,,てください,please do Verb (てform) ください,N5,166,1,ちょっと待ってください。,chotto matte kudasai,Please wait a moment.
522,67,てください,,てください,please do Verb (てform) ください,N5,166,2,やめてください︕,yamete kudasai!,Please stop!
523,67,てください,,てください,please do Verb (てform) ください,N5,166,3,もっとゆっくり⾔ってください。,motto yukkuri itte kudasai.,Please speak more slowly.
524,67,てください,,てください,please do Verb (てform) ください,N5,166,4,静かにしてください。,shizukani shite kudasai,Please quiet down.
525,67,てください,,てください,please do Verb (てform) ください,N5,166,5,やってみてください。,yatte mite kudasai.,Give it a try!
526,67,てください,,てください,please do Verb (てform) ください,N5,166,6,どうぞ座ってください。,douzo suwatte kudasai.,Please go ahead and sit down.
527,67,てください,,てください,please do Verb (てform) ください,N5,166,7,先⽣、この問題分かりません。もう⼀回説明してください。,"sensei, kono mondai wakarimasen. mou ikkai setsumei shite kudasai.","Teacher, I don't understand this question. Could you please explain one more time?"
528,67,てください,,てください,please do Verb (てform) ください,N5,166,8,⽇本語を教えてください。,nihongo o oshiete kudasai.,Please teach me Japanese.
529,67,てください,,てください,please do Verb (てform) ください,N5,166,9,私に知らせてください。,watashi ni shirasete kudasai.,Please let me know.
530,68,てはいけない,,てはいけない,must not; may not; cannot,N5,168,1,窓を開けてはいけない。,mado o akete wa ikenai.,Do not open up the window.
531,68,てはいけない,,てはいけない,must not; may not; cannot,N5,168,2,嘘をついてはいけない。,uso o tsuite wa ikenai.,You must not tell lies.
532,68,てはいけない,,てはいけない,must not; may not; cannot,N5,168,3,ろうかを⾛ってはいけませんよ。,rouka o hashitte wa ikemasen yo.,No running in the halls.
533,68,てはいけない,,てはいけない,must not; may not; cannot,N5,168,4,図書館でうるさくしてはいけない。,toshokan de urusaku shite wa ikenai.,We cannot be loud in the library.
534,68,てはいけない,,てはいけない,must not; may not; cannot,N5,168,5,今⽇試験があるから、遅刻してはいけない。,"kyou shiken ga aru kara, chikoku shite wa ikenai.","There's a test today, so you can't be late."
535,68,てはいけない,,てはいけない,must not; may not; cannot,N5,168,6,室内でタバコを吸ってはいけませんよ。,shitsunai de tabako o sutte wa ikemasen yo.,No smoking inside!
536,68,てはいけない,,てはいけない,must not; may not; cannot,N5,168,7,笑ってはいけない冗談だった。,waratte wa ikenai joudan datta.,That was a joke that we shouldn't of laughed at.
537,68,てはいけない,,てはいけない,must not; may not; cannot,N5,168,8,授業中に携帯電話を使ってはいけません。,jugyou chuu ni keitai denwa o tsukatte wa ikemasen.,No using cellphones during class.
538,68,てはいけない,,てはいけない,must not; may not; cannot,N5,168,9,２０歳未満の⼈はお酒を飲んではいけません。,hatachi miman no hito wa osake o nonde wa ikemasen.,You must not drink alcohol if you are under 20 years of age. (Japan's legal age)
539,68,てはいけない,,てはいけない,must not; may not; cannot,N5,168,10,禁煙というのはタバコを吸ってはいけないということです。,kinen toiu nowa tabako wo suttewa ikenai toiu koto desu.,"The word ""kinen"" means no smoking is allowed."
540,69,てもいいです,,てもいいです,is OK to..; is alright to..; may I..? Verb (て form),N5,170,1,トイレに⾏ってもいいですか︖,toire ni ittemo ii desu ka?,May I go to the restroom?
541,69,てもいいです,,てもいいです,is OK to..; is alright to..; may I..? Verb (て form),N5,170,2,うん、⾏ってもいいですよ︕,"un, ittemo ii desu yo!","Sure, go a head!"
542,69,てもいいです,,てもいいです,is OK to..; is alright to..; may I..? Verb (て form),N5,170,3,それを⾷べてもいいですか。,sore o tabetemo ii desu ka?,Can I eat that?
543,69,てもいいです,,てもいいです,is OK to..; is alright to..; may I..? Verb (て form),N5,170,4,私も⼀緒に⾏っていい︖,watashi mo isshoni itte ii?,Can I go with you?
544,69,てもいいです,,てもいいです,is OK to..; is alright to..; may I..? Verb (て form),N5,170,5,ここに座ってもいいですか︖,koko ni suwattemo ii desu ka?,Is it OK if I sit here?
545,69,てもいいです,,てもいいです,is OK to..; is alright to..; may I..? Verb (て form),N5,170,6,⼀つ質問を聞いていいですか︖,hitotsu shitsumon o kiite ii desu ka?,Do you mind if I ask you a question?
546,69,てもいいです,,てもいいです,is OK to..; is alright to..; may I..? Verb (て form),N5,170,7,あなたと⼀緒に⾏ってもいいですよ。,anata to isshoni ittemo ii desu yo.,I don't mind going with you.
547,69,てもいいです,,てもいいです,is OK to..; is alright to..; may I..? Verb (て form),N5,170,8,今話してもいいですか。,ima hanashi temo ii desu ka?,Can you talk now?
548,69,てもいいです,,てもいいです,is OK to..; is alright to..; may I..? Verb (て form),N5,170,9,わざわざ家に来なくてもいいですよ。,wazawaza ie ni konaku temo ii desu yo.,You don't need to bother coming all the way to my home.
549,70,と,,と,and; with; as; connecting particle phrase と,N5,172,1,お⺟さんと買い物に⾏った。,okaasan to kaimono ni itta.,I went shopping with my mom.
550,70,と,,と,and; with; as; connecting particle phrase と,N5,172,2,彼⼥と仲がいいです。,kanojo to naka ga ii desu.,She and I get along well.
551,70,と,,と,and; with; as; connecting particle phrase と,N5,172,3,あなたと話したくない。,anata to hanashi takunai.,I don't want to talk to you.
552,70,と,,と,and; with; as; connecting particle phrase と,N5,172,4,これとそれは違います。,kore to sore wa chigaimasu.,This and that are different.
553,70,と,,と,and; with; as; connecting particle phrase と,N5,172,5,彼はベトナム⼈と結婚している。,kare wa betonamu jin to kekkon shiteiru.,He's married to a Vietnamese person.
554,70,と,,と,and; with; as; connecting particle phrase と,N5,172,6,⽝と遊ぶのが⼤好きです。,inu to asobu no ga daisuki desu.,I love playing with dogs.
555,70,と,,と,and; with; as; connecting particle phrase と,N5,172,7,飲み物と⾷べ物禁⽌。,nomimono to tabemono kinshi.,No food or drink.
556,70,と,,と,and; with; as; connecting particle phrase と,N5,172,8,私はいつもそこでハンバーガーとフライドポテトを⾷べます。,watashi wa itsumo soko de hanbaagaa to furaido poteto o tabemasu.,I always eat a burger and fries there.
557,70,と,,と,and; with; as; connecting particle phrase と,N5,172,9,明⽇同僚と⾷事に⾏く予定です。,ashita douryou to shokuji ni iku yotei desu.,Tomorrow I plan on going out to eat with my coworkers.
558,70,と,,と,and; with; as; connecting particle phrase と,N5,172,10,⾼校時代にクラスメイトと連絡をとっていますか。,koukou jidai no kurasumeito to renraku o totteimasu ka?,Are you staying in touch with your high school friends?
559,71,とき,,とき,when; at this time Verb (casual form),N5,174,1,分からないときは、早く先⽣に聞きましょうね。,"wakaranai toki wa, hayaku sensei ni kikimashou ne.","Whenever you don't understand, hurry up and ask the teacher."
560,71,とき,,とき,when; at this time Verb (casual form),N5,174,2,道を渡るとき、⾞に気をつけてください。,"michi o wataru toki, kuruma ni ki o tsukete kudasai.","When crossing the street, be careful with the cars."
561,71,とき,,とき,when; at this time Verb (casual form),N5,174,3,時間がないときは、朝ごはんを⾷べません。,"jikan ga nai toki wa, asagohan o tabemasen.","When I have no time, I don't eat breakfast."
562,71,とき,,とき,when; at this time Verb (casual form),N5,174,4,体の調⼦が悪いとき、温かいお茶を飲みます。,"karada no choushi ga warui toki, atatakai ocha o nomimasu.","When I'm not feeling well, I drink warm tea."
563,71,とき,,とき,when; at this time Verb (casual form),N5,174,5,眠いとき、いつもチョコレートを⾷べます。,"nemui toki, itsumo chokoreeto o tabemasu.",I always eat chocolate whenever I'm feeling sleepy.
564,71,とき,,とき,when; at this time Verb (casual form),N5,174,6,図書館で本を借りる時、カードがいります。,"toshokan de hon wo kariru toki, kaado ga irimasu.","When you borrow a book from the library, you need a card."
565,71,とき,,とき,when; at this time Verb (casual form),N5,174,7,妻が病気のとき、会社を休みました。,"tsuma ga byouki no toki, kaisha o yasumimashita.",I took work off when my wife was feeling sick
566,71,とき,,とき,when; at this time Verb (casual form),N5,174,8,暇なとき、ユーチューブを⾒ます。,"hima na toki, yuuchuubu o mimasu.",I watch Youtube when I have free time.
567,71,とき,,とき,when; at this time Verb (casual form),N5,174,9,中学⽣のとき、初めて⽇本に来ました。,"chuugakusei no toki, hajimete nihon ni kimashita.",I first came to Japan when I was a middle school student.
568,71,とき,,とき,when; at this time Verb (casual form),N5,174,10,晩ごはんを⾷べるとき、いつも⽜乳を飲みます。,"bangohan o taberu toki, itsumo gyuunyuu o nomimasu.",I always drink milk when I eat dinner.
569,72,とても,,とても,very; awfully; exceedingly とても + Adjective / Verb,N5,176,1,今⽇はとても暑いですね。,kyou wa totemo atsui desu ne.,"Today is very hot, isn't it?"
570,72,とても,,とても,very; awfully; exceedingly とても + Adjective / Verb,N5,176,2,1 ⽉と２⽉はとても寒いです。,ichigatsu to nigatsu wa totemo samui desu.,ichi gatsu to nigatsu wa totemo samui desu.
571,72,とても,,とても,very; awfully; exceedingly とても + Adjective / Verb,N5,176,3,このカレーはとても⾟いですね。,kono karee wa totemo karai desu ne.,This curry is very spicy!
572,72,とても,,とても,very; awfully; exceedingly とても + Adjective / Verb,N5,176,4,彼らはとても似ている。,karera wa totemo niteiru.,They look very alike.
573,72,とても,,とても,very; awfully; exceedingly とても + Adjective / Verb,N5,176,5,両親のことをとても愛している。,ryoushin no koto o totemo aishiteiru.,I really love my parents.
574,72,とても,,とても,very; awfully; exceedingly とても + Adjective / Verb,N5,176,6,昨⽇⾒た映画はとても⾯⽩かった。,kinou mita eiga wa totemo omoshirokatta.,The movie I watched yesterday was very interesting.
575,72,とても,,とても,very; awfully; exceedingly とても + Adjective / Verb,N5,176,7,この本、とても⾯⽩いですよ。読んだ⽅がいい。,"kono hon, totemo omoshiroi desu yo. yonda hou ga ii.",This book is very interesting. You should give it a read.
576,72,とても,,とても,very; awfully; exceedingly とても + Adjective / Verb,N5,176,8,彼はとても疲れているように⾒える。,kare wa totemo tsukareteiru you ni mieru.,He looks very tired.
577,73,つもり,,つもり,plan to ~; intend to ~,N5,178,1,今⽇はラーメンを⾷べるつもりだ。,kyou wa raamen o taberu tsumori da.,"Today, I plan to eat ramen."
578,73,つもり,,つもり,plan to ~; intend to ~,N5,178,2,あなたたちも⾏くつもりですか︖,anatatachi mo iku tsumori desu ka?,Are you guys also planning to go?
579,73,つもり,,つもり,plan to ~; intend to ~,N5,178,3,⼤学に⼊って⽇本語を勉強するつもりです。,daigaku ni haitte nihongo o benkyou suru tsumori desu.,I plan on studying Japanese once I enter university
580,73,つもり,,つもり,plan to ~; intend to ~,N5,178,4,何度聞かれても、あなたに教えるつもりはありません。,"nando kikaretemo, anata ni oshieru tsumori wa arimasen.","No matter how many times you ask, I have no plans to tell you."
581,73,つもり,,つもり,plan to ~; intend to ~,N5,178,5,いつ⽇本に留学するつもりなの︖,itsu nihon ni ryuugaku suru tsumori nano?,When do you plan on studying abroad in Japan?
582,73,つもり,,つもり,plan to ~; intend to ~,N5,178,6,ばれたら、どうするつもり︖,"baretara, dou suru tsumori?",What are you planning to do if you get caught?
583,73,つもり,,つもり,plan to ~; intend to ~,N5,178,7,ごめんなさい︕あなたを傷つけるつもりはなかったんです。,gomennasai! anata o kizutsukeru tsumori wa nakatta desu.,I'm so sorry! I didn't mean to hurt you.
584,73,つもり,,つもり,plan to ~; intend to ~,N5,178,8,もし JLPT に受かったら⽇本の会社で働くつもりだ。,moshi JLPT ni ukattara nihon no kaisha de hataraku tsumori da.,I plan to work at a Japanese company if I pass the JLPT.
585,74,は,,は,topic marker See below,N5,180,1,私はジョンです。,watashi wa jon desu.,"""I"" am John."
586,74,は,,は,topic marker See below,N5,180,2,それは⾯⽩い。,sore wa omoshiroi.,"""that"" is interesting."
587,74,は,,は,topic marker See below,N5,180,3,今⽇は電⾞で来ました。,kyou wa densha de kimashita.,"""today"" I came by train."
588,74,は,,は,topic marker See below,N5,180,4,⾦曜⽇は空いていますか︖,kinyoubi wa aiteimasu ka?,"How about ""Friday"", are you free?"
589,74,は,,は,topic marker See below,N5,180,5,運動をするのは嫌です。,undou o suru no wa iya desu.,"I hate ""exercising""."
590,74,は,,は,topic marker See below,N5,180,6,好きな⾷べ物は何ですか︖,suki na tabemono wa nan desu ka?,"What kind of ""food"" do you like?"
591,74,は,,は,topic marker See below,N5,180,7,私の⼤学はその駅の近くにある。,watashi no daigaku wa sono eki no chikaku ni aru.,My university is near that station.
592,74,は,,は,topic marker See below,N5,180,8,彼を説得するのは不可能だった。,kare o settoku suru no wa fukanou datta.,"We found it impossible to ""persuade him""."
593,75,は〜より・・・です,,は〜より・・・です,[A] is more ~ than [B] Noun-1 + は + Noun-2 + より + Adj +です,N5,182,1,本は映画より⾯⽩いです。,hon wa eiga yori omoshiroi desu.,Books are more interesting than movies.
594,75,は〜より・・・です,,は〜より・・・です,[A] is more ~ than [B] Noun-1 + は + Noun-2 + より + Adj +です,N5,182,2,今⽇は昨⽇より忙しいです。,kyou wa kinou yori isogashii desu.,Today is busier than yesterday.
595,75,は〜より・・・です,,は〜より・・・です,[A] is more ~ than [B] Noun-1 + は + Noun-2 + より + Adj +です,N5,182,3,電⾞はバスより速いです。,densha wa basu yori hayai desu.,Trains are faster than buses.
596,75,は〜より・・・です,,は〜より・・・です,[A] is more ~ than [B] Noun-1 + は + Noun-2 + より + Adj +です,N5,182,4,アメリカ⼈は⽇本⼈より背が⾼いです。,amerika jin wa nihon jin yori se ga takai.,American's are taller than Japanese.
597,75,は〜より・・・です,,は〜より・・・です,[A] is more ~ than [B] Noun-1 + は + Noun-2 + より + Adj +です,N5,182,5,北海道は台湾より⼤きいです。,hokkaidou wa taiwan yori ookii desu.,Hokkaido is bigger than Taiwan.
598,75,は〜より・・・です,,は〜より・・・です,[A] is more ~ than [B] Noun-1 + は + Noun-2 + より + Adj +です,N5,182,6,エベレスト⼭は富⼠⼭より⾼いです。,eberesutosan wa fujisan yori takai desu.,Mt. Everest is taller than Mt. Fuji
599,75,は〜より・・・です,,は〜より・・・です,[A] is more ~ than [B] Noun-1 + は + Noun-2 + より + Adj +です,N5,182,7,漢字はカタカナより難しいです。,kanji wa katakana yori muzukashii desu.,Kanji is more difficult than katakana.
600,76,はどうですか,,はどうですか,how about; how is Noun はどうですか,N5,184,1,明⽇はどうですか。,ashita wa dou desu ka?,How about tomorrow?
601,76,はどうですか,,はどうですか,how about; how is Noun はどうですか,N5,184,2,⽇本はどうですか︖,nihon wa dou desu ka?,How do you like Japan?
602,76,はどうですか,,はどうですか,how about; how is Noun はどうですか,N5,184,3,天気はどうですか。,tenki wa dou desu ka.,How is the weather?
603,76,はどうですか,,はどうですか,how about; how is Noun はどうですか,N5,184,4,買い物に⾏くのはどうですか。,kaimono ni iku no wa dou desu ka.,What do you say to going shopping?
604,76,はどうですか,,はどうですか,how about; how is Noun はどうですか,N5,184,5,⽇本語の勉強はどうですか。,nihongo no benkyou wa dou desu ka.,How are your Japanese studies going?
605,76,はどうですか,,はどうですか,how about; how is Noun はどうですか,N5,184,6,私の⽇本語の発⾳はどうですか︖,watashi no nihongo no hatsuon wa dou desu ka?,How is my Japanese pronunciation?
606,76,はどうですか,,はどうですか,how about; how is Noun はどうですか,N5,184,7,新しい学校はどうですか。友だちができましたか︖,atarashii gakkou wa dou desu ka. tomodachi ga dekimashita ka.,How is the new school? Have you made any friends?
607,76,はどうですか,,はどうですか,how about; how is Noun はどうですか,N5,184,8,最近仕事のほうはどうですか︖,saikin shigoto no hou wa dou desu ka?,How has work been going lately?
608,77,や,,や,and; or; connecting particle Noun + や + Noun,N5,186,1,毎朝、パンやベーコンなどを⾷べています。,"mai asa, pan ya beekon nado wo tabeteimasu.",Every morning I eat bread and bacon and so on.
609,77,や,,や,and; or; connecting particle Noun + や + Noun,N5,186,2,スーパーで⾁や野菜を買いました。,suupaa de niku ya yasai wo kaimashita.,I bought some meat and vegetables (and so on) from the supermarket.
610,77,や,,や,and; or; connecting particle Noun + や + Noun,N5,186,3,あなたのおすすめの⾳楽や本を私に教えてください。,anata no osusume no ongaku ya hon wo watashi ni oshiete kudasai.,Please tell me your recommended music or books.
611,77,や,,や,and; or; connecting particle Noun + や + Noun,N5,186,4,電⾞やバスでの旅は好きです。,densha ya basu de no tabi wa suki desu.,I like traveling by train and bus (and so on).
612,77,や,,や,and; or; connecting particle Noun + や + Noun,N5,186,5,私はアメリカやイギリスのテレビドラマを⾒るのが好きです。,watashi wa amerika ya igirisu no terebi dorama wo miru no ga suki desu.,I like watching American and British dramas (among others).
613,77,や,,や,and; or; connecting particle Noun + や + Noun,N5,186,6,冬休みは家族で⻑野や北海道へ⾏きます。,fuyu yasumi wa kazoku de nagano ya hokkaidou e ikimasu.,During winter vacation my family often goes to places like Nagano or Hokkaido.
614,77,や,,や,and; or; connecting particle Noun + や + Noun,N5,186,7,私は数学や化学などが好きです。,watashi wa suugaku ya kagaku nado ga suki desu.,"I like subjects like math, chemistry and so on."
615,77,や,,や,and; or; connecting particle Noun + や + Noun,N5,186,8,秋には葉が⾚や⻩⾊に変わる。,aki niwa ha ga aka ya kiiro ni kawaru.,The leaves turn red and yellow in fall.
616,78,よ,,よ,you know; emphasis (ending particle) end of sentence + よ,N5,188,2,ちょっと、待ってよ︕,"chotto, matte yo!",Wait a second!
617,78,よ,,よ,you know; emphasis (ending particle) end of sentence + よ,N5,188,3,元気を出せよ。,genki o dase yo.,Cheer up.
618,78,よ,,よ,you know; emphasis (ending particle) end of sentence + よ,N5,188,4,愛してるよ。,aishiteiru yo.,I love you!
619,78,よ,,よ,you know; emphasis (ending particle) end of sentence + よ,N5,188,5,頑張るよ。,ganbaru yo.,I'll do my best!
620,78,よ,,よ,you know; emphasis (ending particle) end of sentence + よ,N5,188,6,寝る時間ですよ。,neru jikan desu yo.,It's time for bed.
621,78,よ,,よ,you know; emphasis (ending particle) end of sentence + よ,N5,188,7,君にいい知らせがあるよ︕,kimi ni ii shirase ga aru yo!,I have some good news for you!
622,78,よ,,よ,you know; emphasis (ending particle) end of sentence + よ,N5,188,8,⾞で来る予定ですよね︖,kuruma de kuru yotei desu yone?,"You plan to come by car, right?"
623,78,よ,,よ,you know; emphasis (ending particle) end of sentence + よ,N5,188,9,家まで⾞で送るよ。,ie made kuruma de okuru yo.,I'll drive you home.
624,78,よ,,よ,you know; emphasis (ending particle) end of sentence + よ,N5,188,10,燃えるゴミと燃えないゴミの区別もよく分からないよね。,moeru gomi to moenai gomi no kubetsu mo yoku wakaranai yone.,"It's difficult to tell the difference between burnable and non-burnable garbage, isn't it?"
625,79,より〜ほうが,,より〜ほうが,[A] is more than [B] Verb-1 より Verb-2 ほうが ~,N5,191,1,私は猫より、⽝のほうが好きです。,"watashi wa neko yori, inu no hou ga suki desu.",I like dogs more than cats.
626,79,より〜ほうが,,より〜ほうが,[A] is more than [B] Verb-1 より Verb-2 ほうが ~,N5,191,2,昨⽇より今⽇の⽅が暑いです。,kinou yori kyou no hou ga atsui desu.,It's hotter today than it was yesterday.
627,79,より〜ほうが,,より〜ほうが,[A] is more than [B] Verb-1 より Verb-2 ほうが ~,N5,191,3,彼⼥より、君の⽅がきれいだよ。,kanojo yori kimi no hou ga kirei da yo.,You're more beautiful than she is.
628,79,より〜ほうが,,より〜ほうが,[A] is more than [B] Verb-1 より Verb-2 ほうが ~,N5,191,4,⽇本語を読むより、話す⽅が上⼿だ。,"nihongo o yomu yori, hanasu hou ga jouzu da.",I'm better at speaking Japanese than I am at reading it.
629,79,より〜ほうが,,より〜ほうが,[A] is more than [B] Verb-1 より Verb-2 ほうが ~,N5,191,5,遅く寝るより、早く寝た⽅がいいですよ。,"osoku neru yori, hayaku neta hou ga ii desu yo.",It's better to go to bed early than to go to go to bed late.
630,79,より〜ほうが,,より〜ほうが,[A] is more than [B] Verb-1 より Verb-2 ほうが ~,N5,191,6,台湾より、北海道の⽅が⼤きいです。,"taiwan yori, hokkaidou no hou ga ookii desu.",Hokkaido is bigger than Taiwan.
631,79,より〜ほうが,,より〜ほうが,[A] is more than [B] Verb-1 より Verb-2 ほうが ~,N5,191,7,⽇本語より英語の⽅が難しいと思う。,nihongo yori eigo no hou ga muzukashii to omou.,I think English is more difficult than Japanese.
632,79,より〜ほうが,,より〜ほうが,[A] is more than [B] Verb-1 より Verb-2 ほうが ~,N5,191,8,⾃転⾞の⽅が⾞より便利だと思います。,jitensha no hou ga kuruma yori benri da to omoimasu.,I think bicycles are more convenient than cars.
633,79,より〜ほうが,,より〜ほうが,[A] is more than [B] Verb-1 より Verb-2 ほうが ~,N5,191,9,家族より仕事の⽅が⼤切だと思う⼈と結婚したくない。,kazoku yori shigoto no hou ga taisetsu da to omou hito to kekkon shitakunai.,I don't want to marry someone who thinks work is more important than family.
634,1,間,あいだ,間 (あいだ),while; during; between Verb (dictionary form),N4,8,1,昨⽇は、家にいる間、ずっとテレビを⾒ていました。,"kinou wa, ie ni iru aida, zutto terebi o miteimashita.","Yesterday, while I was home I watched TV the entire time."
635,1,間,あいだ,間 (あいだ),while; during; between Verb (dictionary form),N4,8,2,⽇本にいる間は、毎⽇⽇本語を話すつもりです。,"nihon ni iru aida wa, mainichi nihongo o hanasu tsumori desu.",I plan to speak Japanese everyday while I am in Japan.
636,1,間,あいだ,間 (あいだ),while; during; between Verb (dictionary form),N4,8,3,サイクリングをしている間、ずっと⾬が降っていました。,"saikuringu o shiteiru aida, zutto ame ga futteimashita.",It rained the entire time I was cycling.
637,1,間,あいだ,間 (あいだ),while; during; between Verb (dictionary form),N4,8,4,⾷事の間、彼⼥と⼀緒に映画を⾒ました。,"shokuji no aida, kanojo to isshoni eiga o mimashita.","While eating dinner, I watched a movie together with my girlfriend."
638,1,間,あいだ,間 (あいだ),while; during; between Verb (dictionary form),N4,8,5,学校にいる間は、スマホを使ってはいけません。,"gakkou ni iru aida wa, sumaho o tsukatte wa ikemasen.",We can't use our smartphones while in school.
639,1,間,あいだ,間 (あいだ),while; during; between Verb (dictionary form),N4,8,6,バスに乗っている間、ずっと寝ていました。,"basu ni notteiru aida, zutto neteimashita.",I slept the entire time I was on the bus.
640,1,間,あいだ,間 (あいだ),while; during; between Verb (dictionary form),N4,8,7,バスを待っている間、後ろのおばあさんと話をしていました。,"basu o matteiru aida, ushiro no obaasan to hanashi o shiteimashita.","While waiting for the bus, I spoke to the elderly lady behind me."
641,1,間,あいだ,間 (あいだ),while; during; between Verb (dictionary form),N4,8,8,⽇本にいる間は私の家に泊まって。,nihon ni iru aida wa watashi no ie ni tomatte.,You can stay at my house while you are in Japan.
642,1,間,あいだ,間 (あいだ),while; during; between Verb (dictionary form),N4,8,9,あなたがここにいる間は私がいろいろ案内してあげましょう。,anata ga koko ni iru aida wa watashi ga iroiro annai shite agemashou.,I'll show you around while you are here.
643,1,間,あいだ,間 (あいだ),while; during; between Verb (dictionary form),N4,8,10,この⼆⼈の間にどのような関係が⽣まれますか︖,kono futari no aida ni dono youna kankei ga umaremasu ka?,What kind of relationship will develop between the two of them?
644,2,間に,あいだに,間に (あいだに),"while/during~ something happened Verb (casual, non-past)",N4,11,1,夜の間に⽕事が起こった。,yoru no aida ni kaji ga okotta.,A fire broke out during the night.
645,2,間に,あいだに,間に (あいだに),"while/during~ something happened Verb (casual, non-past)",N4,11,2,知らない間に寝ていた。,shiranai aida ni neteita.,I fell asleep before I even realized it.
646,2,間に,あいだに,間に (あいだに),"while/during~ something happened Verb (casual, non-past)",N4,11,3,⽇本にいる間に、⽇本語が上⼿になりたいです。,"nihon ni iru aida ni, nihongo ga jouzu ni naritai desu.",I want to get good at Japanese while I'm in Japan.
647,2,間に,あいだに,間に (あいだに),"while/during~ something happened Verb (casual, non-past)",N4,11,4,休みの間に漢字を 200 個覚えた。,yasumi no aida ni kanji o ni hyaku ko oboeta.,I memorized 200 kanji over the break.
648,2,間に,あいだに,間に (あいだに),"while/during~ something happened Verb (casual, non-past)",N4,11,5,先⽣がいない間にスマホを⾒ていた。,"sensei ga inai aida ni, sumaho o miteita.",I looked at my smartphone while the teacher was gone.
649,2,間に,あいだに,間に (あいだに),"while/during~ something happened Verb (casual, non-past)",N4,11,6,私が料理をしている間に電話がなった。,watashi ga ryouri o shiteiru aida ni denwa ga natta.,The phone rang while I was cooking.
650,2,間に,あいだに,間に (あいだに),"while/during~ something happened Verb (casual, non-past)",N4,11,7,昨⽇、私は買い物をしている間に⾃転⾞を盗まれた。,"kinou, watashi wa kaimono o shiteiru aida ni jitensha o nusumareta.",Yesterday my bicycle was stolen while I was doing some shopping.
651,2,間に,あいだに,間に (あいだに),"while/during~ something happened Verb (casual, non-past)",N4,11,8,夏休みの間に、復習しておいてくださいね。,"natsuyasumi no aida ni, fukushuu shite oite kudasai.",Please make sure to review over summer break.
652,2,間に,あいだに,間に (あいだに),"while/during~ something happened Verb (casual, non-past)",N4,11,9,電⾞を待っている間にこの雑誌でも読んでください。,densha o matteiru aida ni kono zasshi demo yonde kudasai.,Please feel free to read this magazine while you are waiting on the train.
653,2,間に,あいだに,間に (あいだに),"while/during~ something happened Verb (casual, non-past)",N4,11,10,彼は⼿術を受けている間に死んだ。,kare wa shujutsu o uketeiru aida ni shinda.,He died while undergoing surgery.
654,3,あまり〜ない,,あまり〜ない,"not very, not much い-adjective + いくない",N4,14,1,私はあまり運動しない。,watashi wa amari undou shinai.,I don't really exercise.
655,3,あまり〜ない,,あまり〜ない,"not very, not much い-adjective + いくない",N4,14,2,⽇本語があまり分からない。,nihongo ga amari wakaranai.,I don't really understand Japanese.
656,3,あまり〜ない,,あまり〜ない,"not very, not much い-adjective + いくない",N4,14,3,ホラー映画はあまり⾒ない。,horaa eiga wa amari minai,I don't really watch horror movies.
657,3,あまり〜ない,,あまり〜ない,"not very, not much い-adjective + いくない",N4,14,4,彼はあまり速く⾛ることができない。,kare wa amari hayaku hashiru koto ga dekinai.,He can't run very fast.
658,3,あまり〜ない,,あまり〜ない,"not very, not much い-adjective + いくない",N4,14,5,この⽂法があまり分かりません。教えてください。,kono bunpo ga amari wakarimasen. Oshiete kudasai.,"I don't understand this grammar very well, could you please explain it to me?"
659,3,あまり〜ない,,あまり〜ない,"not very, not much い-adjective + いくない",N4,14,6,この⾷べ物はあまり美味しくなかった。,kono tabemono wa amari oishi kunakatta.,The food wasn't that great.
660,3,あまり〜ない,,あまり〜ない,"not very, not much い-adjective + いくない",N4,14,7,私はあまりテニスが上⼿ではない。,watashi wa amari tenisu ga jouzu dewa nai.,I'm not very good at tennis.
661,3,あまり〜ない,,あまり〜ない,"not very, not much い-adjective + いくない",N4,14,8,冷たい飲み物があまり好きじゃありません。,tsumetai nomimono ga amari suki jaarimasen.,I don't really like cold beverages.
662,3,あまり〜ない,,あまり〜ない,"not very, not much い-adjective + いくない",N4,14,9,最近は忙しくて、友だちとあまり遊んでいません。,"saikin wa isogashikute, tomodachi to amari asonde imasen.",I've been so busy lately that I've hardly seen my friends.
663,4,後で,あとで,後で (あとで),after ~; later Verb (た form),N4,16,1,図書館で宿題をしたあとで、帰ります。,"toshokan de shukudai o shita ato de, kaerimasu.",I will head home after I finish my homework at the library.
664,4,後で,あとで,後で (あとで),after ~; later Verb (た form),N4,16,2,晩ご飯の後でアイスを⾷べた。,bangohan no ato de aisu o tabeta,"After dinner, I had some ice cream."
665,4,後で,あとで,後で (あとで),after ~; later Verb (た form),N4,16,3,授業が終わった後で、部活に⾏く。,"jugyou ga owatta ato de, bukatsu ni iku.","After classes finish, I will go to my club activities."
666,4,後で,あとで,後で (あとで),after ~; later Verb (た form),N4,16,4,お酒を飲んだ後で、運転してはダメですよ︕,"osake o nonda ato de, unten shitewa dame desu yo.",Driving after drinking is not permitted.
667,4,後で,あとで,後で (あとで),after ~; later Verb (た form),N4,16,5,昼ご飯を⾷べた後で、 30 分ほど昼寝をした。,"hiru gohan o tabeta ato de, sanjuu pun hodo hirune o shita.","After eating dinner, I took a nap for about a half hour."
668,4,後で,あとで,後で (あとで),after ~; later Verb (た form),N4,16,6,⼤学を卒業した後で、本当の社会⼈になりました。,"daigaku o sotsugyou shita ato de, hontou no shakaijin ni narimashita.","After graduating from university, I became a true member of society."
669,4,後で,あとで,後で (あとで),after ~; later Verb (た form),N4,16,7,宿題の後で、友だちと遊に⾏きます。,"shukudai no ato de, tomodachi to asobi ni ikimasu.","After finishing my homework, I'm going out with my friend."
670,4,後で,あとで,後で (あとで),after ~; later Verb (た form),N4,16,8,仕事の後で、飲み会があります。,"shigoto no ato de, nomikai ga arimasu.",People are going out for drinks after work tonight!
671,5,ば,,ば,conditional form; If [A] then [B] special formatting rules (see below),N4,18,1,このボタンを押せば、ドアが開きます。,"kono botan o oseba, doa ga hirakimasu.","If you push this button, the door will open."
672,5,ば,,ば,conditional form; If [A] then [B] special formatting rules (see below),N4,18,2,あなたが⾏けば、わたしも⾏くよ。,"anata ga ikeba, watashi mo iku yo.","If you go, then I'm going too!"
673,5,ば,,ば,conditional form; If [A] then [B] special formatting rules (see below),N4,18,3,今すぐ出発すれば間に合うでしょう。,ima sugu shuppatsu sureba ma ni au deshou.,"If you leave right away, you'll still make it in time!"
674,5,ば,,ば,conditional form; If [A] then [B] special formatting rules (see below),N4,18,4,毎⽇練習をすれば、上⼿になるよ。,"mainichi renshuu o sureba, jouzu ni naru yo.","If you practice everyday, you're going to improve!"
675,5,ば,,ば,conditional form; If [A] then [B] special formatting rules (see below),N4,18,5,数週間もすれば、みんな忘れるよ。,"suushuukan mo sureba, minna wasureru yo.",Everyone will forget this in a few weeks.
676,5,ば,,ば,conditional form; If [A] then [B] special formatting rules (see below),N4,18,6,海に⾏けば誰だって⽔着を着るわ。,umi ni ikeba dare datte mizugi o kiru wa.,Everyone wears a bathing suit at the beach.
677,5,ば,,ば,conditional form; If [A] then [B] special formatting rules (see below),N4,18,7,アメリカ⼤使館へ⾏きたいんですが、どう⾏けばいいですか。,"amerika taishikan he ikitaindesuga, dou ikeba ii desuka?","I want to go to the American embassy, do you know how to get there from here?"
678,6,場合は,ばあいは,場合は (ばあいは),in the event of; in the case that Verb (casual),N4,23,1,パスワードを忘れた場合は、こちらからご連絡ください。,"pasuwaado o wasureta baai wa, kochira kara gorenraku kudasai.","If you forget your password, please contact us here."
679,6,場合は,ばあいは,場合は (ばあいは),in the event of; in the case that Verb (casual),N4,23,2,⽕事の場合は、 119 をかけます。,"kaji no baai wa, 119 o kakemasu.","In the case of a fire, call 119."
680,6,場合は,ばあいは,場合は (ばあいは),in the event of; in the case that Verb (casual),N4,23,3,地震が起きた場合は、テーブルの下に潜ってください。,"jishin ga okita baai wa, teeburu no shita ni mogutte kudasai.","In the case of an earthquake, cover yourself under a table."
681,6,場合は,ばあいは,場合は (ばあいは),in the event of; in the case that Verb (casual),N4,23,4,避難する場合は、⾞を使わないで必ず歩きます。,"hinan suru baai wa, kuruma o tsukawanaide kanarazu arukimasu.","In an evacuation, make sure to walk instead of use your car."
682,6,場合は,ばあいは,場合は (ばあいは),in the event of; in the case that Verb (casual),N4,23,5,授業に間に合わない場合は、連絡してください。,"jugyou ni ma ni awanai baai wa, renraku shite kudasai.",Please contact us if you will not make it to class on time.
683,6,場合は,ばあいは,場合は (ばあいは),in the event of; in the case that Verb (casual),N4,23,6,領収書が必要な場合は、係に⾔ってください。,"ryoushuusho ga hitsuyou na baai wa, kakari ni itte kudasai.",Please tell the clerk if you will need a receipt.
684,6,場合は,ばあいは,場合は (ばあいは),in the event of; in the case that Verb (casual),N4,23,7,地震が起きた場合は、まず⽕を消すことが⼤切です。,"jishin ga okita baai wa, mazu hi o kesu koto ga taisetsu desu.","In the event of an earthquake, it's very important to first put out any fires."
685,6,場合は,ばあいは,場合は (ばあいは),in the event of; in the case that Verb (casual),N4,23,8,事故を起こした場合は、すぐに警察と病院に電話してください。,"jiko o okoshita baai wa, sugu ni keisatsu to byouin ni denwa shite kudasai.","In the case that an accident occurs, please call the police and hospital right away."
686,6,場合は,ばあいは,場合は (ばあいは),in the event of; in the case that Verb (casual),N4,23,9,ファクスの調⼦が悪い場合は、どうしたらいいですか。,"fakusu no choushi ga warui baai wa,dou shitara ii desuka.",What should I do if the fax machine is not working well?
687,7,ばかり,,ばかり,only; nothing but Noun,N4,25,1,娘はテレビばかり⾒ている。,musume wa terebi bakari miteiru.,My daughter does nothing but watch TV.
688,7,ばかり,,ばかり,only; nothing but Noun,N4,25,2,彼はお⾦ばかり考えている。,kare wa o kane bakari kangaiteiru.,He only thinks about money.
689,7,ばかり,,ばかり,only; nothing but Noun,N4,25,3,⽢いものばかり⾷べると太ります。,amaimono bakari taberu to futorimasu.,If you just eat sweets you're gonna gain weight.
690,7,ばかり,,ばかり,only; nothing but Noun,N4,25,4,嘘ばかりつく⼈が嫌いだ。,uso bakari tsuku hito ga kirai da.,I hate people who always lie.
691,7,ばかり,,ばかり,only; nothing but Noun,N4,25,5,得るものはなく、失うものばかりだ。,"eru mono wa naku, ushinau mono bakari da.","You have nothing to gain, but everything to lose."
692,7,ばかり,,ばかり,only; nothing but Noun,N4,25,6,このカフェのお客さんは⼥性ばかりですね。,kono kafe no o kyakusan wa josei bakari desune.,This cafe's customers are all girls.
693,7,ばかり,,ばかり,only; nothing but Noun,N4,25,7,⼦どもの頃は体が弱くて病気ばかりしていました。,kodomo no koro wa karada ga yowakute byouki bakari shite imashita.,I was weak as a child and sick all the time.
694,8,だけで,,だけで,just by; just by doing Verb (casual),N4,27,1,あなたに会うだけで元気になる。,anata ni au dake de genki ni naru.,I get energetic from just meeting you.
695,8,だけで,,だけで,just by; just by doing Verb (casual),N4,27,2,あなたの写真を⾒るだけでうれしい。,anata no shashin o miru dake de ureshii.,I'm happy to just see your picture.
696,8,だけで,,だけで,just by; just by doing Verb (casual),N4,27,3,宿題のことを考えるだけでやる気がなくなります。,shukudai no koto o kangaeru dake de yaruki ga naku narimasu.,Just by thinking of my homework I start to lose motivation.
697,8,だけで,,だけで,just by; just by doing Verb (casual),N4,27,4,⼆⼈だけで少し話がしたい。,futari dake de sukoshi hanashi ga shitai.,I want to talk together just the two of us.
698,8,だけで,,だけで,just by; just by doing Verb (casual),N4,27,5,彼⼥のことを思うだけでドキドキする。,kanojo no koto o omou dake de doki doki suru.,I get worked up just thinking about her.
699,8,だけで,,だけで,just by; just by doing Verb (casual),N4,27,6,愛情だけでは⽣きてはいけない。,aijou dake de wa ikite wa ikenai.,You cannot live by love alone.
700,8,だけで,,だけで,just by; just by doing Verb (casual),N4,27,7,⼀⽬⾒ただけで、俺に必要なことはすべてわかった。,"hitome mita dake de, ore ni hitsuyou na koto wa subete wakatta.",Just one glance told me all I need to know.
701,8,だけで,,だけで,just by; just by doing Verb (casual),N4,27,8,安定した収⼊を得るだけでは満⾜できなかった。,antei shita shuunyuu o eru dake de wa manzoku dekinakatta.,I wasn't satisfied just by a stable job and income.
702,9,出す,だす,出す (だす),to suddenly begin; to suddenly appear,N4,29,1,⾬が急に降り出した。,ame ga kyuu ni furi dashita.,It suddenly started raining.
703,9,出す,だす,出す (だす),to suddenly begin; to suddenly appear,N4,29,2,彼は店から⾶び出した。,kare wa mise kara tobi dashita.,He dashed out of the store.
704,9,出す,だす,出す (だす),to suddenly begin; to suddenly appear,N4,29,3,校⻑室へ呼び出された。,kouchoushitsu e yobi dasareta.,I was called into the principal's office.
705,9,出す,だす,出す (だす),to suddenly begin; to suddenly appear,N4,29,4,それを運び出してくれますか。,sore o hakobi dashite kuremasu ka?,Would you please carry that out for me?
706,9,出す,だす,出す (だす),to suddenly begin; to suddenly appear,N4,29,5,朝⾷後すぐに⾶び出した。,choushoku go sugu ni tobi dashita.,I dashed out right after breakfast.
707,9,出す,だす,出す (だす),to suddenly begin; to suddenly appear,N4,29,6,彼の話を聞いて、つい笑い出してしまった。,"kare no hanashi o kiite, tsui warai dashite shimatta.",I burst out laughing when I heard his story.
708,9,出す,だす,出す (だす),to suddenly begin; to suddenly appear,N4,29,7,彼を呼び出しても良いですか︖,kare o yobi dashite mo yoi desu ka?,Would it be alright if I called him?
709,9,出す,だす,出す (だす),to suddenly begin; to suddenly appear,N4,29,8,そのファンはアイドルに会えた喜びのあまり、泣き出した。,"sono fan wa aidoru ni aeta yorokobi no amari, nakidashita.",That fan was so overcome with joy from meeting their idol that they started bursting out
710,10,でございます,,でございます,to be (honorific) です -> でございます,N4,31,1,お釣でございます。,otsuri de gozaimasu.,Here is your change.
711,10,でございます,,でございます,to be (honorific) です -> でございます,N4,31,2,初めまして、経理部の佐藤でございます。,"hajime mashite, keiribu no satou degozaimasu.","Nice to meet you, I am Satou from accounting."
712,10,でございます,,でございます,to be (honorific) です -> でございます,N4,31,3,この件に関しましては、ただいま確認中でございます。,"kono ken ni kanshi mashite wa, tadaima kakuninchuu degozaimasu.",We are currently confirming this case.
713,10,でございます,,でございます,to be (honorific) です -> でございます,N4,31,4,私からは以上でございます。,watashi kara wa ijou de gozaimasu.,I do not have any further statements to make.
714,10,でございます,,でございます,to be (honorific) です -> でございます,N4,31,5,予約で満員でございます。,yoyaku wa man'in de gozaimasu.,We are fully booked up.
715,10,でございます,,でございます,to be (honorific) です -> でございます,N4,31,6,私は⼈⽂社会科学⼤学の２年⽣でございます。,watashi wa jinbun shakai kagaku daigaku no 2 nensei degozaimasu.,I am a second year humanities university student.
716,10,でございます,,でございます,to be (honorific) です -> でございます,N4,31,7,当社へのお問い合わせは初めてでございますか︖,tousha e no otoiawase wa hajimete de gozaimasu ka︖,Is this the first time that you contacted us?
717,10,でございます,,でございます,to be (honorific) です -> でございます,N4,31,8,ご提案頂いた改良⽅法は検討中でございます。,goteian itadaita kairyou houhou wa kentouchuu de gozaimasu.,We are currently examining the improvement methods that you proposed.
718,10,でございます,,でございます,to be (honorific) です -> でございます,N4,31,9,婦⼈の服の売り場は 3 階でございます。,fujin no fuku no uriba wa 3 kai degozaimasu.,Women's clothing is on the 3rd floor.
719,11,でも,,でも,... or something Noun でも,N4,33,1,⽔でも飲みますか︖,mizu demo nomimasu ka?,Would you care for some water or something to drink?
720,11,でも,,でも,... or something Noun でも,N4,33,2,⽜丼でもしましょうか︖,gyuudon demo shimashou ka?,Shall we go with something like the beef bowl?
721,11,でも,,でも,... or something Noun でも,N4,33,3,寒いから、暖かいものでも飲みませんか。,"samui kara, atatakai mono demo nomimasen ka.",It's a bit cold so why don't we get something warm to drink?
722,11,でも,,でも,... or something Noun でも,N4,33,4,晩ご飯ならサラダでも作りましょうか︖,bangohan nara sarada demo tsukuri mashouka?,Should I make a salad for dinner?
723,11,でも,,でも,... or something Noun でも,N4,33,5,ちょっと時間があるからゲームでもしましょうか︖,chotto jikan ga aru kara geemu demo shimashou ka︖,"We have a little time, let’s play games or something︖"
724,11,でも,,でも,... or something Noun でも,N4,33,6,仕事が終わりました。ちょっと酒屋でも⾏きませんか。,shigoto ga owari mashita. Sakaya demo ikimasen ka.,Work is finished. Why don't we go somewhere like an izakaya.
725,11,でも,,でも,... or something Noun でも,N4,33,7,電⾞を待っている間にこの雑誌でも読んでください。,densha o matteiru aida ni kono zasshi demo yonde kudasai.,Read this magazine while waiting for the train.
726,11,でも,,でも,... or something Noun でも,N4,33,8,連休はどうする︖郊外でも⾏ってみようか。,renkyuu wa dou suru︖kougai demo itte miyou ka︖,What are we gonna do this consecutive holiday? Shall we go to the suburb or
727,12,ではないか,,ではないか,right?; isn't it?,N4,35,1,トムではないか。,tomu dewa nai ka.,Well if it isn't Tom?
728,12,ではないか,,ではないか,right?; isn't it?,N4,35,2,何ときれいではないか。,nanto kirei dewa nai ka.,How pretty!
729,12,ではないか,,ではないか,right?; isn't it?,N4,35,3,すばらしい天気ではないか。,subarashii tenki dewa nai ka.,"What wonderful weather we're having, eh?"
730,12,ではないか,,ではないか,right?; isn't it?,N4,35,4,明⽇は⾬ではないかと思う。,ashita wa ame dewa nai ka to omou.,I think it will rain tomorrow.
731,12,ではないか,,ではないか,right?; isn't it?,N4,35,5,彼は病気ではないかと思う。,kare wa byouki dewa nai ka to omou.,I suspect that he's sick.
732,12,ではないか,,ではないか,right?; isn't it?,N4,35,6,タクシーに乗ろうではないか。,takushii ni norou dewa nai ka.,Why don't we take a taxi?
733,12,ではないか,,ではないか,right?; isn't it?,N4,35,7,本当のことではないかと思うよ。,hontou no koto dewa nai ka to omou yo.,I suspect it to be true.
734,12,ではないか,,ではないか,right?; isn't it?,N4,35,8,彼は来ないのではないかと思う。,kare wa konai no dewa nai ka to omou.,I'm don't think he'll be coming.
735,12,ではないか,,ではないか,right?; isn't it?,N4,35,9,試験を合格したとはすごいではないか。,shiken o goukaku shita koto wa sugoi dewa nai ka.,How wonderful that you passed your exam!
736,13,が必要,がひつよう,が必要 (がひつよう),need; necessary,N4,37,1,それは必要だ。,sore wa hitsuyou da.,It is necessary.
737,13,が必要,がひつよう,が必要 (がひつよう),need; necessary,N4,37,2,君が必要だ。,kimi ga hitsuyou da.,I need you!
738,13,が必要,がひつよう,が必要 (がひつよう),need; necessary,N4,37,3,サインは必要ですか︖,sain wa hitsuyou desu ka?,Is a signature required?
739,13,が必要,がひつよう,が必要 (がひつよう),need; necessary,N4,37,4,サッカーを練習する場所が必要です。,sakkaa o renshuu suru basho ga hitsuyou desu.,I need a place to practice soccer.
740,13,が必要,がひつよう,が必要 (がひつよう),need; necessary,N4,37,5,私は少し考える時間が必要です。,watashi wa sukoshi kangaeru jikan ga hitsuyou desu.,I need some time to think it over.
741,13,が必要,がひつよう,が必要 (がひつよう),need; necessary,N4,37,6,試合が近い。練習が必要だよ︕,shiai ga chikai. renshuu ga hitsuyou da yo.,The match is near. We need to practice!
742,13,が必要,がひつよう,が必要 (がひつよう),need; necessary,N4,37,7,夫婦はお互いに理解しあうことが必要だ。,fuufu wa otagai ni rikai shiau koto ga hitsuyou da.,Married couples need to understand each other.
743,13,が必要,がひつよう,が必要 (がひつよう),need; necessary,N4,37,8,このプロジェクトを成功させるには、少なくとも４⼈は必要だ。,"kono purojekuto o seikou saseru ni wa, sukunakutomo yo’nin wa hitsuyou da.",We need at least four people to bring off this project.
744,14,がする,,がする,to smell; hear; taste,N4,39,1,⽢い味がする。,amai aji ga suru.,It has a sweet taste.
745,14,がする,,がする,to smell; hear; taste,N4,39,2,⼈の声がする。,hito no koe ga suru.,I can hear someone's voice.
746,14,がする,,がする,to smell; hear; taste,N4,39,3,ガスの匂いがする。,gasu no nioi ga suru.,I smell gas.
747,14,がする,,がする,to smell; hear; taste,N4,39,4,このクッキーはしょうがの味がする。,kono kukkii wa shouga no aji ga suru.,I can taste ginger in this cookie.
748,14,がする,,がする,to smell; hear; taste,N4,39,5,このフルーツはどんな味がする︖,kono furuutsu wa donna aji ga suru?,What kind of flavor does this fruit have?
749,14,がする,,がする,to smell; hear; taste,N4,39,6,それは雷のような⾳がした。,sore wa kaminari no you na oto ga shita.,That sounded like thunder.
750,14,がする,,がする,to smell; hear; taste,N4,39,7,このピザは変な味がします。,kono piza wa hen na aji ga shimasu.,This pizza tastes weird.
751,14,がする,,がする,to smell; hear; taste,N4,39,8,何かが倒れる⾳がした。,nani ka ga taoreru oto ga shita.,It sounded like something fell.
752,14,がする,,がする,to smell; hear; taste,N4,39,9,このカレーは本当にいい匂いがする。,kono karee wa hontou ni ii nioi ga suru.,This curry smells really good.
753,14,がする,,がする,to smell; hear; taste,N4,39,10,隣の家でピアノの⾳がしている。,tonari no ie de piano no oto ga shiteiru.,There’s a sound of piano coming from the house next door.
754,15,がり,,がり,personality; tend to~; sensitivity towards~ い-adjective い,N4,41,1,彼⼥は怖がりだからホラー映画はダメだ。,kanojo wa kowa gari dakara horaa eiga wa dame da,My girlfriend gets scared easily so horror movies are out of the question.
755,15,がり,,がり,personality; tend to~; sensitivity towards~ い-adjective い,N4,41,2,私は寒がりなので、冬はあまり好きじゃない。,"watashi wa samu gari nanode, fuyu wa amari suki janai.","I'm sensitive to the cold, so I don't really like winter."
756,15,がり,,がり,personality; tend to~; sensitivity towards~ い-adjective い,N4,41,3,このバンドが解散したらファンが悲しがりだろう。,kono bando ga kaisan shitara fan ga kanashi gari darou.,"If this band breaks up, their fans will be very sad."
757,15,がり,,がり,personality; tend to~; sensitivity towards~ い-adjective い,N4,41,4,かっこいい彼をゲットしたらみんな羨ましがりだろうな。,kakkoii kare o getto shitara minna urayamashi gari darou na.,I bet everybody will envy me if I get a cute boyfriend.
758,15,がり,,がり,personality; tend to~; sensitivity towards~ い-adjective い,N4,41,5,⼈々が不安がりので政府はその事実を隠していた。,hitobito ga fuan gari node seifu wa sono jijitsu o kakushite ita.,The government has kept the secret so as to not make people worry.
759,15,がり,,がり,personality; tend to~; sensitivity towards~ い-adjective い,N4,41,6,あんな所に駐⾞したら近所の⼈に迷惑がりよ。,anna tokoro ni chuusha shitara kinjo no hito ni meiwaku gari yo.,The neighbors will get annoyed if you park in such a place!
760,15,がり,,がり,personality; tend to~; sensitivity towards~ い-adjective い,N4,41,7,彼は彼⼥が欲しがりバッグを買ってあげた。,kare wa kanojo ga hoshi gari baggu o katte ageta.,He bought her the bag she wanted.
761,16,がる・がっている,,がる・がっている,"to show signs of; to appear; to feel, to think",N4,44,1,怖がらないでください。,kowa garanai de kudasai.,Please don't feel scared (or afraid)
762,16,がる・がっている,,がる・がっている,"to show signs of; to appear; to feel, to think",N4,44,2,試合に負けて悔しがる。,shiai ni makete kuyashi garu.,Feeling (or appearing to be) bitter after losing the match.
763,16,がる・がっている,,がる・がっている,"to show signs of; to appear; to feel, to think",N4,44,3,彼は死ぬのを怖がっている。,kare wa shinu no o kowa gatteiru.,He is afraid of death.
764,16,がる・がっている,,がる・がっている,"to show signs of; to appear; to feel, to think",N4,44,4,弟は来られなくて、とても残念がっていました。,"ototo wa korarenakute, totemo zannen gatteimashita.",My brother seems upset that he is not able to come.
765,16,がる・がっている,,がる・がっている,"to show signs of; to appear; to feel, to think",N4,44,5,恥ずかしがらないで、前に出てきてください。,"hazukashi garanai de, mae ni dete kite kudasai.",Please don't be shy and come up here.
766,16,がる・がっている,,がる・がっている,"to show signs of; to appear; to feel, to think",N4,44,6,彼⼥はその少年をまるで実の⼦のようにかわいがっている。,kanojo wa sono shounen o marude jitsu no ko no you ni kawai gatteiru.,She loves the boy as if he were her own child.
767,17,ございます,,ございます,"to be, to exist (the polite form of いる/ある) あります changes to ございます",N4,47,1,ご質問はございますか。,go shitsumon wa gozaimasu ka,Do you have a question?
768,17,ございます,,ございます,"to be, to exist (the polite form of いる/ある) あります changes to ございます",N4,47,2,お忘れ物はございませんか。,o wasure mono wa gozai masenka?,Did you forget anything?
769,17,ございます,,ございます,"to be, to exist (the polite form of いる/ある) あります changes to ございます",N4,47,3,お時間がございますか︖,ojikan ga gozaimasu ka?,Do you have some time?
770,17,ございます,,ございます,"to be, to exist (the polite form of いる/ある) あります changes to ございます",N4,47,4,電話は階段の横にございます。,denwa wa kaidan no yoko ni gozaimasu.,The phone is next to the stairs.
771,17,ございます,,ございます,"to be, to exist (the polite form of いる/ある) あります changes to ございます",N4,47,5,お問い合わせいただいた商品については在庫がございます。,o toiawase itadaita shouhin ni tsuite wa zaiko ga gozaimasu.,We have stock of the item from your inquiry.
772,17,ございます,,ございます,"to be, to exist (the polite form of いる/ある) あります changes to ございます",N4,47,6,すみません、こちらの⾊違いの商品はございますか。,"sumimasen, kochira no iro chigai no shouhin wa gozaimasu ka︖","Excuse me, do you have a different color of this product?"
773,17,ございます,,ございます,"to be, to exist (the polite form of いる/ある) あります changes to ございます",N4,47,9,反対のご意⾒がございますか︖,hantai no goiken ga gozaimasu ka?,Do you have anything to say against it?
774,18,始める,はじめる,始める (はじめる),to start; to begin to ~,N4,49,1,⾷べ始める。,tabe hajimeru.,to begin eating.
775,18,始める,はじめる,始める (はじめる),to start; to begin to ~,N4,49,2,⾬が降り始めた。,ame ga furi hajimeta.,It started to rain.
776,18,始める,はじめる,始める (はじめる),to start; to begin to ~,N4,49,3,いつそれをやり始めるの︖,itsu sore o yari hajimeru no?,When are you starting that?
777,18,始める,はじめる,始める (はじめる),to start; to begin to ~,N4,49,4,今朝、⻭が痛くなり始めた。,"kesa, ha ga itaku nari hajimeta.",My tooth started hurting this morning.
778,18,始める,はじめる,始める (はじめる),to start; to begin to ~,N4,49,5,私はまだ⾛り始めていない。,watashi wa mada hashiri hajimete inai.,I still haven't started running.
779,18,始める,はじめる,始める (はじめる),to start; to begin to ~,N4,49,6,私はまだ⼣⾷を作り始めていない。,watashi wa mada yuushoku o tsukuri hajimete inai.,I still haven't started cooking dinner.
780,18,始める,はじめる,始める (はじめる),to start; to begin to ~,N4,49,7,この状況は変わり始めている。,kono joukyou wa kawari hajimete iru.,This situation is starting to change.
781,18,始める,はじめる,始める (はじめる),to start; to begin to ~,N4,49,8,私は今年から働き始めたばかりです。,watashi wa kotoshi kara hataraki hajimeta bakari desu.,I just started working from this year.
782,18,始める,はじめる,始める (はじめる),to start; to begin to ~,N4,49,9,私は再びサイクリングをやり始めた。,watashi wa futatabi saikuringu o yari hajimeta.,I started cycling again.
783,18,始める,はじめる,始める (はじめる),to start; to begin to ~,N4,49,10,いったん話し始めると、彼⼥を⽌めることは出来ない。,"ittan hanashi hajimeru to, kanojo o tomeru koto wa dekinai.","Once she starts talking, there's no stopping her."
784,19,はずだ,,はずだ,it must be; it should be (expectation) Verb (dictionary form),N4,51,1,あなたなら分かるはずだ。,anata nara wakaru hazu da.,You should know this.
785,19,はずだ,,はずだ,it must be; it should be (expectation) Verb (dictionary form),N4,51,2,彼は今学校にいるはずだ。,kare wa ima gakkou ni iru hazu da.,He should be in school right now.
786,19,はずだ,,はずだ,it must be; it should be (expectation) Verb (dictionary form),N4,51,3,お⽗さんがそろそろ家に帰るはずだ。,otousan ga sorosoro ie ni kaeru hazu da.,Father should be returning home anytime now.
787,19,はずだ,,はずだ,it must be; it should be (expectation) Verb (dictionary form),N4,51,4,今⽇は祝⽇だから、銀⾏は休みのはずだ。,"kyou wa shukujitsu dakara, ginkou wa yasumi no hazu da.","Today is a national holiday, so surely the banks are closed."
788,19,はずだ,,はずだ,it must be; it should be (expectation) Verb (dictionary form),N4,51,5,それは明らかなはずだ。,sore wa akirakana hazu da.,That should be obvious.
789,19,はずだ,,はずだ,it must be; it should be (expectation) Verb (dictionary form),N4,51,6,あなたは法律を知っているはずだ。,anata wa houritsu o shitteiru hazu da.,You should know the law.
790,19,はずだ,,はずだ,it must be; it should be (expectation) Verb (dictionary form),N4,51,7,⽥中さんは今、旅⾏中だから、家にいないはずだ。,"tanaka-san wa ima, ryokouchuu dakara, ie ni inai hazu da.",Tanaka-san can't be home right now since he is currently travelling.
791,19,はずだ,,はずだ,it must be; it should be (expectation) Verb (dictionary form),N4,51,8,彼らはそのテーマについて話し合っているはずだ。,karera wa sono teema ni tsuite wa hanashiatte iru hazu da.,They should be discussing that theme.
792,19,はずだ,,はずだ,it must be; it should be (expectation) Verb (dictionary form),N4,51,9,彼は英語を専⾨にやったのだからできるはずだ。,kare wa eigo o senmon ni yatta no da kara dekiru hazu da.,"He ought to be a good scholar, for he has made a specialty of English."
793,19,はずだ,,はずだ,it must be; it should be (expectation) Verb (dictionary form),N4,51,10,私の知る限りでは彼は遅れたことはないはずだ。,watashi no shiru kagiri de wa kare wa okureta koto wa nai hazu da.,He has never been late to the best of my knowledge.
794,20,はずがない,,はずがない,cannot be (impossible) Verb (dictionary form),N4,53,1,そんなはずがない。,sonna hazu ga nai.,That can't be true.
795,20,はずがない,,はずがない,cannot be (impossible) Verb (dictionary form),N4,53,2,彼⼥の話は本当のはずがない。,kanojo no hanashi wa hontou no hazu ga nai.,Her story can't be true.
796,20,はずがない,,はずがない,cannot be (impossible) Verb (dictionary form),N4,53,3,彼はそんなことを⾔うはずがない。,kare wa sonna koto o iu hazu ga nai.,He would never say such a thing.
797,20,はずがない,,はずがない,cannot be (impossible) Verb (dictionary form),N4,53,4,ジョンが嘘をついているはずがない。,jon ga uso o tsuiteiru hazu ga nai.,There's no way that John is lying.
798,20,はずがない,,はずがない,cannot be (impossible) Verb (dictionary form),N4,53,5,そんな⼤きな量を全部⾷べられるはずがない。,sonna ookina ryou o taberareru hazu ga nai.,There's no way you're going to be able to eat all of that.
799,20,はずがない,,はずがない,cannot be (impossible) Verb (dictionary form),N4,53,6,そのうわさが本当のはずがない。,sono uwasa ga hontou na hazu ga nai.,That rumor cannot be true.
800,20,はずがない,,はずがない,cannot be (impossible) Verb (dictionary form),N4,53,7,彼が３０才より若いはずがない。,kare ga sanjuu sai yori wakai hazu ga nai.,He can't be under thirty.
801,20,はずがない,,はずがない,cannot be (impossible) Verb (dictionary form),N4,53,8,真⾯⽬な⽥中さんが、無断で休むはずがない。,"majimena tanaka san ga, mudan de yasumu hazu ga nai.",Tanaka-san is a very honest and hardworking person. There is no way he would take
802,20,はずがない,,はずがない,cannot be (impossible) Verb (dictionary form),N4,53,9,彼は今事務所にいるはずがありません。,kare wa ima jimusho ni iru hazu ga arimasen.,He shouldn't be in the office now.
803,20,はずがない,,はずがない,cannot be (impossible) Verb (dictionary form),N4,53,10,あの⼈は昨⽇⼊院したので、明⽇のレースに来るはずがない。,"ano hito wa kinou nyuuin shita no de, ashita no reesu ni kuru hazu ga nai.","That person was hospitalized yesterday, so there's no way they're coming to tomorrow's"
804,21,必要がある,ひつようがある,必要がある (ひつようがある),need to; it is necessary to,N4,55,1,彼らは休む必要がある。,karera wa yasumu hitsuyou ga aru.,They need to rest.
805,21,必要がある,ひつようがある,必要がある (ひつようがある),need to; it is necessary to,N4,55,2,もっと勉強する必要がある。,motto benkyou suru hitsuyou ga aru.,I need to study more.
806,21,必要がある,ひつようがある,必要がある (ひつようがある),need to; it is necessary to,N4,55,3,私の弟は今⽇学校に⾏く必要がない。,watashi no otouto wa kyou gakkou ni iku hitsuyou ga nai.,My younger brother doesn't need to go to school today.
807,21,必要がある,ひつようがある,必要がある (ひつようがある),need to; it is necessary to,N4,55,4,俺にはもう必要がない。,ore ni wa mou hitsuyou ga nai.,I have no need for this anymore.
808,21,必要がある,ひつようがある,必要がある (ひつようがある),need to; it is necessary to,N4,55,5,何でそんなことをする必要があるんですか︖,nande sonna koto o suru hitsuyou ga aru n desu ka?,Why is it necessary to do that?
809,21,必要がある,ひつようがある,必要がある (ひつようがある),need to; it is necessary to,N4,55,6,医者は彼にタバコをやめる必要があると⾔った。,isha wa kare ni tabako o yameru hitsuyou ga aru to itta.,The doctor told him that he needs to quit smoking.
810,21,必要がある,ひつようがある,必要がある (ひつようがある),need to; it is necessary to,N4,55,7,まず、部屋を掃除する必要がある。,"mazu, heya o souju suru hitsuyou ga aru.","First, we need to clean this room."
811,21,必要がある,ひつようがある,必要がある (ひつようがある),need to; it is necessary to,N4,55,8,私はわざわざ店にまで買いに⾏く必要がない。,watashi wa wazawaza mise ni made kai ni iku hitsuyou ga nai.,I don't need to go out of my way to go and buy it at the store.
812,21,必要がある,ひつようがある,必要がある (ひつようがある),need to; it is necessary to,N4,55,9,⽇本の会社で働くために、 JLPT N3 に合格する必要がある。,"nihon no kaisha de hataraku tame ni, JLPT N3 ni goukaku suru hitsuyou ga aru.","To work at a Japanese company, you need to pass JLPT N3."
813,22,意向形,いこうけい,意向形 (いこうけい),volitional form ; let's do ~. see conjugation rules below...,N4,58,1,今⽇から⾃転⾞で出勤しよう。,kyou kara jitensha de shukkin shiyou.,Let's start commuting by bicycle from today!
814,22,意向形,いこうけい,意向形 (いこうけい),volitional form ; let's do ~. see conjugation rules below...,N4,58,2,もう 11 時だ。早く寝よう。,mou 11 ji da. Hayaku neyou.,"It's already 11pm, let's hurry and go to sleep."
815,22,意向形,いこうけい,意向形 (いこうけい),volitional form ; let's do ~. see conjugation rules below...,N4,58,3,重たいそうだね。⼿伝おうか。,omotai sou da ne. Tetsudaou ka︖,"That looks heavy, shall I give you a hand?"
816,22,意向形,いこうけい,意向形 (いこうけい),volitional form ; let's do ~. see conjugation rules below...,N4,58,4,今⽇は⾷堂で昼⾷を⾷べよう。,kyou wa shokudou de chuushoku o tabeyou.,Let's eat lunch at the dining room today.
817,22,意向形,いこうけい,意向形 (いこうけい),volitional form ; let's do ~. see conjugation rules below...,N4,58,5,図書館で⼀緒に勉強しよう。,toshokan de issho ni benkyou shiyou.,Let's study together at the library.
818,22,意向形,いこうけい,意向形 (いこうけい),volitional form ; let's do ~. see conjugation rules below...,N4,58,6,明⽇は週末ですから、飲みに⾏こう。,"ashita wa shuumatsu desu kara, nomi ni ikou.","Tomorrow is the end of the week, so let's go out for some drinks."
819,22,意向形,いこうけい,意向形 (いこうけい),volitional form ; let's do ~. see conjugation rules below...,N4,58,7,⾬が降っているよ。駅まで送ってあげようか︖,ame ga futte iru yo. eki made okutte ageyou ka?,It's raining.. Shall I give you a lift to the station?
820,23,いらっしゃる,,いらっしゃる,to be; to come; to go (polite version) いる (changes to),N4,61,1,質問のある⽅はいらっしゃいませんか。,shitsumon no aru kata wa irasshaimasen ka.,Does anyone have any questions?
821,23,いらっしゃる,,いらっしゃる,to be; to come; to go (polite version) いる (changes to),N4,61,2,校⻑先⽣は図書館にいらっしゃいます。,kouchou sensei wa toshokan ni irasshaimasu.,The headmaster is in the library.
822,23,いらっしゃる,,いらっしゃる,to be; to come; to go (polite version) いる (changes to),N4,61,3,私たちと⼀緒にいらっしゃいませんか︖,watashitachi to isshoni irrashaimasen ka?,私たちと⼀緒にいらっしゃいませんか
823,23,いらっしゃる,,いらっしゃる,to be; to come; to go (polite version) いる (changes to),N4,61,4,先⽣、何時まで学校にいらっしゃいますか。,"sensei, nanji made gakkou ni irasshaimasu ka.","Teacher, until what time will you remain at school?"
824,23,いらっしゃる,,いらっしゃる,to be; to come; to go (polite version) いる (changes to),N4,61,5,先⽣はあなたを信じていらっしゃる。,sensei wa anata o shinjite irassharu.,Our teacher believes in you.
825,23,いらっしゃる,,いらっしゃる,to be; to come; to go (polite version) いる (changes to),N4,61,6,明⽇のパーティーにいらっしゃいますか。,ashita no paatii ni irasshaimasu ka.,Will you go to the party tomorrow?
826,23,いらっしゃる,,いらっしゃる,to be; to come; to go (polite version) いる (changes to),N4,61,7,この電⾞の中にお医者さんはいらっしゃいますか。,kono densha no naka ni oisha san wa irasshaimasu ka?,Is there a doctor in this train?
827,23,いらっしゃる,,いらっしゃる,to be; to come; to go (polite version) いる (changes to),N4,61,9,この⾞内にお医者様はいらっしゃいませんか。,kono shanai ni oisha sama wa irasshaimasen ka.,Is there a doctor on this train?
828,24,いたします,,いたします,to do (polite form of する) する (changes to) いたす,N4,63,1,失礼いたします。,shitsurei itashimasu.,Excuse me.
829,24,いたします,,いたします,to do (polite form of する) する (changes to) いたす,N4,63,2,この仕事は私がいたします。,kono shigoto wa watashi ga itashimasu.,I will do this job.
830,24,いたします,,いたします,to do (polite form of する) する (changes to) いたす,N4,63,3,お席にご案内いたします。,oseki ni goannai itashimasu.,I’ll take you to your seat.
831,24,いたします,,いたします,to do (polite form of する) する (changes to) いたす,N4,63,4,新幹線の予約は私がいたします。,shinkansen no yoyaku wa watashi ga itashimasu.,I’ll book the shinkansen bullet train tickets.
832,24,いたします,,いたします,to do (polite form of する) する (changes to) いたす,N4,63,5,荷物は私が明⽇にお届けいたします。,nimotsu wa watashi ga ashita ni otodoke itashimasu.,I’ll send the luggage tomorrow.
833,24,いたします,,いたします,to do (polite form of する) する (changes to) いたす,N4,63,6,必要な教材のリストを同封いたします。,hitsuyou na kyouzai no risuto o doufuu itashimasu.,Please find enclosed a list of all necessary teaching equipment.
834,24,いたします,,いたします,to do (polite form of する) する (changes to) いたす,N4,63,7,新学期は 9 ⽉ 3 ⽇に始まることをお知らせいたします。,shingakki wa kugatsu mikka ni hajimaru koto o oshirase itashimasu.,I’d like to inform you that the new school year will begin on September 3rd.
835,24,いたします,,いたします,to do (polite form of する) する (changes to) いたす,N4,63,8,５千円からお預かりいたします。３千円のおつりでございます。,gosen en kara oazukari itashimasu. sanzen’en no otsuri de gozaimasu.,"Here’s your change of 3,000 yen out of 5,000 yen."
836,25,じゃないか,,じゃないか,right? isn't it? let's~; confirmation phrase じゃないか,N4,65,1,⾏こうじゃないか。,ikou janai ka.,"Let's go, shall we?"
837,25,じゃないか,,じゃないか,right? isn't it? let's~; confirmation phrase じゃないか,N4,65,2,ダメじゃないか。,dame janai ka.,You should know that's no good / you can't do that.
838,25,じゃないか,,じゃないか,right? isn't it? let's~; confirmation phrase じゃないか,N4,65,3,だから⾔ったじゃないか︕,dakara itta janai ka!,I told you so! (didn't I?)
839,25,じゃないか,,じゃないか,right? isn't it? let's~; confirmation phrase じゃないか,N4,65,4,今夜外⾷しようじゃないか。,konya gaishoku shiyou janai ka.,"Let's go out for dinner tonight, shall we?"
840,25,じゃないか,,じゃないか,right? isn't it? let's~; confirmation phrase じゃないか,N4,65,5,今⽇は元気そうじゃないか。,kyou wa genki sou janai ka.,Well aren't you looking quite energetic today?
841,25,じゃないか,,じゃないか,right? isn't it? let's~; confirmation phrase じゃないか,N4,65,6,お祝いに⼀杯やろうじゃないか。,oiwai ni ippai yarou janai ka.,Let's have a drink in celebration (shall we?)
842,25,じゃないか,,じゃないか,right? isn't it? let's~; confirmation phrase じゃないか,N4,65,7,間違えたのは君じゃないか︕,machigaeta no wa kimi janai ka!,It was you that who made the mistake!
843,25,じゃないか,,じゃないか,right? isn't it? let's~; confirmation phrase じゃないか,N4,65,8,散歩しようじゃないか。,sanpo shiyou janai ka.,Why don't we go for a walk?
844,25,じゃないか,,じゃないか,right? isn't it? let's~; confirmation phrase じゃないか,N4,65,9,彼の話を最後まで聞こうじゃないか。,kare no hanashi o saigo made kikou janai ka.,Let's hear the rest of his story.
845,26,かどうか,,かどうか,whether or not Verb (casual form),N4,67,1,明⽇晴れるかどうか知らない。,ashita hareru ka dou ka shiranai.,I don't know if the weather will be clear or not tomorrow.
846,26,かどうか,,かどうか,whether or not Verb (casual form),N4,67,2,それが正しいかどうかわからない。,sore ga tadashii ka dou ka wakaranai.,I'm not sure if that is correct or not.
847,26,かどうか,,かどうか,whether or not Verb (casual form),N4,67,3,⾏くかどうか後で電話で知らせます。,iku ka douka atode denwa de shirasemasu.,I'll let you know later by phone if I'm going or not.
848,26,かどうか,,かどうか,whether or not Verb (casual form),N4,67,4,おいしいかどうか⾷べないとわからない。,oishii ka douka tabenai to wakaranai.,We won't know if it's good or not until we eat it.
849,26,かどうか,,かどうか,whether or not Verb (casual form),N4,67,5,名前を書いたかどうか、もう⼀度チェックしてください。,"namae o kaita ka douka, mou ichido chekku shite kudasai.",Please check again if you wrote the name.
850,26,かどうか,,かどうか,whether or not Verb (casual form),N4,67,6,この計画は成功できるかどうか⼼配です。,kono keikaku wa seikou dekiru ka douka shinpai desu.,I'm worried if we'll be able to succeed with this plan.
851,26,かどうか,,かどうか,whether or not Verb (casual form),N4,67,7,⽥中さんが⼤学を卒業できたかどうか知っていますか。,tanaka san ga daigaku o sotsugyou dekita ka douka shitte imasu ka.,Do you know if Tanaka graduated from college?
852,26,かどうか,,かどうか,whether or not Verb (casual form),N4,67,8,彼がこのプレゼントを喜ぶかどうか分かりません。,kare ga kono purezento o yorokobu ka douka wakarimasen.,I don't know if he will be pleased with this gift.
853,26,かどうか,,かどうか,whether or not Verb (casual form),N4,67,9,弱いかどうかとはまったく関係ない。,yowai ka douka towa mattaku kankei nai.,It has nothing to do with weakness.
854,27,かしら,,かしら,I wonder phrase かしら,N4,69,1,本当かしら。,hontou ka shira.,I wonder if that's true.
855,27,かしら,,かしら,I wonder phrase かしら,N4,69,2,どこへ⾏ったかしら。,doko e itta ka shira.,I wonder where they could have gone?
856,27,かしら,,かしら,I wonder phrase かしら,N4,69,3,誰かしら。,dare ka shira.,I wonder who that is.
857,27,かしら,,かしら,I wonder phrase かしら,N4,69,4,彼は本気かしら。,kare wa honki ka shira.,I wonder if he is serious.
858,27,かしら,,かしら,I wonder phrase かしら,N4,69,5,明⽇は⾬かしら。,ashita wa ame ka shira.,I wonder if it will rain tomorrow.
859,27,かしら,,かしら,I wonder phrase かしら,N4,69,6,この本は売れるかしら︖,kono hon wa ureru ka shira.,I wonder if this book will sell.
860,27,かしら,,かしら,I wonder phrase かしら,N4,69,7,明⽇は晴れるかしら。,ashita wa hareru ka shira.,I wonder if it will clear up tomorrow.
861,27,かしら,,かしら,I wonder phrase かしら,N4,69,8,今夜、外⾷するのはどうかしら︖,"konya, gaishoku suru no wa dou ka shira?",What do you think about eating out tonight?
862,27,かしら,,かしら,I wonder phrase かしら,N4,69,9,以前お会いしませんでしたかしら。,izen o ai shimasen deshita ka shira?,Have we met before?
863,28,かい,,かい,turns a sentence into a yes/no question Sentence かい,N4,71,1,歩けるかい︖,arukeru kai?,Can you walk?
864,28,かい,,かい,turns a sentence into a yes/no question Sentence かい,N4,71,2,コーヒーいるかい︖,koohii iru kai?,Do you want a coffee?
865,28,かい,,かい,turns a sentence into a yes/no question Sentence かい,N4,71,3,⼀緒にくるかい。,isshoni kuru kai.,Do you want to come along?
866,28,かい,,かい,turns a sentence into a yes/no question Sentence かい,N4,71,4,まだ終わってないのかい︖,mada owatte nai no kai.,Aren’t you finished yet?
867,28,かい,,かい,turns a sentence into a yes/no question Sentence かい,N4,71,5,話してくれるかい︖いったい何があったんだ︖,hanashite kureru kai. ittai nani ga attan da.,Will you tell me the story? What happened?
868,28,かい,,かい,turns a sentence into a yes/no question Sentence かい,N4,71,6,それで、学校はどうだった︖友だちはできたかい︖,"sore de, gakkou wa dou datta. tomodachi wa dekita kai.","So, how did you like school? Have you made any friends?"
869,28,かい,,かい,turns a sentence into a yes/no question Sentence かい,N4,71,7,俺とダンスパーティーに⾏くかい︖,ore to dansu paatii ni iku kai.,Do you want to go to the dance party with me?
870,29,かもしれない,,かもしれない,might; perhaps; indicates possibility Verb (casual form),N4,73,1,難しいかも。,muzukashii kamo.,This might be a bit difficult.
871,29,かもしれない,,かもしれない,might; perhaps; indicates possibility Verb (casual form),N4,73,2,そうかもしれない。,sou kamo shirenai.,That may be the case. / you may be right.
872,29,かもしれない,,かもしれない,might; perhaps; indicates possibility Verb (casual form),N4,73,3,病気かもしれない。,byouki kamo shirenai.,I might be sick..
873,29,かもしれない,,かもしれない,might; perhaps; indicates possibility Verb (casual form),N4,73,4,午後から⾬が降るかもしれない。,gogo kara ame ga furu kamo shirenai.,It might start raining in the afternoon.
874,29,かもしれない,,かもしれない,might; perhaps; indicates possibility Verb (casual form),N4,73,5,来週、台⾵が来るかもしれない。,"konshuu, taifuu ga kuru kamo shirenai.",A typhoon might be coming this week.
875,29,かもしれない,,かもしれない,might; perhaps; indicates possibility Verb (casual form),N4,73,6,途中で⾬が降るかもしれないから、傘を持っていきましょう。,"tochuu de ame ga furu kamoshirenai kara, kasa o motte ikimashou.","It might rain on our way there, so let's bring our umbrellas."
876,29,かもしれない,,かもしれない,might; perhaps; indicates possibility Verb (casual form),N4,73,7,転職するかもしれません。,tenshoku suru kamo shiremasen.,I might be changing jobs.
877,29,かもしれない,,かもしれない,might; perhaps; indicates possibility Verb (casual form),N4,73,8,⾛れば終電に間に合うかもしれません。,hashireba shuuden ni mani au kamo shiremasen.,If I run I might make the last train.
878,29,かもしれない,,かもしれない,might; perhaps; indicates possibility Verb (casual form),N4,73,9,到着が遅くなるかもしれません。,touchaku ga osoku naru kamoshiremasen.,My arrival might be a bit delayed.
879,30,かな,,かな,I wonder; should I? Verb (dictionary form),N4,75,1,彼⼥は元気かな。,kanojo wa genki kana.,I wonder if she's doing well.
880,30,かな,,かな,I wonder; should I? Verb (dictionary form),N4,75,2,⾬が降るかな。,ame ga furu kana.,I wonder if it's going to rain.
881,30,かな,,かな,I wonder; should I? Verb (dictionary form),N4,75,3,外は寒いかな。,soto wa samui kana.,I wonder if it's cold outside.
882,30,かな,,かな,I wonder; should I? Verb (dictionary form),N4,75,4,もう⾷べていいかな。,mou tabete ii kana.,I wonder if it's OK to start eating. (can also express desire to eat)
883,30,かな,,かな,I wonder; should I? Verb (dictionary form),N4,75,5,⼀緒に映画を⾒るのはどうかな︖,isshoni eiga o miru no wa dou kana?,What do you think about going to see a movie together?
884,30,かな,,かな,I wonder; should I? Verb (dictionary form),N4,75,6,ここに座ってもいいかな︖,koko ni suwatte mo ii kana?,Do you mind if I sit here?
885,30,かな,,かな,I wonder; should I? Verb (dictionary form),N4,75,7,私はカレーうどんにしようかな。,watashi wa karee udon ni shiyou kana.,I think I'll go with the curry udon.
886,30,かな,,かな,I wonder; should I? Verb (dictionary form),N4,75,8,そろそろ勉強しようかな。,sorosoro benkyou shiyou kana.,I guess I should start studying now.
887,31,から作る,からつくる,から作る (からつくる),made from; made with,N4,77,1,ワインはブドウから作る。,wain wa budou kara tsukuru.,Wine is made from grapes.
888,31,から作る,からつくる,から作る (からつくる),made from; made with,N4,77,2,紙は⽊から作られる。,kami wa ki kara tsukurareru.,Paper is made from wood.
889,31,から作る,からつくる,から作る (からつくる),made from; made with,N4,77,3,酒は⽶で作る。,sake wa kome de tsukuru.,Sake (Japanese alcohol) is made from rice.
890,31,から作る,からつくる,から作る (からつくる),made from; made with,N4,77,4,このつくえは⽊で作られています。,kono tsukue wa ki de tsukurarete imasu.,This desk was made from wood.
891,31,から作る,からつくる,から作る (からつくる),made from; made with,N4,77,5,チーズは⽜乳から作られますか︖,chiizu wa gyuunyuu kara tsukurare masu ka?,Can you make cheese from milk?
892,31,から作る,からつくる,から作る (からつくる),made from; made with,N4,77,6,この橋は⽯から作られている。,kono hashi wa ishi kara tsukurare teiru.,This bridge was made from stones.
893,31,から作る,からつくる,から作る (からつくる),made from; made with,N4,77,7,⽇本酒は⽶から作られます。,nihonshu wa kome kara tsukuraremasu.,Japanese sake is made from rice.
894,31,から作る,からつくる,から作る (からつくる),made from; made with,N4,77,8,このゼリーはリンゴジュースで作った。,kono zerii wa ringo juusu de tsukutta.,I made this jelly from apple juice.
895,32,きっと,,きっと,surely; undoubtedly; almost certainly; most event,N4,79,1,明⽇はきっと⾬でしょう。,ashita wa kitto ame deshou.,It will likely rain tomorrow.
896,32,きっと,,きっと,surely; undoubtedly; almost certainly; most event,N4,79,2,彼⼥はきっと来るよ。,kanojo wa kitto kuru yo.,I am certain she will come.
897,32,きっと,,きっと,surely; undoubtedly; almost certainly; most event,N4,79,3,がんばって勉強したから、きっと明⽇のテストは⼤丈夫だよ。,"ganbatte benkyou shita kara, kitto ashita no tesuto wa daijoubu da yo.","You studied really hard, so I'm sure tomorrow's test will be fine!"
898,32,きっと,,きっと,surely; undoubtedly; almost certainly; most event,N4,79,4,明⽇は、きっと晴れるでしょう。,"ashita wa, kitto hareru deshou.",It will most likely be sunny tomorrow.
899,32,きっと,,きっと,surely; undoubtedly; almost certainly; most event,N4,79,5,彼は私の親友だから、きっと私を助けてくれる。,"kare wa watashi no shinyuu da kara, kitto watashi o tasukete kureru.","He's my best friend, so I'm positive he will help me."
900,32,きっと,,きっと,surely; undoubtedly; almost certainly; most event,N4,79,6,この仕事の給料は低いからきっと誰でもやりたくない。,kono shigoto no kyuuryou wa hikui kara kitto dare demo yarita kunai.,"This job's salary is low, so surely no one will want to do it."
901,32,きっと,,きっと,surely; undoubtedly; almost certainly; most event,N4,79,7,あの⼈は⾒たことないから、きっと新しい学⽣だ。,"ano hito wa mita koto nai kara, kitto atarashii gakusei da.","I've never seen that person before, so they're most likely a new student."
902,32,きっと,,きっと,surely; undoubtedly; almost certainly; most event,N4,79,9,今⽇は結婚記念⽇だから、主⼈はきっと早く帰ると思います。,"kyou wa kekkon kinenbi da kara, shujin wa kitto hayaku kaeru to omoimasu.","Today is our wedding anniversary, so surely my husband will head home early."
903,33,こと,,こと,"Verb nominalizer Verb (casual, non-past) こと",N4,83,1,本を読むことが好きです。,hon o yomu koto ga suki desu.,I like to read books.
904,33,こと,,こと,"Verb nominalizer Verb (casual, non-past) こと",N4,83,2,私は料理を作ることが下⼿です。,watashi wa ryouri o tsukuru koto ga heta desu.,I am bad at cooking food.
905,33,こと,,こと,"Verb nominalizer Verb (casual, non-past) こと",N4,83,3,私はゲームをすることが⼤好きです。,watashi wa geemu o suru koto ga daisuki desu.,I love playing games.
906,33,こと,,こと,"Verb nominalizer Verb (casual, non-past) こと",N4,83,4,私には考えることがたくさんある。,watashi ni wa kangaeru koto ga takusan aru.,There are many things that we think about.
907,33,こと,,こと,"Verb nominalizer Verb (casual, non-past) こと",N4,83,5,私の趣味は料理を作ることです。,watashi no shumi wa ryouri o tsukuru koto desu.,My hobby is cooking.
908,33,こと,,こと,"Verb nominalizer Verb (casual, non-past) こと",N4,83,6,毎⽇ウォーキングをすることにしている。,mainichi wookingu o suru koto ni shiteiru.,I go walking every day.
909,33,こと,,こと,"Verb nominalizer Verb (casual, non-past) こと",N4,83,7,⼦どもの頃、私の夢は歌⼿になることでした。,"kodomo no koro, watashi no yume wa kashu ni naru koto deshita.",When I was a child I dreamed of becoming a singer.
910,33,こと,,こと,"Verb nominalizer Verb (casual, non-past) こと",N4,83,8,宿題をすることができなかった。,shukudai o suru koto ga dekinakatta.,I couldn't do my homework.
911,34,ことがある,,ことがある,there are times when,N4,85,1,たまに彼⼥と⼀緒にテニスをしに⾏くことがある。,tamani kanojo to isshoni tenisu o shini iku koto ga aru.,Sometimes I go to play tennis with my girlfriend.
912,34,ことがある,,ことがある,there are times when,N4,85,2,たまに⾃転⾞で通勤することがある。,tamani jitensha de tsuukin suru koto ga aru.,Sometimes I commute to work by bicycle.
913,34,ことがある,,ことがある,there are times when,N4,85,3,私は会議中でも、寝てしまうことがある。,"watashi wa kaigichuu demo, nete shimau koto ga aru.",Sometimes I fall asleep during meetings.
914,34,ことがある,,ことがある,there are times when,N4,85,4,時々仕事をやめたいと思うことがある。,tokidoki shigoto o yametai to omou koto ga aru.,There are times when I feel like quitting my job.
915,34,ことがある,,ことがある,there are times when,N4,85,5,私の地元は 6 ⽉でも寒いことがある。,watashi no jimoto wa roku gatsu demo samui koto ga aru.,In my hometown there are times where it is cold even in June.
916,34,ことがある,,ことがある,there are times when,N4,85,6,普段は⺟がご飯を作りますが、私が作ることもあります。,"fudan wa haha ga gohan o tsukurimasu ga, watashi ga tsukuru koto mo arimasu.","My mother usually cooks, but there are times when I do as well."
917,34,ことがある,,ことがある,there are times when,N4,85,7,時々ベトナム料理を作ることがあります。,tokidoki betonamu ryouri o tsukuru koto ga arimasu.,Sometimes I cook Vietnamese food.
918,34,ことがある,,ことがある,there are times when,N4,85,8,たまに⼈の名前を忘れることがあります。,tamani hito no namae o wasureru koto ga arimasu.,There are times when I forget people's names.
919,34,ことがある,,ことがある,there are times when,N4,85,9,話したいことがある。,hanashitai koto ga aru.,There's something I'd like to talk to you about
920,34,ことがある,,ことがある,there are times when,N4,85,10,今週はたくさんのやることがります。,konshuu takusan no yaru koto ga arimasu.,This week there are a lot of thins for me to do.
921,35,ことができる,,ことができる,can; able to,N4,87,1,私は⽇本語を話すことができる。,watashi wa nihongo o hanasu koto ga dekiru.,I can speak Japanese.
922,35,ことができる,,ことができる,can; able to,N4,87,2,彼⼥は歌うことができる。,kanojo wa utau koto ga dekiru.,She can sing.
923,35,ことができる,,ことができる,can; able to,N4,87,3,このナイフはどんなものでも切ることができるよ。,kono naifu wa donna mono demo kiru koto ga dekiru yo.,This knife can cut through anything.
924,35,ことができる,,ことができる,can; able to,N4,87,4,何も⾔うことができない。,nani mo iu koto ga dekinai.,I can't say anything.
925,35,ことができる,,ことができる,can; able to,N4,87,5,私は嘘をつくことができない。,watashi wa uso o tsuku koto ga dekinai.,I'm not able to tell a lie.
926,35,ことができる,,ことができる,can; able to,N4,87,6,私は⽇本語を学ぶことができない。,watashi wa nihongo o manabu koto ga dekinai.,I can't learn Japanese.
927,35,ことができる,,ことができる,can; able to,N4,87,7,ここからは⼭を⾒ることができます。,koko kara yama o miru koto ga dekimasu.,You can see the mountains from here.
928,35,ことができる,,ことができる,can; able to,N4,87,8,どこで⼿を洗うことができますか︖,doko de te o arau koto ga dekimasu ka?,Where can I wash my hands?
929,35,ことができる,,ことができる,can; able to,N4,87,9,納⾖を⾷べることが出来ますか︖,nattou o taberu koto ga dekimasu ka?,Can you eat natto? (fermented soybeans)
930,35,ことができる,,ことができる,can; able to,N4,87,10,彼らは私の⽇本語を理解することが出来ませんでした。,karera wa watashi no nihongo o rikai suru koto ga dekimasen deshita.,They couldn't understand my Japanese.
931,36,ことになる,,ことになる,It has been decided that..; it turns out that.. Verb (dictionary form),N4,90,1,⼊学式は 4 ⽉ 1 ⽇に⾏うことになりました。,nyuugakushiki wa shigatsu tsuitachi ni okonau koto ni narimashita.,The entrance ceremony will be held on April 1st.
932,36,ことになる,,ことになる,It has been decided that..; it turns out that.. Verb (dictionary form),N4,90,2,私の⺟が⼊院することになった。,watashi no haha ga nyuuin suru koto ni natta.,My mother has been hospitalized.
933,36,ことになる,,ことになる,It has been decided that..; it turns out that.. Verb (dictionary form),N4,90,3,⼤阪に転勤することになりました。,oosaka ni tenkin suru koto ni narimashita.,It's been decided that I'll be transferring to Osaka for work.
934,36,ことになる,,ことになる,It has been decided that..; it turns out that.. Verb (dictionary form),N4,90,4,どうしてそれを学ぶことになったの︖,doushite sore o manabu koto ni natta no?,How did you come to learn that?
935,36,ことになる,,ことになる,It has been decided that..; it turns out that.. Verb (dictionary form),N4,90,5,両親は離婚ということになった。,ryoushin wa rikon toiu koto ni natta.,My parents ended up deciding to get a divorce.
936,36,ことになる,,ことになる,It has been decided that..; it turns out that.. Verb (dictionary form),N4,90,6,明⽇新しい企画についての会議が⾏われることになっている。,ashita atarashii kikaku ni tsuite no kaigi ga okonawareru koto ni natte iru.,It's been decided that there will be a meeting regarding the new plan tomorrow.
937,36,ことになる,,ことになる,It has been decided that..; it turns out that.. Verb (dictionary form),N4,90,7,⽇本では⾞は道路の左側を運転することになっています。,nihon dewa kuruma wa douro no hidarigawa o unten suru koto ni natte imasu.,In Japan cars drive on the left side of the road.
938,37,ことにする,,ことにする,to decide on,N4,92,1,これから毎⽇ランニングをすることにする。,kore kara mainichi ranningu o suru koto ni suru.,I've decided to go running every day from now on.
939,37,ことにする,,ことにする,to decide on,N4,92,2,タバコをやめることにした。,tabako o yameru koto ni shita.,I've decided to quit smoking.
940,37,ことにする,,ことにする,to decide on,N4,92,3,春休みに彼⼥と⼀緒に台湾に⾏くことにします。,haruyasumi ni okusan to isshoni taiwan ni iku koto ni shimasu.,I've decided to go to Taiwan with my girlfriend during spring break.
941,37,ことにする,,ことにする,to decide on,N4,92,4,寝る前に⾷べないことにした。,neru mae ni tabenai koto ni shimashita.,I've decided to stop eating before going to bed.
942,37,ことにする,,ことにする,to decide on,N4,92,5,毎朝、 30 分ジョギングすることにしています。,"maiasa, 30 pun jogingu suru koto ni shite imasu.",I've decided to go jogging every morning for 30 minutes.
943,37,ことにする,,ことにする,to decide on,N4,92,6,夏休みに友達と沖縄に旅⾏することにします。,natsu yasumi ni tomodachi to Okinawa ni ryokou suru koto ni shimasu.,I've decided to go to Okinawa over summer break with my friends.
944,38,くする,,くする,to make something ~,N4,94,1,⾳楽でもっと良くする。,ongaku de motto yoku suru.,Make it better with music.
945,38,くする,,くする,to make something ~,N4,94,2,あと５００円安くしてくれたら、買いますよ。,"ato go hyaku en yasuku shite kure tara, kaimasu yo.",I'll buy it if you make it 500 yen cheaper.
946,38,くする,,くする,to make something ~,N4,94,3,彼⼥は声を⼤きくした。,kanojo wa koe o ookiku shita.,She raised her voice.
947,38,くする,,くする,to make something ~,N4,94,4,電気をつけて、部屋を明るくしましょう。,"denki o tsukete, heya o akaruku shimashou.",Let's turn on the lights and make the room brighter.
948,38,くする,,くする,to make something ~,N4,94,5,部屋が暑いので、エアコンをつけて涼しくします。,"heya ga atsui no de, eakon o tsukete suzushiku shimasu.",This room is a bit hot so I'll turn on the air conditioning to make it cooler.
949,38,くする,,くする,to make something ~,N4,94,6,運動をして、体を強くしましょう。,"undou o shite, karada o tsuyoku shimashou.",Let's workout and make our bodies stronger.
950,38,くする,,くする,to make something ~,N4,94,7,このコーヒーは苦すぎるので、砂糖を⼊れて⽢くします。,"kono koohii wa niga sugiru no de, satou o irete amaku shimasu.","This coffee is too bitter, so I will add some sugar to make it sweeter."
951,39,急に,きゅうに,急に (きゅうに),suddenly Can be used mid-sentence and also to start a,N4,96,1,急に⾬が降り始めました。,kyuu ni ame ga furi hajimemashita.,It suddenly started raining.
952,39,急に,きゅうに,急に (きゅうに),suddenly Can be used mid-sentence and also to start a,N4,96,2,⾬は急にやんだ。,ame wa kyuu ni yanda.,The rain suddenly stopped.
953,39,急に,きゅうに,急に (きゅうに),suddenly Can be used mid-sentence and also to start a,N4,96,3,その⾞は急に曲がった。,sono kuruma wa kyuu ni magatta.,That car made an abrupt turn.
954,39,急に,きゅうに,急に (きゅうに),suddenly Can be used mid-sentence and also to start a,N4,96,4,今⽇は急に涼しくなった。,kyou wa kyuu ni suzushiku natta.,It suddenly got a bit cooler today.
955,39,急に,きゅうに,急に (きゅうに),suddenly Can be used mid-sentence and also to start a,N4,96,5,その⼦は急に泣き出した。,sono ko wa kyuu ni naki dashita.,That child suddenly started crying.
956,39,急に,きゅうに,急に (きゅうに),suddenly Can be used mid-sentence and also to start a,N4,96,6,彼の病気が急に悪くなった。,kare no byouki ga kyuu ni waruku natta.,His illness took a sudden turn for the worst.
957,40,までに,,までに,by; by the time; indicates time limit Verb (dictionary form),N4,98,2,この本、来週までに返してくださいね。,"kono hon, raishuu made ni kaishite kudasai ne.",Please return this book by next week.
958,40,までに,,までに,by; by the time; indicates time limit Verb (dictionary form),N4,98,3,レポートは⾦曜⽇までに出してください。,repooto wa kinyoubi made ni dashite kudasai.,Please have the report submitted by Friday.
959,40,までに,,までに,by; by the time; indicates time limit Verb (dictionary form),N4,98,4,いつまでに必要ですか。,itsu made ni hitsuyou desuka?,When do you need this by?
960,40,までに,,までに,by; by the time; indicates time limit Verb (dictionary form),N4,98,5,参加したい⼈は、明⽇までに連絡ください。,"sanka shitai hito wa, ashita made ni renraku kudasai.","For anyone who wants to participate, please let us know by tomorrow."
961,40,までに,,までに,by; by the time; indicates time limit Verb (dictionary form),N4,98,6,それはいつまでに終わりますか︖,sore wa itsu made ni owarimasu ka?,When will that finish by?
962,40,までに,,までに,by; by the time; indicates time limit Verb (dictionary form),N4,98,7,死ぬまでに１度は海外へ⾏ってみたいです。,shinu made ni ichi do wa kaigai he itte mitai.,Before I die I want to try going abroad.
963,40,までに,,までに,by; by the time; indicates time limit Verb (dictionary form),N4,98,8,たいはんの⽇本⼈⼥性は３０歳になるまでに結婚したいです。,taihan no nihonjin josei wa 30 sai ni naru made ni kekon shitai.,Most Japanese girls want to get married before turning 30.
964,41,まま,,まま,as it is; current state; without changing Noun + の,N4,100,1,この町は昔のまま変わっていない。,kono machi mukashi no mama kawatteinai.,This town hasn't changed at all.
965,41,まま,,まま,as it is; current state; without changing Noun + の,N4,100,2,この野菜は、⽣のままで⾷べてもおいしいですよ。,"kono yasai wa, nama no mama de tabetemo oishii desu yo.",These vegetables taste good even raw.
966,41,まま,,まま,as it is; current state; without changing Noun + の,N4,100,3,どうぞ靴のまま、お⼊りください。,"douzo kutsu no mama, o hairi kudasai.",Please enter with your shoes on.
967,41,まま,,まま,as it is; current state; without changing Noun + の,N4,100,4,その格好のままでこのレストランに⼊れないよ。,sono kakkou no mama de kono resutoran ni hairenai yo.,You can't enter this restaurant with those clothes..
968,41,まま,,まま,as it is; current state; without changing Noun + の,N4,100,5,昨夜は、勉強したまま寝てしまった。,"sakuya wa, benkyou shita mama nete shimatta.","Last night, I fell asleep while studying."
969,41,まま,,まま,as it is; current state; without changing Noun + の,N4,100,6,鍵をかけないまま出かけてしまった。,kagi o kakenai mama dekake shimatta.,I accidentally left without locking the door.
970,41,まま,,まま,as it is; current state; without changing Noun + の,N4,100,7,私は勉強しないままそのテストを受けた。,watashi wa benkyou shinai mama sono tesuto o uketa.,I took that test without studying.
971,41,まま,,まま,as it is; current state; without changing Noun + の,N4,100,8,仕事は中途半端なままにしてはいけない。,shigoto wa chuutohanpa na mama ni shite wa ikenai.,You can't leave your work unfinished..
972,42,または,,または,both; or; otherwise; choice between [A] or Noun 1 + または + Noun 2,N4,103,1,コーヒーまたはお茶からお選びください。,koohii matawa ocha kara o erabi kudasai.,Please choose from either coffee or tea.
973,42,または,,または,both; or; otherwise; choice between [A] or Noun 1 + または + Noun 2,N4,103,2,⽇本語または英語で話せます。,nihongo matawa eigo de hanasemasu.,I can speak both Japanese and English.
974,42,または,,または,both; or; otherwise; choice between [A] or Noun 1 + または + Noun 2,N4,103,3,電話またはメールで返事してください。,denwa matawa meeru de henji shite kudasai.,Please respond either by phone or email.
975,42,または,,または,both; or; otherwise; choice between [A] or Noun 1 + または + Noun 2,N4,103,4,会場には駐⾞場がありません。電⾞⼜はバスをご利⽤ください。,kaijou ni wa chuushajou ga arimasen. densha matawa basu o goriyou kudasai.,There is no parking lot at the event location. Please come either by train or bus.
976,42,または,,または,both; or; otherwise; choice between [A] or Noun 1 + または + Noun 2,N4,103,6,国籍や性別または職業などで⼈を差別してはいけない。,kokuseki ya seibetsu matawa shokugyou nado de hito o sabetsu shite wa ikenai.,"We should not judge people based on their nationality, gender, or occupation."
977,43,みたいだ,,みたいだ,"like, similar to, resembling Verb (casual)",N4,105,1,夢みたいだ。,yume mitai da.,It's like a dream come true.
978,43,みたいだ,,みたいだ,"like, similar to, resembling Verb (casual)",N4,105,2,外は、夏みたいだよ。,"soto wa, natsu mitai da yo.",It's like summer outside.
979,43,みたいだ,,みたいだ,"like, similar to, resembling Verb (casual)",N4,105,3,何となく⾬みたいだ。,nantonaku ame mitai da.,It looks like it's going to rain.
980,43,みたいだ,,みたいだ,"like, similar to, resembling Verb (casual)",N4,105,4,彼は少し疲れてるみたいだ。,kare was sukoshi tsukareteru mitai da.,He looks a little tired.
981,43,みたいだ,,みたいだ,"like, similar to, resembling Verb (casual)",N4,105,5,どうやら⾷べすぎたみたいだ。,douyara tabesugita mitai da.,I'm afraid I've eaten too much.
982,43,みたいだ,,みたいだ,"like, similar to, resembling Verb (casual)",N4,105,6,このパソコンは壊れているみたいだ。,kono pasokon wa kowareteiru mitai da.,It seems like this computer is broken.
983,43,みたいだ,,みたいだ,"like, similar to, resembling Verb (casual)",N4,105,7,あの⼈は、⽇本⼈みたいですね。⽇本語がペラペラでした。,"ano hito wa, nihonjin mitai desu ne. nihongo ga perapera deshita.",That person seems like they are Japanese. They speak Japanese so fluently.
984,43,みたいだ,,みたいだ,"like, similar to, resembling Verb (casual)",N4,105,8,私はその時、まるで⼤⼈になったみたいだった。,"watashi wa sono toki, marude otona ni natta mitai datta.",It was like I had become an adult at that time.
985,43,みたいだ,,みたいだ,"like, similar to, resembling Verb (casual)",N4,105,10,あなたは素晴らしい時間を過ごしたみたいだね。,anata wa subarashii jikan o sugoshita mitai dane.,You look like you had a wonderful time.
986,44,みたいな,,みたいな,"like, similar to Noun",N4,107,1,私は、今⽇みたいな⽇が好きだ。,"watashi wa, kyou mitai na hi ga suki da.",I like days like today.
987,44,みたいな,,みたいな,"like, similar to Noun",N4,107,2,私たちは家族みたいなものだ。,watashi tachi wa kazoku mitai na mono da.,We are like family.
988,44,みたいな,,みたいな,"like, similar to Noun",N4,107,3,あなたみたいな⼈はすごいと思う。,anata mitai na hito wa sugoi to omou.,I think people like you are great.
989,44,みたいな,,みたいな,"like, similar to Noun",N4,107,4,こんな⼦どもみたいなけんかはやめよう。,konna kodomo mitai na kenka wa yameyou.,Let's stop this childish fight.
990,44,みたいな,,みたいな,"like, similar to Noun",N4,107,5,彼⼥は男みたいな歩き⽅をする。,kanojo wa otoko mitai na aruki kata o suru.,She walks like a man.
991,44,みたいな,,みたいな,"like, similar to Noun",N4,107,6,彼が持っているみたいなパソコンが欲しい。,kare ga motteiru mitai na pasokon ga hoshii.,I want a computer like the one he has.
992,44,みたいな,,みたいな,"like, similar to Noun",N4,107,7,毎⽇、仕事ばかりで、夢の中でも働いているみたいな気になる。,"mainichi, shigoto bakari de, yume no naka demo hataraiteiru mitai na ki ni naru.",Every day is constant work and I even feel like I'm working in my dreams.
993,44,みたいな,,みたいな,"like, similar to Noun",N4,107,8,地元にいるみたいな気分になった。,jimoto ni iru mitai na kibun ni natta.,I felt like I was in my hometown.
994,44,みたいな,,みたいな,"like, similar to Noun",N4,107,9,私はあなたみたいな彼⽒が欲しい。,watashi wa anata mitai na kareshi ga hoshii.,I want a boyfriend like you.
995,45,みたいに,,みたいに,"like, similar to Verb (casual)",N4,109,1,⼦どもみたいに遊んだ。,kodomo mitai ni asonda.,I played like a kid.
996,45,みたいに,,みたいに,"like, similar to Verb (casual)",N4,109,2,私はお⺟さんみたいになりたい。,watashi wa okaasan mitai ni naritai.,I want to become like my mother.
997,45,みたいに,,みたいに,"like, similar to Verb (casual)",N4,109,3,彼⼥は男の⼦みたいに元気がいい。,kanojo wa otokonoko mitai ni genki ga ii.,She is energetic like a boy.
998,45,みたいに,,みたいに,"like, similar to Verb (casual)",N4,109,4,あなたみたいに美しい⼈は初めてだ。,anata mitai ni utsukushii hito wa hajimete da.,I've never seen anyone as beautiful as you.
999,45,みたいに,,みたいに,"like, similar to Verb (casual)",N4,109,5,彼⼥の⼼は氷みたいに冷たい。,kanojo no kokoro wa koori mitai ni tsumetai.,Her heart is as cold as ice.
1000,45,みたいに,,みたいに,"like, similar to Verb (casual)",N4,109,6,バカみたいに⾒えるのは分かってる。,baka mitai ni mieru no wa wakatteru.,I know I must look like an idiot.
1001,45,みたいに,,みたいに,"like, similar to Verb (casual)",N4,109,7,氷みたいに冷めたくしないでくれよ。,koori mitai ni tsumetaku shinaide kure yo.,Don't be so cold (like ice).
1002,45,みたいに,,みたいに,"like, similar to Verb (casual)",N4,109,8,私も彼みたいに広い⼼を持ちたい。,watashi mo kare mitai ni hiroi kokoro o mochitai.,I want to have an open heart like him.
1003,45,みたいに,,みたいに,"like, similar to Verb (casual)",N4,109,9,私は絶対に彼らみたいになりたくない。,watashi wa zettai ni karera mitai ni naritakunai.,I never want to become like them.
1004,46,も,,も,as many as; as much as; up to; nearly number,N4,111,1,⼟曜⽇は 12 時間も寝てしまいました。,doyoubi wa 12 jikan mo nete shimaimashita.,On Saturday I slept for nearly 12 hours.
1005,46,も,,も,as many as; as much as; up to; nearly number,N4,111,2,⽥中さんは１⽇に５回も⾷事をするそうだ。,tanaka san wa ichinichi ni gokai mo shokuji o suru sou da.,I heard Tanaka eats as many as 5 meals everyday.
1006,46,も,,も,as many as; as much as; up to; nearly number,N4,111,3,どうしたの︖ 2 時間も駅で待っていたよ。,doushita no? ni jikan mo eki de matte ita yo.,What happened? I waited at the train station for nearly 2 hours..
1007,46,も,,も,as many as; as much as; up to; nearly number,N4,111,4,⾬はもう 3 ⽇も降っています。,ame wa mou mikka mo futte imasu.,It's been raining for nearly 3 days now.
1008,46,も,,も,as many as; as much as; up to; nearly number,N4,111,5,あの猫カフェには猫が 15 匹もいるそうです。,ano neko kafe ni wa neko ga 15 hiki mo iru sou desu.,I hear that cat-cafe has as many as 15 cats.
1009,46,も,,も,as many as; as much as; up to; nearly number,N4,111,6,今年は台⾵が多いですね。まだ 5 ⽉なのに 6 回も上陸した。,kotoshi wa taifuu ga ooi desu ne. mada 5 gatsu na no ni rokkai mo jouriku shita.,"There are many typhoons this year. It's still only May, but there have already been 6 of"
1010,46,も,,も,as many as; as much as; up to; nearly number,N4,111,7,それを辞めてくれる︖その話はあなたが 4 回も⾔ったよ。,sore o yamete kureru? sono hanashi wa anata ga yonkai mo itta yo.,Could you please stop that? You've already said that story as many as 4 times.
1011,46,も,,も,as many as; as much as; up to; nearly number,N4,111,8,納⾖をあきないの︖毎⽇ 2 回も⾷べているね。,nattou o akinai no? mainichi nikai mo tabete iru ne.,Don't you get tired of natto? You eat it as much as twice everyday.
1012,46,も,,も,as many as; as much as; up to; nearly number,N4,111,9,彼⼥は毎⽇ 4 冊も⼩説を読んでいます。仕事をしないのかな。,kanojo wa mainichi yonsatsu mo shousetsu o yonde imasu. shigoto o shinai no kana.,She reads as many as 4 short novels everyday. She probably doesn't have a job..
1013,47,な,,な,don’t ~ (order somebody to not do Verb (dictionary form) な,N4,113,1,晩ごはんの前にデザートを⾷べるな。,bangohan no mae ni dezaato o taberu na.,Don't eat dessert before dinner!
1014,47,な,,な,don’t ~ (order somebody to not do Verb (dictionary form) な,N4,113,2,ここは危ないから来るな︕,koko wa abunai kara kuru na!,"It's dangerous here, so stay away!"
1015,47,な,,な,don’t ~ (order somebody to not do Verb (dictionary form) な,N4,113,3,運転をするなら飲むな。,unten o suru nara nomu na.,"If you're going to drive, don't drink."
1016,47,な,,な,don’t ~ (order somebody to not do Verb (dictionary form) な,N4,113,4,⼤きな声を出すな。,ookina koe o dasu na.,Keep your voice down.
1017,47,な,,な,don’t ~ (order somebody to not do Verb (dictionary form) な,N4,113,5,窓から外を⾒るな。勉強に集中しなさい。,mado kara soto o miru na. benkyou ni shuuchuu shinasai.,Don't look out the window. Concentrate on your work.
1018,47,な,,な,don’t ~ (order somebody to not do Verb (dictionary form) な,N4,113,6,周りの⼈を気にするな。⾃分の仕事を集中してください。,mawari no hito o ki ni suru na. jibun no shigoto o shuuchuu shite kudasai.,Don't worry about the people around you. Focus on your own work.
1019,47,な,,な,don’t ~ (order somebody to not do Verb (dictionary form) な,N4,113,7,お酒を飲んだら絶対に⾞を運転するな︕,osake o nondara zettai ni kuruma o unten suru na!,"If you drink alcohol, definitely don't drink and drive!"
1020,47,な,,な,don’t ~ (order somebody to not do Verb (dictionary form) な,N4,113,8,危ないですから川の近くに遊ぶな︕,abunai desu kara kawa no chikaku ni asobu na!,"It's dangerous by the river, so don't play there!"
1021,47,な,,な,don’t ~ (order somebody to not do Verb (dictionary form) な,N4,113,9,今回の結果を気にするな︕次はもっと頑張ればいい。,konkai no kekka o ki ni suru na! tsugi wa motto ganbareba ii.,Don't worry about the result this time. Just make sure you work harder next time.
1022,48,など,,など,"such as, things like Noun など",N4,115,1,私は⼩説や映画などが好きです。,watashi wa shousetsu ya eiga nado ga suki desu.,"I like things like novels, movies, and so on."
1023,48,など,,など,"such as, things like Noun など",N4,115,2,私はノート、ペンなどが必要だ。,"watashi wa nooto, pen nado ga hitsuyou da.","I need pens, notebooks and so on."
1024,48,など,,など,"such as, things like Noun など",N4,115,3,私はとても⾞などは買えない。,watashi wa kuruma nado totemo kaenai.,I can't afford to buy a car (or anything similar).
1025,48,など,,など,"such as, things like Noun など",N4,115,4,兄の部屋にはラジオやテレビなどがたくさんあります。,ani no heya niwa rajio ya terebi nado ga takusan arimasu.,"In my older brother's room, he has a lot of things like a radio, tv, etc.."
1026,48,など,,など,"such as, things like Noun など",N4,115,6,彼は⼣⾷のことなどすっかり忘れた。,kare wa yuushoku no koto nado sukkari wasureta.,He has completely forgotten about dinner (and other things).
1027,48,など,,など,"such as, things like Noun など",N4,115,7,私のかばんの中に財布や鍵などがあります。,watashi no kaban no naka ni saifu ya kagi nado ga arimasu.,"In my bags I have things like my wallet, keys, and so on."
1028,48,など,,など,"such as, things like Noun など",N4,115,8,学校をやめて海外に⾏くことなどと⾔っている。,gakkou o yamete kaigai ni iku koto nado to itteiru.,He talks of things like leaving school and going abroad.
1029,48,など,,など,"such as, things like Noun など",N4,115,9,⾦銭を浪費しようなどとは夢にも考えない。,kinsen o rouhi shiyou nado to wa yume ni mo kangaenai.,I wouldn’t dream of wasting money (or things of that nature).
1030,49,ながら,,ながら,while; during; as; simultaneously Verb ます (stem form) ながら + [B],N4,117,1,話を聞きながらメモします。,hanashi o kikinagara memo shimasu.,I took notes while listening to the story.
1031,49,ながら,,ながら,while; during; as; simultaneously Verb ます (stem form) ながら + [B],N4,117,2,歩きながら話しましょう。,aruki nagara hanashimashou.,Let's talk while walking.
1032,49,ながら,,ながら,while; during; as; simultaneously Verb ます (stem form) ながら + [B],N4,117,3,テレビを⾒ながら晩ごはんを⾷べます。,terebi o mi nagara bangohan o tabemasu.,I eat dinner while watching TV.
1033,49,ながら,,ながら,while; during; as; simultaneously Verb ます (stem form) ながら + [B],N4,117,4,⾳楽を聞きながら料理します。,ongaku o kikinagara ryouri shimasu.,I listen to music while I cook.
1034,49,ながら,,ながら,while; during; as; simultaneously Verb ます (stem form) ながら + [B],N4,117,5,勉強をしながら⾳楽を聞きます。,benkyou o shi nagara ongaku o kikimasu.,I listen to music while I study.
1035,49,ながら,,ながら,while; during; as; simultaneously Verb ます (stem form) ながら + [B],N4,117,6,ギターを弾きながら歌えますか。,gitaa o hiki nagara utaemasu ka?,Can you sing and play guitar at the same time?
1036,49,ながら,,ながら,while; during; as; simultaneously Verb ます (stem form) ながら + [B],N4,117,7,アルバイトをしながら⼤学で勉強しています。,arubaito o shinagara daigaku de benkyou shiteimasu.,I work part time while attending University.
1037,49,ながら,,ながら,while; during; as; simultaneously Verb ます (stem form) ながら + [B],N4,117,8,歩きながらタバコを吸ってはいけません。,aruki nagara tabako o sutte wa ikemasen.,You cannot walk and smoke at the same time.
1038,49,ながら,,ながら,while; during; as; simultaneously Verb ます (stem form) ながら + [B],N4,117,9,電話しながら⾞を運転してはいけません。,denwa shinagara kuruma o unten shite wa ikemasen.,You must not talk on the phone while driving a car.
1039,50,なかなか〜ない,,なかなか〜ない,not easy to; struggling to; not able to~ なかなか Verb (negative form),N4,119,1,カゼがなかなか治らない。,kaze ga nakanaka naoranai.,I can't seem to shake of this cold.
1040,50,なかなか〜ない,,なかなか〜ない,not easy to; struggling to; not able to~ なかなか Verb (negative form),N4,119,2,この会議はなかなか終わらない。,kono kaigi wa nakanaka naoranai.,This meeting just won't seem to end.
1041,50,なかなか〜ない,,なかなか〜ない,not easy to; struggling to; not able to~ なかなか Verb (negative form),N4,119,3,⽕がなかなか燃えない。,hi ga nakanaka moenai.,The fire won't burn.
1042,50,なかなか〜ない,,なかなか〜ない,not easy to; struggling to; not able to~ なかなか Verb (negative form),N4,119,4,さっきコーヒーを飲んだせいで、なかなか寝られません。,"sakki koohii o nonda sei de, nakanaka neraremasen.","Because I drank coffee a little while ago, I can't seem to fall asleep."
1043,50,なかなか〜ない,,なかなか〜ない,not easy to; struggling to; not able to~ なかなか Verb (negative form),N4,119,5,私の⽇本語はなかなか上達しない。,watashi no nihongo wa nakanaka joutatsu shinai.,My Japanese doesn't seem to be improving.
1044,50,なかなか〜ない,,なかなか〜ない,not easy to; struggling to; not able to~ なかなか Verb (negative form),N4,119,6,もう来るはずなんですが、なかなかバスが来ませんね。,"mou kuru hazu nan desu ga, nakanaka basu ga kimasen ne.","It should have arrived already, but the bus doesn't seem to be coming."
1045,51,なければいけない,,なければいけない,must do something; have to do something,N4,121,1,早く寝なければいけない。,hayaku nenakereba ikenai.,I have to go to sleep early.
1046,51,なければいけない,,なければいけない,must do something; have to do something,N4,121,2,私も頑張らなければいけない。,watashi mo ganbaranakereba ikenai.,I have to do my best too.
1047,51,なければいけない,,なければいけない,must do something; have to do something,N4,121,3,私はすぐ答えなければいけない。,watashi wa sugu kotaenakereba ikenai.,I must answer right away.
1048,51,なければいけない,,なければいけない,must do something; have to do something,N4,121,4,私は友⼈をもっと信頼しなければいけない。,watashi wa yuujin o motto shinrai shinakereba ikenai.,I must place more trust in my friends.
1049,51,なければいけない,,なければいけない,must do something; have to do something,N4,121,5,あなたはお昼までに宿題を終わらせなければいけない。,anata wa o hiru made ni shukudai o owarasenakereba ikenai.,You need to finish your homework by noon.
1050,51,なければいけない,,なければいけない,must do something; have to do something,N4,121,6,学ばなければいけないことが実に多かった。,manabanakereba ikenai koto ga jitsu ni ookatta.,There had been so many things to learn.
1051,51,なければいけない,,なければいけない,must do something; have to do something,N4,121,7,私は⾃分の感情を隠さなければいけない。,watashi wa jibun no kanjou o kakusanakereba ikenai.,I must mask my own feelings.
1052,51,なければいけない,,なければいけない,must do something; have to do something,N4,121,8,もう⼀つ、考慮しなければいけないことがある。,"mou hitotsu, kouryo shinakereba ikenai koto ga aru.",There's one more thing that needs to be taken into consideration.
1053,51,なければいけない,,なければいけない,must do something; have to do something,N4,121,9,あなた、彼にあなたの夢のことを話さなければいけませんよ。,"anata, kare ni anata no yume no koto o hanasanakereba ikemasen yo.",You must tell him about your dreams.
1054,52,なければならない,,なければならない,must do something; have to do something,N4,123,3,今そこに⾏かなければなりませんか。,ima soko ni ikana kereba narimasen ka.,Do I have to go there now?
1055,52,なければならない,,なければならない,must do something; have to do something,N4,123,4,⺟を⼿伝わなければならない。,haha o tetsudawa nakereba naranai.,I have to help my mom.
1056,52,なければならない,,なければならない,must do something; have to do something,N4,123,5,明⽇は早起きしなければならない。,ashita wa hayaoki shinakereba naranai.,I have to get up early tomorrow.
1057,52,なければならない,,なければならない,must do something; have to do something,N4,123,7,体に悪いですから、タバコを辞めなければならない。,"karada ni warui desu kara, tabako o yame nakereba naranai.","Smoking is so bad for your health, I really need to quit.."
1058,52,なければならない,,なければならない,must do something; have to do something,N4,123,8,学⽣は学校の規則を守らなければならない。,gakusei wa gakkou no kisoku o mamora nakereba naranai.,Students must follow the school rules.
1059,53,なら,,なら,if; in the case that ~ Noun,N4,125,1,もし違うなら。,moshi chigau nara.,What if you're wrong?
1060,53,なら,,なら,if; in the case that ~ Noun,N4,125,2,それなら問題ありません。,sore nara mondai arimasen.,"If that's the case, then there are no problems."
1061,53,なら,,なら,if; in the case that ~ Noun,N4,125,3,やるなら今しかない。,yaru nara ima shika nai.,"If you're gonna do it, it's now or never."
1062,53,なら,,なら,if; in the case that ~ Noun,N4,125,4,⽇本語を習いたいのなら、いい先⽣を紹介してあげる。,"nihongo o naraitai no nara, ii sensei o shoukai shite ageru.",If you want to learn Japanese I can introduce you to a good teacher.
1063,53,なら,,なら,if; in the case that ~ Noun,N4,125,5,君なら必ずできる。,kimi nara kanarazu dekiru.,"Since it's you, you can definitely do it!"
1064,53,なら,,なら,if; in the case that ~ Noun,N4,125,6,あの店なら何を⾷べても美味しい。,ano mise nara nani o tabetemo oishii.,"No matter what you eat at that place, everything is good. (shows trust in the that shop)"
1065,53,なら,,なら,if; in the case that ~ Noun,N4,125,7,彼ならいつでも⼒になってくれるよ。,kare nara itsu demo chikara ni natte kureru yo.,He's always willing to help out.
1066,53,なら,,なら,if; in the case that ~ Noun,N4,125,8,夏休みの旅⾏なら北海道がいいですよ。,natsu yasumi no ryokou nara hokkaidou ga ii desu yo.,"If you're thinking about summer holiday plans, I think Hokkaido is great."
1067,53,なら,,なら,if; in the case that ~ Noun,N4,125,9,あのドラマならまだ⾒ていない。,ano dorama nara mada miteinai.,"If you're talking about that drama, I still haven't seen it."
1068,53,なら,,なら,if; in the case that ~ Noun,N4,125,10,図書館なら案内してあげます。,toshokan nara annai shite agemasu.,"If you're looking for the library, I'll help guide you there."
1069,54,なさい,,なさい,do this (soft/firm command),N4,127,1,まず、質問に答えなさい。,"mazu, shitsumon ni kotaenasai.","First, answer my question."
1070,54,なさい,,なさい,do this (soft/firm command),N4,127,2,明⽇、学校に⾏くから、早く寝なさい︕,"ashita, gakkou ni iku kara, hayaku ne nasai!",You've got school tomorrow so hurry up and go to bed.
1071,54,なさい,,なさい,do this (soft/firm command),N4,127,3,うるさいだよ。静かにしなさい︕,urusai da yo. shizuka ni shi nasai!,"You're being really noisy, be quiet!"
1072,54,なさい,,なさい,do this (soft/firm command),N4,127,4,野菜は体にいいからもっと⾷べなさい︕,yasai wa karada ni ii kara motto tabe nasai!,"Vegetables are good for your body, so eat up."
1073,54,なさい,,なさい,do this (soft/firm command),N4,127,5,明⽇の 9 時に私に電話しなさい︕,ashita no 9 ji ni watashi ni denwa shi nasai!,Give me a call tomorrow at 9 o'clock.
1074,54,なさい,,なさい,do this (soft/firm command),N4,127,6,次の質問を⾒て、ここに答えなさい︕,"tsugi no shitsumon o mite, koko ni kotae nasai !",Look at the next problem and put your answer here.
1075,54,なさい,,なさい,do this (soft/firm command),N4,127,7,分からなかったら先⽣に聞きなさい︕,wakarana kattara sensei ni kiki nasai!,"If you don't understand, ask your teacher."
1076,54,なさい,,なさい,do this (soft/firm command),N4,127,8,⼈からされたいと思うことを、⾃ら⼈にしなさい。,"hito kara saretai to omou koto o, mizukara hito ni shinasai.",Do unto others as you would have others do unto you.
1077,55,なさる,,なさる,to do (honorific) する (changes to) なさる,N4,129,1,それからどうなさいました︖,sore kara dou nasai mashita?,What happened after that?
1078,55,なさる,,なさる,to do (honorific) する (changes to) なさる,N4,129,2,お飲み物は何になさいますか︖,onomimono wa nani ni nasaimasu ka.,What would you like to drink?
1079,55,なさる,,なさる,to do (honorific) する (changes to) なさる,N4,129,3,どうかなさいましたか︖,dou ka nasai mashita ka?,Is there something wrong?
1080,55,なさる,,なさる,to do (honorific) する (changes to) なさる,N4,129,4,今年の夏休みはどうなさるつもりですか。,kotoshi no natsuyasumi wa dou nasaru tsumori desu ka.,What will you do this summer holiday?
1081,55,なさる,,なさる,to do (honorific) する (changes to) なさる,N4,129,5,その損を私のせいになさろうとするんですか。,sono son o watashi no sei ni nasarou to surun desu ka.,Are you blaming me for this loss?
1082,55,なさる,,なさる,to do (honorific) する (changes to) なさる,N4,129,6,なぜわざわざわたしに警告なんかなさるの︖,naze wazawaza watashi ni keikoku nanka nasaru no.,Why do you take the trouble to warn me?
1083,55,なさる,,なさる,to do (honorific) する (changes to) なさる,N4,129,7,あまり期待なさらないでくださいよ。,amari kitai nasaranaide kudasai yo.,Please do not expect too much.
1084,55,なさる,,なさる,to do (honorific) する (changes to) なさる,N4,129,8,お気になさらないでください。彼は普段から無⼝なので …,oki ni nasaranaide kudasai. kare wa fudan kara mukuchi na node.,"Please don’t mind him, he usually doesn’t talk much…"
1085,55,なさる,,なさる,to do (honorific) する (changes to) なさる,N4,129,9,どうぞ、お好きなようになさってください。,"douzo, o sukina you ni nasatte kudasai.","Please, do as you like."
1086,56,に気がつく,にきがつく,に気がつく (にきがつく),to notice; to realize Verb (casual) + こと に気がつく,N4,131,1,電⾞の中にカサを忘れたことに気がついた。,kanojo wa densha no naka ni kasa o wasureta koto ni ki ga tsuita.,I realized I had left my umbrella inside the train.
1087,56,に気がつく,にきがつく,に気がつく (にきがつく),to notice; to realize Verb (casual) + こと に気がつく,N4,131,2,私はタクシーを降る時、財布がないことに気がついた。,"watashi wa takushii o oriru toki, saifu ga nai koto ni ki ga tsuita.","When I got out of the taxi, I realized I didn't have my wallet."
1088,56,に気がつく,にきがつく,に気がつく (にきがつく),to notice; to realize Verb (casual) + こと に気がつく,N4,131,3,彼が⾃分の間違いに気がつくのは時間をかからないだろう。,kare ga jibun no machigai ni ki ga tsuku no wa jikan o kakaranai darou.,It likely won't take much time for him to realize his own mistake.
1089,56,に気がつく,にきがつく,に気がつく (にきがつく),to notice; to realize Verb (casual) + こと に気がつく,N4,131,5,ドアを閉めてから、ベッドに携帯電話を置いていたことに気がつ,"いた。 doa o shimete kara, beddo ni keitai denwa o oitaita koto ni ki ga tsuita.","After shutting the door, I realized I had left my cell phone on my bed."
1090,56,に気がつく,にきがつく,に気がつく (にきがつく),to notice; to realize Verb (casual) + こと に気がつく,N4,131,6,彼⽒が浮気していることは昨⽇のパーティーで彼⼥に気がつい,た。 kareshi ga uwaki shite iru koto wa kinou no paatii de kanojo ni ki ga tsuita.,She realized her boyfriend had been cheating on her at yesterday's party.
1091,56,に気がつく,にきがつく,に気がつく (にきがつく),to notice; to realize Verb (casual) + こと に気がつく,N4,131,7,彼がドアを開けようとしたとき、カギを持っていないことに気が,"ついた。 kare ga doa o akeyou to shita toki, kagi o motte inai koto ki ga tsuita.",He realized that he didn't have the key when he tried to open the door.
1092,56,に気がつく,にきがつく,に気がつく (にきがつく),to notice; to realize Verb (casual) + こと に気がつく,N4,131,8,私は、帰宅すると、私のスーツケースの１つがなくなっているこ,"とに気がついた。 watashi wa kitaku suru to, watashi no suutsu keesu no hitotsu ga nakunatte iru koto ni ki ga tsuita.","When I got home, I realized that one of my suitcases had disappeared."
1093,57,にみえる,,にみえる,to look; to seem; to appear Verb (て form),N4,133,1,同じに⾒える。,onaji ni mieru.,They look the same.
1094,57,にみえる,,にみえる,to look; to seem; to appear Verb (て form),N4,133,2,彼はアメリカ⼈に⾒える。,kare wa amerika jin ni mieru.,He looks like he is American.
1095,57,にみえる,,にみえる,to look; to seem; to appear Verb (て form),N4,133,3,彼⼥は先⽣にみえる。,kanojo wa sensei ni mieru.,She looks like a teacher.
1096,57,にみえる,,にみえる,to look; to seem; to appear Verb (て form),N4,133,4,その⼈はとてもお⾦持ちにみえる。,sono hito wa totemo okane mochi ni mieru.,That person appears to be very rich.
1097,57,にみえる,,にみえる,to look; to seem; to appear Verb (て form),N4,133,5,彼は怖くに⾒える。,kare wa kowaku ni mieru.,He looks scared.
1098,57,にみえる,,にみえる,to look; to seem; to appear Verb (て form),N4,133,6,彼⼥は結婚してからとても幸せそうに⾒える。,kanojo wa kekkonn shite kara totemo shiawase sou ni mieru.,"Since getting married, she seems very happy."
1099,57,にみえる,,にみえる,to look; to seem; to appear Verb (て form),N4,133,7,彼は苦しんでに⾒える。,kare wa kurushinde ni mieru.,He appears to be suffering.
1100,57,にみえる,,にみえる,to look; to seem; to appear Verb (て form),N4,133,8,彼⼥は嘘を付いていてに⾒える。,kanojo wa uso o tsuiteite ni mieru.,She seems like she is lying.
1101,58,にする,,にする,to make something ~,N4,135,1,もう少し、静かにしてください。,"mou sukoshi, shizukani shite kudasai.",Please be a bit more quiet.
1102,58,にする,,にする,to make something ~,N4,135,2,この写真を⼤切にする。,kono shashin o taisetsu ni suru.,I will treasure this picture.
1103,58,にする,,にする,to make something ~,N4,135,3,⻭科医は私の⻭をきれいにした。,ha'isha wa watashi no ha o kirei ni shita.,The dentist cleaned my teeth.
1104,58,にする,,にする,to make something ~,N4,135,4,先⽣は、テストをもっと簡単にしました。,"sensei wa, tesuto o motto kantan ni shimashita.",The teacher made the test easier.
1105,58,にする,,にする,to make something ~,N4,135,5,この絵は彼⼥を有名にするでしょう。,kono e wa kanojo o yuumei ni suru deshou.,This picture will probably make her famous.
1106,58,にする,,にする,to make something ~,N4,135,6,最近元気にしていますか︖,saikin gennki ni shiteimasu ka?,Are you doing well lately?
1107,58,にする,,にする,to make something ~,N4,135,7,君を幸せにするから、僕と結婚してください。,"kimi o shiawase ni suru kara, boku to kekkon shite kudasai.","I promise to make you happy, so please marry me."
1108,58,にする,,にする,to make something ~,N4,135,8,教室が汚いので、掃除してきれいにしましょう。,"kyoushitsu ga kitanai no de, souji shite kirei ni shimashou.",The classroom is dirty so let's clean it up and make it look nice.
1109,58,にする,,にする,to make something ~,N4,135,9,インターネットは私たちの⽣活を便利にしました。,intaanetto wa watashitachi no seikatsu o benri ni shimashita.,The internet made our lives much more convenient.
1110,59,にくい,,にくい,difficult to do Verb ます (stem form) にくい,N4,137,1,この質問には答えにくいです。,kono shitsumon niwa kotaenikui desu.,This question is difficult to answer.
1111,59,にくい,,にくい,difficult to do Verb ます (stem form) にくい,N4,137,2,この本は字が⼩さくて読みにくいです。,kono hon wa ji ga chiisakute yomi nikui desu.,"This books print is too small, it's difficult to read."
1112,59,にくい,,にくい,difficult to do Verb ます (stem form) にくい,N4,137,3,この漢字は覚えにくいです。,kono kanji wa oboe nikui desu.,This kanji is difficult to remember.
1113,59,にくい,,にくい,difficult to do Verb ます (stem form) にくい,N4,137,4,この⾃転⾞は古くて乗りにくいです。,kono jitensha wa furukute norinikui desu.,This bicycle is old and difficult to ride.
1114,59,にくい,,にくい,difficult to do Verb ます (stem form) にくい,N4,137,5,⿂は⾻が多くて⾷べにくいだ。,sakana wa hone ga ookute tabe nikui da.,Fish have a bunch of bones and are difficult to eat.
1115,59,にくい,,にくい,difficult to do Verb ます (stem form) にくい,N4,137,6,彼の説明が難しくて分かりにくいだった。,kare no setsumei ga muzukashikute wakari nikui datta.,His explanation was complicated and difficult to understand.
1116,59,にくい,,にくい,difficult to do Verb ます (stem form) にくい,N4,137,7,この道は狭くて、⾞も多いので、運転しにくいです。,"kono michi wa semakute, kuruma mo ooi no de, unten shi nikui desu.","This road is really narrow, and there's lots of cars, so it's difficult to drive on."
1117,59,にくい,,にくい,difficult to do Verb ます (stem form) にくい,N4,137,8,彼⼥はつき合いにくい⼈だ。,kanojo wa tukiai nikui hito da.,She's a difficult person to get along with.
1118,60,の中で,のなかで,の中で (のなかで),"in, among Noun の中で",N4,139,1,⼼の中ではこれを分かっていた。,kokoro no naka de kore o wakatteita.,I know this in my heart.
1119,60,の中で,のなかで,の中で (のなかで),"in, among Noun の中で",N4,139,2,病院の中で、待ちますか。,"byouin no naka de, machimasu ka?",Will you wait inside the hospital?
1120,60,の中で,のなかで,の中で (のなかで),"in, among Noun の中で",N4,139,3,私は今⽇は⾞の中で寝ました。,watashi wa kyou wa kuruma no naka de nemashita.,I slept in my car today.
1121,60,の中で,のなかで,の中で (のなかで),"in, among Noun の中で",N4,139,4,私は頭の中でも⽇本語で考える。,watashi wa atama no naka demo nihongo de kangaeru.,I even think in Japanese.
1122,60,の中で,のなかで,の中で (のなかで),"in, among Noun の中で",N4,139,5,季節私はの中で秋が好きです。,watashi wa kisetsu no naka de aki ga suki desu.,"Out of all the seasons, I like autumn."
1123,60,の中で,のなかで,の中で (のなかで),"in, among Noun の中で",N4,139,6,あなたはまだ夢の中でしょう。,anata wa mada yume no naka deshou.,You're probably still dreaming.
1124,60,の中で,のなかで,の中で (のなかで),"in, among Noun の中で",N4,139,7,部屋の中でそんなにさわぐな。,heya no naka de sonna ni sawagu na.,Don't be so loud in the room.
1125,60,の中で,のなかで,の中で (のなかで),"in, among Noun の中で",N4,139,8,決勝レースは９⽉ 30 ⽇に激しい⾬の中で⾏われた。,kesshou reesu wa ku gatsu sanjuu nichi ni hageshii ame no naka de okonawareta.,The final race was held on September 30th in heavy rain.
1126,61,のに,,のに,"although, in spite of, even though Verb (casual form)",N4,141,1,まだ 20 時なのに、とても眠い。,"mada 20 ji nano ni, totemo nemui.",I'm really tired even though it's still only 8PM.
1127,61,のに,,のに,"although, in spite of, even though Verb (casual form)",N4,141,2,なぜ、彼らは冬なのに泳ぐのでしょうか︖,"naze, karera wa fuyu na noni oyogu no deshou ka.",Why will they swim even though it's winter?
1128,61,のに,,のに,"although, in spite of, even though Verb (casual form)",N4,141,3,約束をしたのに、彼⼥は来ませんでした。,"yakusoku o shita noni, kanojo wa kimasen deshita.","Even though she promised, she didn't come.."
1129,61,のに,,のに,"although, in spite of, even though Verb (casual form)",N4,141,4,今⽇は⽇曜⽇なのに、働かなければなりません。,"kyou wa nichiyoubi na noni, hataraka nakereba narimasen.",I have to work today even though it is Sunday..
1130,61,のに,,のに,"although, in spite of, even though Verb (casual form)",N4,141,5,彼⼥がきれいなのに彼⽒がいません。,kanojo ga kirei na noni kareshi ga imasen.,"Although she is very beautiful, she doesn't have a boyfriend."
1131,61,のに,,のに,"although, in spite of, even though Verb (casual form)",N4,141,6,この携帯は⾼いのに、すぐに壊れた。,"kono keitai wa takai noni, sugu ni kowareta.","Even though this cell phone was really expensive, it broke right away."
1132,61,のに,,のに,"although, in spite of, even though Verb (casual form)",N4,141,7,薬を飲んだのに、ねつがまだ下がりません。,"kusuri o nonda noni, netsu ga mada sagari masen.","Even though I took medicine, my fever didn't go down."
1133,61,のに,,のに,"although, in spite of, even though Verb (casual form)",N4,141,8,仕事中なのに、彼はパソコンでゲームをしています。,"shigoto chuu na noni, kare wa pasokon de geemu wo shite imasu.","Even though he's in the middle of work, he's playing games on his computer."
1134,61,のに,,のに,"although, in spite of, even though Verb (casual form)",N4,141,9,あなたの家が近いのに、いつも会社に遅れたね。,"anata no ie ga chikai noni, itsumo kaisha ni okureta ne.","In spite of your home being close, you were always late for work.."
1135,62,のに,,のに,to (do something); in order to Verb (dictionary form) のに,N4,143,1,始めるのに遅すぎることはない。,hajimeru no ni ososugiru koto wa nai.,It's never too late to start.
1136,62,のに,,のに,to (do something); in order to Verb (dictionary form) のに,N4,143,2,家に帰るのに 3 時間かかりました。,ie ni kaeru noni sanjikan kakarimashita.,It took 3 hours to return home.
1137,62,のに,,のに,to (do something); in order to Verb (dictionary form) のに,N4,143,3,本を読むのに時間がかかる。,hon o yomu no ni jikan ga kakaru.,Reading books takes time.
1138,62,のに,,のに,to (do something); in order to Verb (dictionary form) のに,N4,143,4,勉強するのに、それが必要だ。,"benkyou suru no ni, sore ga hitsuyou da.",I need it to study.
1139,62,のに,,のに,to (do something); in order to Verb (dictionary form) のに,N4,143,5,考えるのにも疲れたし。,kangaeru noni mo tsukareta shi.,I am tired of thinking.
1140,62,のに,,のに,to (do something); in order to Verb (dictionary form) のに,N4,143,6,その仕事をするのにどのくらいの時間が必要ですか。,sono shigoto o suru noni dono kurai no jikan ga hitsuyou desu ka.,Around how much time do you need to do that job?
1141,62,のに,,のに,to (do something); in order to Verb (dictionary form) のに,N4,143,7,朝起きるのに苦労する。,asa okiru noni kurou suru.,I have trouble getting up in the morning.
1142,62,のに,,のに,to (do something); in order to Verb (dictionary form) のに,N4,143,8,それを翻訳するのに時間がかかる。,sore o honyaku suru noni jikan ga kakaru.,It will take time to translate that.
1143,62,のに,,のに,to (do something); in order to Verb (dictionary form) のに,N4,143,9,私は勉強をするのによく図書館を利⽤します。,watashi wa benkyou o suru noni yoku toshokan o riyou shimasu.,I often use the library for studying.
1144,63,のは〜だ,,のは〜だ,[A] is [B]; the reason for [A] is [B] Verb (casual),N4,145,1,毎⽇、新しい単語を覚えるのは⼤変です。,"mainichi, atarashii tango o oboeru nowa taihen desu.",It is difficult to memorize new vocabulary every day.
1145,63,のは〜だ,,のは〜だ,[A] is [B]; the reason for [A] is [B] Verb (casual),N4,145,2,私たちは結婚を決めたのは⼦どもができたからです。,watashi tachi wa kekkon o kimeta nowa kodomo ga dekita kara desu.,We decided to get married because we were going to have a baby.
1146,63,のは〜だ,,のは〜だ,[A] is [B]; the reason for [A] is [B] Verb (casual),N4,145,3,私が⽣まれたのは北海道の⼩さな村です。,watashi ga umareta nowa hokkaidou no chiisa na mura desu.,I was born in a small village in Hokkaido.
1147,63,のは〜だ,,のは〜だ,[A] is [B]; the reason for [A] is [B] Verb (casual),N4,145,4,このメンバーの中に独⾝なのは⽥中さんだけです。,kono menbaa no naka ni dokushin na nowa Tanaka san dake desu.,"From these members, the only one who is single is Tanaka."
1148,63,のは〜だ,,のは〜だ,[A] is [B]; the reason for [A] is [B] Verb (casual),N4,145,6,⽇本語を勉強するとき、⼀番難しいのは漢字だ。,"nihongo o benkyou suru toki, ichiban muzukashii nowa kanji da.","When studying Japanese, the most difficult part is kanji."
1149,63,のは〜だ,,のは〜だ,[A] is [B]; the reason for [A] is [B] Verb (casual),N4,145,8,私はアルバイトをしているのは旅⾏の⾦を貯めたいからです。,watashi wa arubaito o shite iru nowa ryokou no kane o tametai kara desu.,The reason I am working a part-time job is so I can save up money for traveling.
1150,64,お〜ください,,お〜ください,please do (honorific) お Verb (ます stem) ください,N4,147,1,ここでお待ちください。,koko de omachi kudasai.,Please wait here.
1151,64,お〜ください,,お〜ください,please do (honorific) お Verb (ます stem) ください,N4,147,2,ここにお名前をお書きください。,koko ni onamae o okaki kudasai.,Please write your name here.
1152,64,お〜ください,,お〜ください,please do (honorific) お Verb (ます stem) ください,N4,147,3,それを⽔と⼀緒にお飲みください。,sore o mizu to issho ni onomi kudasai.,Take that together with water.
1153,64,お〜ください,,お〜ください,please do (honorific) お Verb (ます stem) ください,N4,147,4,あちらからお⼊りください。,achira kara ohairi kudasai.,Please enter from over there.
1154,64,お〜ください,,お〜ください,please do (honorific) お Verb (ます stem) ください,N4,147,5,このボールペンをお使いください。,kono poorupen o otsukai kudasai.,Please use this ball pen.
1155,64,お〜ください,,お〜ください,please do (honorific) お Verb (ます stem) ください,N4,147,6,どうぞお座りください。,douzo osuwari kudasai.,Please be seated.
1156,64,お〜ください,,お〜ください,please do (honorific) お Verb (ます stem) ください,N4,147,7,温かいうちにお⾷べください。,atatakai uchi ni otabe kudasai.,Please eat while it is still warm.
1157,64,お〜ください,,お〜ください,please do (honorific) お Verb (ます stem) ください,N4,147,8,今から調べますので、少々お待ちください。,"ima kara shirabemasu node, shoushou omachi kudasai.","I will look into this for you now, so please wait a moment."
1158,65,お〜になる,,お〜になる,to do (honorific),N4,149,1,何をお飲みになりますか。,nani o onomi ni narimasu ka.,What would you like to have to drink?
1159,65,お〜になる,,お〜になる,to do (honorific),N4,149,2,お座りになりませんか。,osuwari ni narimasen ka?,Do you want to sit down?
1160,65,お〜になる,,お〜になる,to do (honorific),N4,149,3,先⽣は何時ごろお戻りになりますか ?,sensei wa nanji goro omodori ni narimasuka?,"Teacher, around what time will you return?"
1161,65,お〜になる,,お〜になる,to do (honorific),N4,149,4,何をお⾷べになるのですか。,nani o otabe ni naru no desu ka.,What will you have to eat?
1162,65,お〜になる,,お〜になる,to do (honorific),N4,149,5,どうか、ぜひお⼊りになってください。,"douka, zehi ohairi ni natte kudasai.","Do come in, please."
1163,65,お〜になる,,お〜になる,to do (honorific),N4,149,6,部⻑はたばこをお吸いになりません。,buchou wa tabako o osui ni narimasen.,Our manager does not smoke.
1164,65,お〜になる,,お〜になる,to do (honorific),N4,149,7,社⻑はぜんぜんお酒をお飲みになりません。,shachou wa zenzen osake o onomi ni narimasen.,The company president doesn't drink any alcohol at all.
1165,65,お〜になる,,お〜になる,to do (honorific),N4,149,8,昨⽇、会⻑はお亡くなりました。,"kinou, kaichou wa onaku narimashita.",Yesterday the Chairman passed away.
1166,65,お〜になる,,お〜になる,to do (honorific),N4,149,9,⼭⽥課⻑はもうお帰りになりました。,yamada kachou wa mou okaeri ni narimashita.,Yamada manager has already returned home.
1167,66,おきに,,おきに,"repeated at intervals, every Noun (measurable) おきに",N4,151,1,電⾞は 5 分おきに⾛っています。,densha wa 5 fun oki ni hashitteimasu.,The trains run every five minutes.
1168,66,おきに,,おきに,"repeated at intervals, every Noun (measurable) おきに",N4,151,2,このバスは 15 分おきに出ている,kono basu wa 15 fun okini dete iru.,This bus leaves every 15 minutes.
1169,66,おきに,,おきに,"repeated at intervals, every Noun (measurable) おきに",N4,151,3,彼は数⽇おきに来る。,kare wa suujitsu oki ni kuru.,He comes here every few days.
1170,66,おきに,,おきに,"repeated at intervals, every Noun (measurable) おきに",N4,151,4,この道には 5 メートルおきに⽊が植えられている .,kono michi niwa 5 meetoru okini ki ga uerarete iru.,Trees align this road every 5 meters.
1171,66,おきに,,おきに,"repeated at intervals, every Noun (measurable) おきに",N4,151,5,この薬は 2 時間おきに飲んでください。,kono kusuri wa 2 jikan okini nonde kudasai.,Take this medicine every 2 hours.
1172,66,おきに,,おきに,"repeated at intervals, every Noun (measurable) おきに",N4,151,6,私は⼀ヶ⽉おきに故郷へ帰ります。,watashi wa ikkagetsu okini furusato e kaerimasu.,I return to my home town every month.
1173,66,おきに,,おきに,"repeated at intervals, every Noun (measurable) おきに",N4,151,7,この雑誌は、⼀ヶ⽉おきに発⾏されています。,"kono zasshi wa, ikkagetsu okini hakkou sarete imasu.",This magazine is published once a month.
1174,66,おきに,,おきに,"repeated at intervals, every Noun (measurable) おきに",N4,151,8,彼は⼀週間おきに問題を起こす⽣徒だ。,kare wa isshuukan oki ni mondai o okosu seito da.,He's the kind of student that causes problems every week.
1175,66,おきに,,おきに,"repeated at intervals, every Noun (measurable) おきに",N4,151,9,空港へ向かうバスは 30 分おきに出ている。,kuukou e mukau basu wa 30 pun oki ni deteiru.,The bus heading towards the airport leaves every 30 minutes.
1176,67,終わる,おわる,終わる (おわる),to finish; to end,N4,153,1,みんなが朝⾷を⾷べ終わるまで待ちましょう。,minnna ga choushoku o tabe owaru made machimashou.,Let's wait until everyone has finished eating breakfast.
1177,67,終わる,おわる,終わる (おわる),to finish; to end,N4,153,2,そのゲームをやり終わるまでに 5 時間くらいかかる。,sono geemu o yari owaru made ni 5 jikan kurai kakaru.,It takes about 5 hours to finish that game.
1178,67,終わる,おわる,終わる (おわる),to finish; to end,N4,153,3,彼が話し終わるとみんな黙っていた。,kare ga hanashi owaru to minna damatteita.,There was silence when he finished speaking.
1179,67,終わる,おわる,終わる (おわる),to finish; to end,N4,153,4,仕事をし終わったらすぐ⾏く。,shigoto o shi owattara sugu iku.,I'll go/come as soon as I finish work.
1180,67,終わる,おわる,終わる (おわる),to finish; to end,N4,153,5,パソコンを使い終わったら、シャットダウンをしてください。,"pasokon o tsukai owattara, shatto daun o shite kudasai.","Once you've finished using the computer, please turn it off."
1181,67,終わる,おわる,終わる (おわる),to finish; to end,N4,153,6,宿題の作⽂を書き終わったのでテレビを⾒ます。,shukudai no sakubun o kaki owatta node terebi o mimasu.,I've finished writing my essay for homework and now am going to watch some TV.
1182,67,終わる,おわる,終わる (おわる),to finish; to end,N4,153,7,ご飯を⾷べ終わったあとに、みんなでカラオケに⾏きました。,"gohan o tabe owatta ato ni, minna de karaoke ni ikimashita.","After finishing eating, everyone went out to sing some karaoke."
1183,67,終わる,おわる,終わる (おわる),to finish; to end,N4,153,8,もう⾃分の部屋を掃除し終わりましたか︖,mou jibun no heya o souji shi owarimashita ka?,Have you finished cleaning your room yet?
1184,67,終わる,おわる,終わる (おわる),to finish; to end,N4,153,9,先⽇お貸しした本は読み終わりましたか︖,senjitsu o kashi shita hon wa yomi owarimashita ka?,Have you finished reading the book I lent you the other day?
1185,67,終わる,おわる,終わる (おわる),to finish; to end,N4,153,10,ご飯んが⾷べ終わりましたら、お⽫を洗ってください。,"gohan ga tabe owarimashitara, sara o aratte kudasai.",Once you've finished eating please wash the dishes.
1186,68,られる,,られる,potential form; ability or inability to do Ru-verb る -> られる,N4,155,1,そんなことを信じられない。,sonnna koto o shinji rarenai.,I am not able to believe such a story..
1187,68,られる,,られる,potential form; ability or inability to do Ru-verb る -> られる,N4,155,2,そこにあるいちごはすべて⾷べられる。,soko ni aru ichigo wa subete taberareru.,You can eat any of the strawberries in there.
1188,68,られる,,られる,potential form; ability or inability to do Ru-verb る -> られる,N4,155,3,今⽇は忙しすぎて、朝ごはんを⾷べられなかった。,"kyou wa isogashi sugite, asagohan o taberare nakatta.",Today I was so busy and wasn't able to eat breakfast.
1189,68,られる,,られる,potential form; ability or inability to do Ru-verb る -> られる,N4,155,4,納⾖が⾷べられるの︖,nattou ga tabe rareru no?,Are you able to eat natto? (fermented soybeans)
1190,68,られる,,られる,potential form; ability or inability to do Ru-verb る -> られる,N4,155,5,夜は寒くて寝られない。,yoru wa samukute nerarenai.,The nights are too cold to sleep.
1191,68,られる,,られる,potential form; ability or inability to do Ru-verb る -> られる,N4,155,6,私はここにあまり⻑くいられない。,watashi wa koko ni amari nagaku irarenai.,I can't stay here for too long.
1192,68,られる,,られる,potential form; ability or inability to do Ru-verb る -> られる,N4,155,7,私たちがここで何を⾒つけられるか⾒に⾏ってみましょう。,watashitachi ga koko de nani o mitsuke rareru ka mi ni itte mimashou.,Let's go to see what we can find here.
1193,68,られる,,られる,potential form; ability or inability to do Ru-verb る -> られる,N4,155,8,私がやれる限りの事をしたい。,watashi ga yareru kagiri no koto o shitai.,I want to do everything that I can.
1194,69,らしい,,らしい,it seems like; I heard; apparently~ Verb (casual form),N4,159,1,⾬らしい。,ame rashii.,It looks like rain / looks like it's gonna rain.
1195,69,らしい,,らしい,it seems like; I heard; apparently~ Verb (casual form),N4,159,2,男らしい。,otoko rashii.,Manly (like a man)
1196,69,らしい,,らしい,it seems like; I heard; apparently~ Verb (casual form),N4,159,3,⼥らしい。,onna rashii.,Womanly; feminine (like a woman)
1197,69,らしい,,らしい,it seems like; I heard; apparently~ Verb (casual form),N4,159,4,学⽣らしくもっと勉強しなさい。,gakusei rashiku motto benkyou shina sai.,Study more like a real student.
1198,69,らしい,,らしい,it seems like; I heard; apparently~ Verb (casual form),N4,159,5,今⽇は君らしくないな。,kyou wa kimi rashikunai na.,You don't seem like yourself today.
1199,69,らしい,,らしい,it seems like; I heard; apparently~ Verb (casual form),N4,159,6,遅刻するなんて彼らしくない。,chikoku suru nante kare rashiku nai.,It's not like him to be late like this.
1200,69,らしい,,らしい,it seems like; I heard; apparently~ Verb (casual form),N4,159,7,これからも、⾃分らしく⽣きていきたいです。,"kore kara mo, jibun rashiku ikite ikitai desu.","From now on, I want to live more true to myself."
1201,69,らしい,,らしい,it seems like; I heard; apparently~ Verb (casual form),N4,159,8,寝すぎるのは、体に悪いらしいです。,"nesugiru no wa, karada ni warui rashii desu.",Sleeping too much is apparently bad for your body.
1202,70,さ,,さ,-ness ; nominalizer for adjective い-adjective + い,N4,161,1,背の⾼さはどれぐらいですか︖,se no takasa wa dore gurai desu ka?,How tall are you?
1203,70,さ,,さ,-ness ; nominalizer for adjective い-adjective + い,N4,161,2,私は、ワサビの⾟さが⼤好きです。,"watashi wa, wasabi no karasa ga daisuki desu.",I love the spiciness of wasabi.
1204,70,さ,,さ,-ness ; nominalizer for adjective い-adjective + い,N4,161,3,この池の深さはどのぐらいですか︖,kono ike no fukasa wa dore gurai desu ka?,How deep is this pond?
1205,70,さ,,さ,-ness ; nominalizer for adjective い-adjective + い,N4,161,4,"新しい橋の⻑さは 3,911 メートルです。","atarashii hashi no nagasa wa 3,911 meetoru desu.","The length of the new bridge is 3,911 meters."
1206,70,さ,,さ,-ness ; nominalizer for adjective い-adjective + い,N4,161,5,彼⼥の部屋の広さは畳で６畳くらいです。,kanojo no heya no hirosa wa tatami de 6 jou kurai desu.,The space of her room is about 6 tatami mats (unit of measurement for Japanese
1207,70,さ,,さ,-ness ; nominalizer for adjective い-adjective + い,N4,161,6,この料理の美味しさを皆さんに紹介したいです。,kono ryouri no oishisa o minasan ni shoukai shitai desu.,I want to introduce to everyone the deliciousness of this food.
1208,70,さ,,さ,-ness ; nominalizer for adjective い-adjective + い,N4,161,7,彼の⾯⽩さが⼤好きです。,kare no omoshirosa ga daisuki desu.,I love how interesting he is (his interesting-ness literally).
1209,70,さ,,さ,-ness ; nominalizer for adjective い-adjective + い,N4,161,8,⼤きさは違うけど質は同じですよ。,ookisa wa chigau kedo shitsu ga onaji desu yo.,"The size is different, but the quality is the same."
1210,71,さっき,,さっき,some time ago; just now さっき Sentence,N4,163,1,さっきまで天気がよかったですが、今は⼤⾬です。,"sakki made tenki ga yokatta desu ga, ima wa ooame desu.","The weather was fine just a moment ago, but now there's heavy rain.."
1211,71,さっき,,さっき,some time ago; just now さっき Sentence,N4,163,2,さっき起きたばかりで、まだ眠いです。,"sakki okita bakari de, mada nemui desu.","I just woke up, but am still sleepy."
1212,71,さっき,,さっき,some time ago; just now さっき Sentence,N4,163,4,さっき覚えた漢字を、もう忘れてしまいました。,"sakki oboeta kanji o, mou wasurete shimaimashita.",I've already forgotten the kanji I just memorized not too long ago.
1213,71,さっき,,さっき,some time ago; just now さっき Sentence,N4,163,8,私がさっき⾔ったとおりに、パソコンの キーを押してください。,"watashi ga sakki itta toori ni , pasokon no kii o oshite kudasai.","Just like I said earlier, press the key on your computer."
1214,72,させられる,,させられる,causative-passive; to be made to do Verb (causative form させる) られる,N4,165,1,仕事を辞めさせられた。,shigoto o yame saserareta.,I was forced to quit my job.
1215,72,させられる,,させられる,causative-passive; to be made to do Verb (causative form させる) られる,N4,165,2,息⼦は退学させられた。,musuko wa taigaku saserareta.,My son was expelled from school.
1216,72,させられる,,させられる,causative-passive; to be made to do Verb (causative form させる) られる,N4,165,3,彼⼥に 2 時間も待たされた。,kanojo ni 2 jikan mo matasareta.,She made me wait over 2 hours.
1217,72,させられる,,させられる,causative-passive; to be made to do Verb (causative form させる) られる,N4,165,4,その映画は考えさせられる。,sono eiga wa kangae saserareru.,That movie makes you think.
1218,72,させられる,,させられる,causative-passive; to be made to do Verb (causative form させる) られる,N4,165,5,毎⽇⺟に野菜を⾷べさせられる。,mainichi haha ni yasai o tabe saserareru.,"Every day, my mother forces me to eat vegetables."
1219,72,させられる,,させられる,causative-passive; to be made to do Verb (causative form させる) られる,N4,165,6,フィアンセのお⽗さんにお酒を飲ませられた。,fianse no otousan ni osake o nomaserareta.,My fiance's father made me to drink alcohol with him.
1220,72,させられる,,させられる,causative-passive; to be made to do Verb (causative form させる) られる,N4,165,7,親に毎⽇宿題をさせられる。,oya ni mainichi shukudai o saserareru.,I am made to do my homework everyday by my parents.
1221,72,させられる,,させられる,causative-passive; to be made to do Verb (causative form させる) られる,N4,165,8,週末には家族のレストランで⼿伝わせられる。,shuumatsu ni wa kazoku no resutoran de tetsuda waserareru.,"On weekends, I am forced to help out with the family restaurant."
1222,72,させられる,,させられる,causative-passive; to be made to do Verb (causative form させる) られる,N4,165,9,彼は⽀店から⽀店へと転勤させられた。,kare wa shiten kara shiten e to tenkin sase rareta.,He was forced to transfer from one company branch to another.
1223,73,させる,,させる,causative form; to make/let somebody do Ru-verb る -> させる,N4,167,1,⺟は私に⾃分の部屋を⽚付けさせた。,haha wa watashi ni jibun no heya o katadzuke saseta.,My mother made me clean up my own room.
1224,73,させる,,させる,causative form; to make/let somebody do Ru-verb る -> させる,N4,167,2,to let somebody do something.,,Causative form conjugation samples Ru-verbs ⾷べる -> ⾷べさせる (tabesaseru) 出る -> 出させる (desaseru) 寝る -> 寝させる (nesaseru) 起きる -> 起きさせる (okisaseru) 着る -> 着させる (kisaseru) U-verbs 聞く -> 聞かせる (kikaseru) 待つ -> 待たせる (mataseru) 飲む -> 飲ませる (nomaseru) 買う -> 買わせる (kawaseru) 話す -> 話させる (hanaseru)
1225,73,させる,,させる,causative form; to make/let somebody do Ru-verb る -> させる,N4,167,3,君を泣かせるつもりはなかった︕,kimi o nakaseru tsumori wa nakatta!,I didn't mean to make you cry!
1226,73,させる,,させる,causative form; to make/let somebody do Ru-verb る -> させる,N4,167,4,僕にやらせてください,boku ni yarasete kudasai.,Please allow me to do it.
1227,74,させてください,,させてください,please let me do Verb,N4,170,1,質問させてください。,shitsumon sasete kudasai.,Please allow me to ask you a question.
1228,74,させてください,,させてください,please let me do Verb,N4,170,2,私のことをあなたに話させてください。,watashi no koto o anata ni hanasasete kudasai.,Please let me tell you about myself.
1229,74,させてください,,させてください,please let me do Verb,N4,170,3,ちょっと調⼦が悪いので、早く帰らさせてください。,"chotto choushi ga warui node, hayaku kaerasete kudasai.","I'm not feeling well, so please let me head home early."
1230,74,させてください,,させてください,please let me do Verb,N4,170,4,返事をする前にちょっと考えさせてください。,henji o suru mae ni chotto kangae sasete kudasai.,Please let me think a bit before I give you my answer.
1231,74,させてください,,させてください,please let me do Verb,N4,170,5,私に何かお⼿伝いさせてください。,watashi ni nani ka otetsudai sasete kudasai.,Please let me help with something.
1232,74,させてください,,させてください,please let me do Verb,N4,170,6,彼⼥は今⽇病気なのでお休みさせてください。,kanojo wa kyou byouki na no de oyasumi sasete kudasai.,She is sick today so please allow her to have the day off.
1233,74,させてください,,させてください,please let me do Verb,N4,170,7,私に私たちの部活動について紹介させてください。,watashi ni watashitachi no bukatsudou ni tsuite shoukai sasete kudasai.,Please allow me to introduce our club activities.
1234,74,させてください,,させてください,please let me do Verb,N4,170,8,英語が苦⼿なので、⽇本語で話しをさせてください。,"eigo ga nigate na no de, nihongo de hanashi o sasete kudasai.","I am not very good at English, so please let me speak in Japanese."
1235,74,させてください,,させてください,please let me do Verb,N4,170,9,この件についてもう⼀度相談させてください。,kono ken ni tsuite mou ichido soudan sasete kudasai.,Please let me consult with you once more about this matter.
1236,75,さすが,,さすが,as one would expect; as is to be expected; の + Noun,N4,172,1,私はさすがにビックリした。,watashi wa sasuga ni bikkuri shita.,I was really surprised.
1237,75,さすが,,さすが,as one would expect; as is to be expected; の + Noun,N4,172,2,さすがにこういうところには住みたくないな。,sasuga ni kouiu tokoro ni wa sumitakunai na.,"Just as I thought, I don't want to live in this kind of place."
1238,75,さすが,,さすが,as one would expect; as is to be expected; の + Noun,N4,172,3,さすがの彼も年には勝てなかった。,sasuga no kare mo toshi ni wa katenakatta.,Even he could not defeat old age.
1239,75,さすが,,さすが,as one would expect; as is to be expected; の + Noun,N4,172,4,さすがに⼤都市だけあって、いい本屋がたくさんあります。,"sasuga ni daitoshi dake atte, ii honya ga takusan arimasu.","As expected of a large city, there are a lot of good bookstores."
1240,75,さすが,,さすが,as one would expect; as is to be expected; の + Noun,N4,172,5,彼がさすがにおどろきを隠せなかった。,kare ga sasuga ni odoroki o kakusenakatta.,He really couldn't hide his surprise.
1241,75,さすが,,さすが,as one would expect; as is to be expected; の + Noun,N4,172,7,本当のことを⾔ったとはさすがに勇気がある。,hontou no koto o itta to wa sasuga ni yuuki ga aru.,You were courageous to tell the truth.
1242,76,し,,し,and; and what’s more; emphasis Verb (casual),N4,174,1,このコートは⾊がきれいだし、好きなデザインだし。買いたいで,"すよ。 kono kooto wa iro ga kirei dashi, sukina dezain da shi. kaitai desu yo.","This coat has a beautiful color, and I like the design, I really want to buy it.."
1243,76,し,,し,and; and what’s more; emphasis Verb (casual),N4,174,3,彼は勉強ができるしスポーツも上⼿だし、私の好きなタイプだ。,"kare wa benkyou ga dekiru shi, supo-tsu mo jouzu dashi, watashi no suki na taipu da.","He's smart and good at sports, definitely my type."
1244,76,し,,し,and; and what’s more; emphasis Verb (casual),N4,174,4,To emphasize your point as a sentence ending particle.,,See example 10. Example Sentences
1245,76,し,,し,and; and what’s more; emphasis Verb (casual),N4,174,5,お腹が空いたし、のどがかわいたし、何か⾷べたいです。,"onaka ga suita shi, nodo ga kawaita shi, nani ka tabetai desu.","I'm hungry and thirsty, I need to eat something now."
1246,76,し,,し,and; and what’s more; emphasis Verb (casual),N4,174,7,彼は気分がいい時もあるし、悪い時もある。,"kare wa kibun ga ii toki mo aru shi, warui toki mo aru.","There are times when he feels good, but also times when he feels bad."
1247,76,し,,し,and; and what’s more; emphasis Verb (casual),N4,174,8,⾬が降っているし、もう帰ります。,"ame ga futteiru shi, mou kaerimasu.","It's raining, so I'm gonna just head home."
1248,76,し,,し,and; and what’s more; emphasis Verb (casual),N4,174,9,お⾦はないし、休みもないし、今⽉は旅⾏は無理だ。,"okane wa nai shi, yasumi mo nai shi, kongetsu wa ryokou wa muri da.","I have no money and no time, so this month going on vacation is not possible."
1249,76,し,,し,and; and what’s more; emphasis Verb (casual),N4,174,10,そんなこと⾔ってないし︕,sonnna koto itte nai shi!,I never said anything like that!
1250,77,そんなに,,そんなに,so much; so; like that Verb,N4,177,1,昨⽇はそんなに忙しくなかった。,kinou wa sonna ni isogashiku nakatta.,Yesterday was not so busy.
1251,77,そんなに,,そんなに,so much; so; like that Verb,N4,177,2,⽇本語はそんなに難しくないよ。,nihongo wa sonna ni muzukashi kunai yo.,Japanese is not that difficult..
1252,77,そんなに,,そんなに,so much; so; like that Verb,N4,177,3,⾁はそんなに好きではありません。,niku wa sonna ni suki dewa arimasen.,I don’t like meat that much.
1253,77,そんなに,,そんなに,so much; so; like that Verb,N4,177,4,そんなにがっかりするな。もう⼀度やり直しなさい。,sonna ni gakkari suru na. mou ichido yarinaoshi nasai.,Don’t be so disappointed. Try again one more time.
1254,77,そんなに,,そんなに,so much; so; like that Verb,N4,177,5,私のことがそんなに⼤切なの︖,watashi no koto ga sonna ni taisetsu na no.,Do I really mean that much to you?
1255,77,そんなに,,そんなに,so much; so; like that Verb,N4,177,6,ええ、そんなに暑いのですか︖エアコンを付けようか︖,"ee, sonna ni atsui no desu ka? eakon o tsukeyou ka?",Is it really that hot? Shall we turn on the AC then?
1256,77,そんなに,,そんなに,so much; so; like that Verb,N4,177,7,あの腕時計はそんなに⾼くないよ。,ano ude tokei wa sonna ni takakunai yo.,That watch isn't that expensive.
1257,77,そんなに,,そんなに,so much; so; like that Verb,N4,177,8,そんなに知りたいのなら教えるよ。,sonna ni shiritai no nara oshieru yo.,If you want to know that badly I will tell you.
1258,78,それでも,,それでも,but still; and yet; even so Phrase 1 それでも Phrase 2,N4,179,1,それでもいいですか︖,sore demo ii desu ka?,Is that still OK with you?
1259,78,それでも,,それでも,but still; and yet; even so Phrase 1 それでも Phrase 2,N4,179,2,それでもあなたのことが好き。,sore demo anata no koto ga suki.,I still love you anyway.
1260,78,それでも,,それでも,but still; and yet; even so Phrase 1 それでも Phrase 2,N4,179,3,外は⼤⾬だ。それでも出かけないといけない。,soto wa ooame da. sore demo dekakenai to ikenai.,"There's heavy rain outside, but even so I still need to head out."
1261,78,それでも,,それでも,but still; and yet; even so Phrase 1 それでも Phrase 2,N4,179,4,彼はテストの準備をしていなかった。それでも合格した。,kare wa tesuto no junbi o shite inakatta. sore demo goukaku shita.,"He didn't prepare for the test, but even so he still passed.."
1262,78,それでも,,それでも,but still; and yet; even so Phrase 1 それでも Phrase 2,N4,179,6,みんなに反対されている。それでも私は彼と結婚したい。,minna ni hantai sarete iru. sore demo watashi wa kare to kekkon shitai.,"Everyone is against it, but even so I still want to marry him."
1263,78,それでも,,それでも,but still; and yet; even so Phrase 1 それでも Phrase 2,N4,179,8,彼が結婚しているのは知っている。それでも彼を愛している。,kare ga kekkon shite iru nowa shitte iru. sore demo kare o aishiteru.,I know he is married.. But even so I still love him.
1264,78,それでも,,それでも,but still; and yet; even so Phrase 1 それでも Phrase 2,N4,179,9,彼は 70 歳を越えているが、それでも活動的だ。,"kare wa 70 sai o koeteiru ga, sore demo katsudou teki da.","Although he is over 70, he is still active."
1265,79,そうだ,,そうだ,I heard that; it is said that Verb (casual form),N4,181,1,彼は仕事をやめるそうだ。,kare wa shigoto o yameru sou da.,I heard that he will be quitting his job.
1266,79,そうだ,,そうだ,I heard that; it is said that Verb (casual form),N4,181,2,彼は⾦持ちだそうだ。,kare wa kanemochi da sou da.,He is said to be rich.
1267,79,そうだ,,そうだ,I heard that; it is said that Verb (casual form),N4,181,3,先⽣によると、来週の試験はむずかしいそうだ。,"sensei ni yoru to, raishuu no shiken wa muzukashii sou da.","According to our teacher, next week's test is going to be very hard."
1268,79,そうだ,,そうだ,I heard that; it is said that Verb (casual form),N4,181,4,彼⼥は今、⼊院中だそうだ。,"kanojo wa ima, nyuuinchuu da sou da.",I heard she's in the hospital now.
1269,79,そうだ,,そうだ,I heard that; it is said that Verb (casual form),N4,181,5,彼⼥は有名だそうです。,kanojo wa yuumei da sou desu.,I heard she is famous.
1270,79,そうだ,,そうだ,I heard that; it is said that Verb (casual form),N4,181,6,彼はまだ独⾝だそうだ。,kare wa mada dokushin da sou da.,I hear he's still single.
1271,79,そうだ,,そうだ,I heard that; it is said that Verb (casual form),N4,181,7,息⼦さんは今留学中だそうですね。,musuko san wa ima ryuugakuchuu da sou desu ne.,I heard your son is now studying abroad?
1272,79,そうだ,,そうだ,I heard that; it is said that Verb (casual form),N4,181,8,彼⼥の妹は英語が得意だそうです。,kanojo no imouto wa eigo ga tokui da sou desu.,Her younger sister is apparently really good at English.
1273,80,そうだ,,そうだ,looks like; appears like Verb ます (stem form),N4,183,1,いまにも、⾬が降りそうだ。,"imanimo, ame ga furi sou da.",It seems like it's gonna start raining any moment.
1274,80,そうだ,,そうだ,looks like; appears like Verb ます (stem form),N4,183,2,その⼈は倒れそうです。,sono hito wa taore sou desu.,That person looks like they're about to fall over.
1275,80,そうだ,,そうだ,looks like; appears like Verb ます (stem form),N4,183,3,そろそろ⾬がやみそうなので、もう少し待ちましょう。,"sorosoro ame ga yamisou nano de, mou sukoshi machimashou.","It seems like the rain is going to stop soon, so let's wait a little bit more."
1276,80,そうだ,,そうだ,looks like; appears like Verb ます (stem form),N4,183,4,どうしたの︖眠そうだね。,doushita no? hima sou dane.,What's wrong. You look pretty sleepy..
1277,80,そうだ,,そうだ,looks like; appears like Verb ます (stem form),N4,183,5,わぁ、おいしそうな料理がたくさんありますね。,"waa, oishi sou na ryouri ga takusan arimasu ne.","Wow, there's a lot of really good looking food here!"
1278,80,そうだ,,そうだ,looks like; appears like Verb ます (stem form),N4,183,6,彼⼥が料理を作ってくれたが、⾒た⽬が悪くてまずそうだ。,"kanojo ga ryouri o tukutte kureta ga, mitame ga warukute mazu sou da.","My girlfriend cooked some food for me, but the appearance was really bad and looked"
1279,80,そうだ,,そうだ,looks like; appears like Verb ます (stem form),N4,183,7,彼⼥と別れたとき、彼⼥がすごく泣きそうでした。,"kanojo to wakareta toki, kanojo ga sugoku naki sou deshita.","When I broke up with my girlfriend, she looked like she was about to cry."
1280,80,そうだ,,そうだ,looks like; appears like Verb ます (stem form),N4,183,8,彼⼥は嬉しそうな表情で教室に⼊ってきた。,kare wa ureshi sou na hyoujou de kyoushitsu ni haitte kita.,He entered the classroom with a happy looking expression.
1281,81,そうに・そうな,,そうに・そうな,seems like; looks like Verb ます (stem form),N4,185,1,楽しそうに⾒える。,tanoshi sou ni mieru.,You look like you are having fun.
1282,81,そうに・そうな,,そうに・そうな,seems like; looks like Verb ます (stem form),N4,185,2,楽しそうに⾒えた。,tanoshi sou ni mieta.,You looked like you were having fun.
1283,81,そうに・そうな,,そうに・そうな,seems like; looks like Verb ます (stem form),N4,185,3,彼は忙しそうに⾒えます。,kare wa isogashi sou ni miemasu.,He looks busy.
1284,81,そうに・そうな,,そうに・そうな,seems like; looks like Verb ます (stem form),N4,185,4,彼はつまらなそうに映画を⾒ている。,kare wa tumarana sou ni eiga o miteiru.,He looks really bored watching the movie.
1285,81,そうに・そうな,,そうに・そうな,seems like; looks like Verb ます (stem form),N4,185,5,彼⼥は楽しそうな⼈です。,kanojo wa tanoshi sou na hito desu.,She seems like a very fun person.
1286,81,そうに・そうな,,そうに・そうな,seems like; looks like Verb ます (stem form),N4,185,6,彼はとてもやさしそうな⼈です。,kare wa totemo yasashi sou na hito desu.,He seems like a very nice person.
1287,81,そうに・そうな,,そうに・そうな,seems like; looks like Verb ます (stem form),N4,185,7,とてもおいしそうな料理ですね。,totemo oishi sou na ryouri desune.,This food looks really delicious.
1288,81,そうに・そうな,,そうに・そうな,seems like; looks like Verb ます (stem form),N4,185,8,⾯⽩そうな建物ですね。,omoshiro sou na tatemono desune.,This building looks really interesting.
1289,82,たばかり,,たばかり,just finished; something just occurred Verb (た form) ばかり,N4,187,1,私は今起きたばかりです。,watashi wa ima okita bakari desu.,I've only just woken up.
1290,82,たばかり,,たばかり,just finished; something just occurred Verb (た form) ばかり,N4,187,2,この仕事を始めたばかりです。,kono shigoto o hajimeta bakari desu.,I've only just recently started this job.
1291,82,たばかり,,たばかり,just finished; something just occurred Verb (た form) ばかり,N4,187,3,さっき昼ごはんを⾷べたばかりです。,sakki hiru gohan o tabe ta bakari desu.,I just finished eating lunch.
1292,82,たばかり,,たばかり,just finished; something just occurred Verb (た form) ばかり,N4,187,4,⽥中さんは先⽉にこの会社に⼊ったばかりです。,tanaka san wa sengetsu ni kono kaisha ni haitta bakari desu.,Tanaka san just entered the company last month.
1293,82,たばかり,,たばかり,just finished; something just occurred Verb (た form) ばかり,N4,187,5,このパソコンを買ったばかりなのにとても遅い︕,kono pasokon o katta bakari nano ni totemo osoi!,"Even though I just bought this new computer, it's really slow!"
1294,82,たばかり,,たばかり,just finished; something just occurred Verb (た form) ばかり,N4,187,6,たった今その事故を⾒たばかりだ。,tatta ima sono jiko o mita bakari da.,I only just saw the accident now.
1295,82,たばかり,,たばかり,just finished; something just occurred Verb (た form) ばかり,N4,187,7,私は今着いたばかりだ。,watashi wa ima tuita bakari da.,I just arrived now.
1296,82,たばかり,,たばかり,just finished; something just occurred Verb (た form) ばかり,N4,187,8,数ヶ⽉前に⽇本語の勉強を始めたばかりだ。,suukagetsu mae ni nihongo no benkyou o hajime ta bakari da.,I just started studying Japanese a few months ago.
1297,83,たところ,,たところ,"just finished doing, was just doing Verb (た form) ところ",N4,189,1,今起きたところです。,ima okita tokoro desu.,I just woke up.
1298,83,たところ,,たところ,"just finished doing, was just doing Verb (た form) ところ",N4,189,2,昼ごはんを⾷べたところです。,hirugohan o tabeta tokoro desu.,I was just eating lunch.
1299,83,たところ,,たところ,"just finished doing, was just doing Verb (た form) ところ",N4,189,3,アメリカから⽇本に戻ったところです。,amerika kara nihon ni modotta tokoro desu.,I just returned to Japan from America.
1300,83,たところ,,たところ,"just finished doing, was just doing Verb (た form) ところ",N4,189,4,駅に着いた時、ちょうど電⾞が出たところでした。,"eki ni tsuita toki, choudo densha ga deta tokoro deshita.",I arrived at the station just as the train left.
1301,83,たところ,,たところ,"just finished doing, was just doing Verb (た form) ところ",N4,189,5,あなたのことを話したところだよ。,anata no koto o hanashita tokoro da yo.,We were just talking about you.
1302,83,たところ,,たところ,"just finished doing, was just doing Verb (た form) ところ",N4,189,6,図書館にあなたを探しに⾏ったところです。,toshokan ni anata o sagashi ni itta tokoro desu.,I was just heading to the library to look for you.
1303,83,たところ,,たところ,"just finished doing, was just doing Verb (た form) ところ",N4,189,9,ずいぶん⻑くかかったのね。⼼配になっていたところよ。,zuibun nagaku kakatta no ne. shinpai ni natteita tokoro yo.,You were gone a long time. I was starting to worry..
1304,85,たがる,,たがる,wants to do~ (third person),N4,194,1,その⼦が家に帰りたがっている。,sono ko ga ie ni kaeri tagatteiru.,That kid seems like he wants to go home.
1305,85,たがる,,たがる,wants to do~ (third person),N4,194,2,⽊村さんが、あなたに会いたがっていましたよ。,"kimura-san ga, anata ni ai tagatte imashita yo.",Kimura-san wanted (wants) to see you.
1306,85,たがる,,たがる,wants to do~ (third person),N4,194,3,娘は新しい i-phone を買いたがっています。,musume wa atarashii i-phone o kaitagatteimasu.,My daughter wants to buy the new i-phone.
1307,85,たがる,,たがる,wants to do~ (third person),N4,194,4,息⼦が塾に⾏きたがらない。,musuko ga juku ni iki tagaranai.,My son is reluctant to go to cram school.
1308,85,たがる,,たがる,wants to do~ (third person),N4,194,5,息⼦はアニメを⾒たがっていますが、宿題が終わっていないの,"で、⾒させません。 musuko wa anime o mitagatteimasu ga, shukudai ga owatteinai node, misasemasen.","My son wants to watch anime, but he hasn't finished his homework, so I won't let him watch it.."
1309,85,たがる,,たがる,wants to do~ (third person),N4,194,6,彼⼥は仕事を辞めたがっていますが、転職先が⾒つからず、なか,"なか辞めることができません。 kanojo wa shigoto o yametagatteimasu ga, tenshoku saki ga mitsukarazu, nakanaka yameru koto ga dekimasen.","She wants to quit her job, but is unable to find a new job so she can't quite do it yet."
1310,85,たがる,,たがる,wants to do~ (third person),N4,194,7,みんな早く帰りたがっているのに、部⻑の話が⻑くてなかなか帰,"れません。 minnna hayaku kaeritagatteiru no ni, buchou no hanashi ga nagakute nakanaka kaeremasen.","Although everyone wants to head home early, the section manager talks for a long time and nobody can leave.."
1311,85,たがる,,たがる,wants to do~ (third person),N4,194,8,息⼦が全然学校に⾏きたがらないんですが、学校で何かあったの,"でしょうか。 musuko ga zenzen gakkou ni ikitagaranai ndesu ga, gakkou de nani ka atta no deshou ka.",My son doesn't want to go to school at all. I wonder if something happened there..
1312,86,たら,,たら,"if, after, when Verb (た form)",N4,197,1,お⾦があったら、旅⾏します。,"okane ga attara, ryokou shimasu.","If I had money, I would go travel."
1313,86,たら,,たら,"if, after, when Verb (た form)",N4,197,2,⼀⼝⾷べたら、きっと好きになるよ。,"hitoguchi tabetara, kitto suki ni naru yo.","Taste one bite, and you will surely like it!"
1314,86,たら,,たら,"if, after, when Verb (た form)",N4,197,3,時間がなかったら、テレビを⾒ません。,"jikan ga nakattara, terebi o mimasen.","If I had no time, I wouldn't watch any TV."
1315,86,たら,,たら,"if, after, when Verb (た form)",N4,197,4,安かったら、パソコンを買いたいです。,"yasukattara, pasokon o kaitai desu.","If it's cheap, I'd like to buy a computer."
1316,86,たら,,たら,"if, after, when Verb (た form)",N4,197,5,暇だったら、⼿伝ってください。,"hima dattara, tetsudatte kudasai.","If you're free, please help me out."
1317,86,たら,,たら,"if, after, when Verb (た form)",N4,197,6,いい天気だったら、散歩しませんか。,"ii tenki dattara, sanpo shimasen ka︖","If the weather is nice, would you like to go for a walk?"
1318,86,たら,,たら,"if, after, when Verb (た form)",N4,197,8,お酒を飲んだら、⾞を運転しません。,"osake o nondara, kuruma o unten shimasen.",I don't drive my car if I am drinking alcohol.
1319,86,たら,,たら,"if, after, when Verb (た form)",N4,197,9,⽢い物を⾷べたら⾍⻭になる。,amai mono o tabetara mushiba ni naru.,If you eat sweet things you will get a cavity.
1320,87,たらどう,,たらどう,why don't you Verb (た form) らどう,N4,199,1,⼀緒に来たらどうですか︖,isshoni kitara dou desu ka?,How about coming together with us?
1321,87,たらどう,,たらどう,why don't you Verb (た form) らどう,N4,199,2,先⽣に聞いてみたらどうですか︖,sensei ni kiite mitara dou desu ka?,Why don't you try asking the teacher?
1322,87,たらどう,,たらどう,why don't you Verb (た form) らどう,N4,199,3,彼に電話したらどうですか。,kare ni denwa shitara dou desu ka?,Why don't you give him a call?
1323,87,たらどう,,たらどう,why don't you Verb (た form) らどう,N4,199,4,君もやってみたらどうか︖,kimi mo yatte mitara dou ka?,Why don't you also give it a try?
1324,87,たらどう,,たらどう,why don't you Verb (た form) らどう,N4,199,5,友だちとそこに⾏ってみたらどう︖,tomodachi to soko ni itte mitara dou?,Why don't you try going there with your friends?
1325,87,たらどう,,たらどう,why don't you Verb (た form) らどう,N4,199,6,他の⼈に聞いてみたらどう。,hokano hito ni kiite mitara dou.,Why don't you try asking someone else?
1326,87,たらどう,,たらどう,why don't you Verb (た form) らどう,N4,199,7,酒を飲むのをやめたらどうだい。,sake o nomu no o yametara dou dai.,I advise you to give up drinking.
1327,87,たらどう,,たらどう,why don't you Verb (た form) らどう,N4,199,8,医者にみてもらったらどうかね。,isha ni mite morattara dou ka ne.,I think you should see a doctor.
1328,87,たらどう,,たらどう,why don't you Verb (た form) らどう,N4,199,9,もし私が結婚したらどう思う。,moshi watashi ga kekkon shitara dou omou?,What would you think if I got married?
1329,88,たらいいですか,,たらいいですか,what should I do?; speaker seeking Verb (た form) らいいですか,N4,201,1,どうしたらいいですか︖,dou shitara ii desu ka?,What should I do?
1330,88,たらいいですか,,たらいいですか,what should I do?; speaker seeking Verb (た form) らいいですか,N4,201,2,どこに⾏ったらいいですか。,doko ni ittara ii desu ka.,Where should I go?
1331,88,たらいいですか,,たらいいですか,what should I do?; speaker seeking Verb (た form) らいいですか,N4,201,3,何を⾷べたらいいですか。,nani o tabetara ii desu ka.,What should I eat?
1332,88,たらいいですか,,たらいいですか,what should I do?; speaker seeking Verb (た form) らいいですか,N4,201,4,この本はいつまでに返したらいいですか。,kono hon wa itsu made ni kaeshitara ii desu ka.,When do you need me to return this book to you?
1333,88,たらいいですか,,たらいいですか,what should I do?; speaker seeking Verb (た form) らいいですか,N4,201,5,私はどの駅で降りたらいいですか︖,watashi wa dono eki de oritara ii desu ka?,Which station should I get off at?
1334,88,たらいいですか,,たらいいですか,what should I do?; speaker seeking Verb (た form) らいいですか,N4,201,7,駅まで⾏きたいんですが、どう⾏ったらいいですか。,"eki made ikitai ndesu ga, dou ittara ii desu ka.",How can I get to the station?
1335,88,たらいいですか,,たらいいですか,what should I do?; speaker seeking Verb (た form) らいいですか,N4,201,8,⽇本語の⽂章に慣れるにはどうしたらいいですか︖,nihongo no bunshou ni nareru ni wa dou shitara ii desu ka?,What should I do to get used to reading Japanese?
1336,89,て で,,て で,"conjunctive particle; so; because of [A], [B]... Verb (て form)",N4,203,1,最近は忙しくてあまり運動をしていない。,saikin wa isogashi kute amari undou o shiteinai.,"Lately, I've been busy and so I haven't been working out."
1337,89,て で,,て で,"conjunctive particle; so; because of [A], [B]... Verb (て form)",N4,203,2,⾃転⾞のカギをなくして、家まで歩いて帰った。,"jitensha no kagi o nakushite, ie made aruite kaetta.","I lost the key to my bicycle, so I walked home."
1338,89,て で,,て で,"conjunctive particle; so; because of [A], [B]... Verb (て form)",N4,203,3,あの教室のドアは古くて開けにくいです。,ano kyoushitsu no doa wa furukute ake nikui desu.,The door in that classroom is old and hard to open.
1339,89,て で,,て で,"conjunctive particle; so; because of [A], [B]... Verb (て form)",N4,203,4,パソコンの調⼦が悪るくて、仕事ができなかった。,"pasokon no choushi ga waru kute, shigoto ga deki nakatta.",My computer was acting up and I wasn't able to do any work.
1340,89,て で,,て で,"conjunctive particle; so; because of [A], [B]... Verb (て form)",N4,203,5,⽇本に来てから半年をたった。家族に会えなくて寂しい。,nihon ni kite kara hantoshi o tata. kazoku ni aenakute sabishii.,"A half-year has passed since I came to Japan. Since I can't see my family, I am a little"
1341,89,て で,,て で,"conjunctive particle; so; because of [A], [B]... Verb (て form)",N4,203,6,娘は調⼦が悪くて、晩ご飯を⾷べなかった。,"musume wa choushi ga warukute, bangohan o tabenakatta.","My daughter is not feeling well, so she didn't eat her dinner."
1342,89,て で,,て で,"conjunctive particle; so; because of [A], [B]... Verb (て form)",N4,203,7,昨⽇の地震で全国の 100 ⼈くらい亡くなった。,kinou no jishin de zenkoku no 100 nin kurai nakunatta.,About 100 people across the country died in the earthquake yesterday.
1343,89,て で,,て で,"conjunctive particle; so; because of [A], [B]... Verb (て form)",N4,203,8,給料は少なくて、今の仕事を辞めたいです。,"kyuuryou wa sukunakute, ima no shigoto o yametai desu.","My salary is low, so I want to quit my current job."
1344,89,て で,,て で,"conjunctive particle; so; because of [A], [B]... Verb (て form)",N4,203,9,今回の試験はむずかしくて、合格の⾃信が全然ないだ。,"konkai no shiken wa muzukashikute, goukaku no jishin ga zenzen nai da.","This exam this time was very difficult, so I am not confident I will pass."
1345,90,てあげる,,てあげる,to do for; to do a favor,N4,205,1,⺟にセーターを買ってあげた。,haha ni seetaa o katte ageta.,I bought my mother a sweater.
1346,90,てあげる,,てあげる,to do for; to do a favor,N4,205,2,いいよ，僕がやってあげるよ。,"iiyo, boku ga yatte ageru yo.","No problem, I'll do it for you."
1347,90,てあげる,,てあげる,to do for; to do a favor,N4,205,3,⾞に君を乗せてあげる。,kuruma ni kimi o nosete ageru.,I'll give you a ride (by car).
1348,90,てあげる,,てあげる,to do for; to do a favor,N4,205,4,君に⾒せてあげたかったよ。,kimi ni misete agetakatta yo.,I wanted to show it to you.
1349,90,てあげる,,てあげる,to do for; to do a favor,N4,205,5,私はあなたにそれを教えてあげない。,watashi wa anata ni sore o oshiete agenai.,I won't tell you that.
1350,90,てあげる,,てあげる,to do for; to do a favor,N4,205,6,あなたがそれを読んだら別の本を貸してあげます。,anata ga sore o yondara betsu no hon o kashite agemasu.,Once you finish reading that I'll lend you another book.
1351,90,てあげる,,てあげる,to do for; to do a favor,N4,205,7,私は君のためにできることは何でもやってあげます。,watashi wa kimi no tame ni dekiru koto wa nandemo yatte agemasu.,I will do anything I can for you.
1352,90,てあげる,,てあげる,to do for; to do a favor,N4,205,8,花⼦は彼に⽇本語を教えてあげました。,hanako wa kare ni nihongo o oshiete agemashita.,Hanako taught him Japanese.
1353,90,てあげる,,てあげる,to do for; to do a favor,N4,205,9,利⼦なしでお⾦を貸してあげるよ。,rishi nashi de okane o kashite ageru yo.,I'll lend you money without charging any interest.
1354,91,てほしい,,てほしい,I want you to; need you to~ Verb (て form),N4,207,1,⽇本語を教えてほしいです。,nihongo o oshiete hoshii desu.,I want you to teach me Japanese.
1355,91,てほしい,,てほしい,I want you to; need you to~ Verb (て form),N4,207,2,先⽣には、もっとゆっくり話してほしいです。,"sensei ni wa, motto yukkuri hanashite hoshii desu.",I wish the teacher would speak more slowly
1356,91,てほしい,,てほしい,I want you to; need you to~ Verb (て form),N4,207,3,あなたに⾒てほしい写真を持っています。,anata ni mite hoshii shashin o motteimasu.,I have a picture I want you to see.
1357,91,てほしい,,てほしい,I want you to; need you to~ Verb (て form),N4,207,4,ぜひ私といっしょに来てほしい。,zehi watashi to isshoni kite hoshii.,I'd love for you to come with me.
1358,91,てほしい,,てほしい,I want you to; need you to~ Verb (て form),N4,207,5,私に何をしてほしいのですか ?,watashi ni nani o shite hoshii no desu ka?,What do you want me to do?
1359,91,てほしい,,てほしい,I want you to; need you to~ Verb (て form),N4,207,6,あなたに家に来てほしくない。,anata ni ie ni kite hoshiku nai.,I don't want you to come to my house.
1360,91,てほしい,,てほしい,I want you to; need you to~ Verb (て form),N4,207,7,あなたに幸せになってほしいのです。,anata ni shiawase ni natte hoshii no desu.,I want you to be happy.
1361,91,てほしい,,てほしい,I want you to; need you to~ Verb (て form),N4,207,8,それを忘れないで欲しい。,sore o wasurenaide hoshii.,I don't want you to forget that.
1362,91,てほしい,,てほしい,I want you to; need you to~ Verb (て form),N4,207,9,すみません、昨⽇のノートを⾒せて欲しいんですが・・・,"sumimasen, kinou no nooto o misete hoshii n desu ga..","Excuse me, could you please show me yesterday's notes?"
1363,91,てほしい,,てほしい,I want you to; need you to~ Verb (て form),N4,207,10,冬が早く来て欲しいです。,fuyu ga hayaku kite hoshii desu.,I want winter to come sooner!
1364,92,ていく,,ていく,to start; to continue; to go on,N4,209,1,歩いていく。,aruite iku.,to walk / to go by walking / to start walking
1365,92,ていく,,ていく,to start; to continue; to go on,N4,209,2,彼は毎⽇駅まで歩いていきます。,kare wa mainichi eki made aruite ikimasu.,He walks to the station every day.
1366,92,ていく,,ていく,to start; to continue; to go on,N4,209,3,船は港を出ていった。,fune wa minato o detteita.,The ship pulled out of the harbor.
1367,92,ていく,,ていく,to start; to continue; to go on,N4,209,4,彼は京都へ引っ越していった。,kare wa kyouto he hikkoshite itta.,He moved to Kyoto.
1368,92,ていく,,ていく,to start; to continue; to go on,N4,209,5,今年はあっという間に過ぎていく。,kotoshi attoiuma ni sugite iku.,This year is going by really fast.
1369,92,ていく,,ていく,to start; to continue; to go on,N4,209,6,何も⾔わずに部屋を出ていきました。,nanimo iwazu ni heya o dete ikimashita.,I left the room without saying anything.
1370,92,ていく,,ていく,to start; to continue; to go on,N4,209,7,私は⽇本語を聞くことに慣れていきました。,watashi wa nihongo o kiku koto ni narete ikimashita.,I've started to get used to listening in Japanese.
1371,92,ていく,,ていく,to start; to continue; to go on,N4,209,8,⾬が降るから傘を持っていった⽅がいいよ。,ame ga furu kara kasa o motte itta hou ga ii yo.,It's going to rain so you better bring an umbrella.
1372,92,ていく,,ていく,to start; to continue; to go on,N4,209,9,それは今後決定していきます。,kore wa kongo kettei shite ikimasu.,We'll decide that from now on.
1373,92,ていく,,ていく,to start; to continue; to go on,N4,209,10,結婚してからも仕事を続けていくつもりです。,kekkon shite kara mo shigoto o tsudzukete iku tsumori desu.,I plan to continue to work even after getting married.
1374,93,ていた,,ていた,was doing something (past continuous),N4,211,1,彼⼥はオレンジを⾷べていた。,kanojo wa orenji o tabeteita.,She was eating an orange.
1375,93,ていた,,ていた,was doing something (past continuous),N4,211,2,今⽇は家でゆっくりしていました。,kyou wa ie de yukkuri shiteimashita.,I relaxed at home today.
1376,93,ていた,,ていた,was doing something (past continuous),N4,211,3,私は⼀晩中泣いていた。,watashi wa hitobanjuu naiteita.,I cried all night.
1377,93,ていた,,ていた,was doing something (past continuous),N4,211,4,彼はこのニュースを⼼配していた。,kare wa kono nyuusu o shinpai shiteita.,He was worried about this news.
1378,93,ていた,,ていた,was doing something (past continuous),N4,211,5,今朝、⾃分の部屋を掃除していました。,"kesa, jibun no heya o souji shiteimashita.",I cleaned my room this morning.
1379,93,ていた,,ていた,was doing something (past continuous),N4,211,6,あなたは休⽇は何をしてたのですか。,anata wa kyuujitsu wa nani o shiteta no desu ka.,What did you do on your day off?
1380,93,ていた,,ていた,was doing something (past continuous),N4,211,7,彼⼥にラブレターを書いていたんだよ。,kanojo ni raburetaa o kaiteita n da yo.,I was writing her a love letter.
1381,93,ていた,,ていた,was doing something (past continuous),N4,211,8,⽇本の学校で英語を教えていたとき，夫に出会った。,"nihon no gakkou de eigo o oshitete ita toki, otto ni deatta.",I met my husband while teaching English in Japan.
1382,94,ていただけませんか,,ていただけませんか,could you please Verb (て form) いただけませんか,N4,213,1,写真を取っていただけませんか。,shashin o totte itadake masen ka.,Could you take a picture please?
1383,94,ていただけませんか,,ていただけませんか,could you please Verb (て form) いただけませんか,N4,213,2,ちょっと待っていただけませんか。,chotto matte itadake masen ka?,Could you please wait a moment?
1384,94,ていただけませんか,,ていただけませんか,could you please Verb (て form) いただけませんか,N4,213,3,もう少しゆっくり話していただけませんか。,mou sukoshi yukkuri hanashite itadake masen ka?,Could you please speak a little bit more slowly?
1385,94,ていただけませんか,,ていただけませんか,could you please Verb (て form) いただけませんか,N4,213,4,いい先⽣を紹介していただけませんか︖,ii sensei o shoukai shite itadake masen ka︖,Could you please introduce me to a good teacher?
1386,94,ていただけませんか,,ていただけませんか,could you please Verb (て form) いただけませんか,N4,213,5,荷物を持ってきていただけませんか︖,nimotsu o motte kite itadake masen ka︖,Could you please carry my luggage?
1387,94,ていただけませんか,,ていただけませんか,could you please Verb (て form) いただけませんか,N4,213,6,お⾦を貸していただけませんか︖,okane o kashite itadake masen ka︖,Could you please lend me some money?
1388,94,ていただけませんか,,ていただけませんか,could you please Verb (て form) いただけませんか,N4,213,7,炊飯器の使い⽅を教えていただけませんか︖,suihanki no tsukaikata o oshiete itadake masen ka︖,Could you please teach me how to use this rice cooker?
1389,95,てくれる,,てくれる,to do a favor; do something for someone,N4,215,1,⼿伝ってくれる︖,tetsudatte kureru?,Will you help me?
1390,95,てくれる,,てくれる,to do a favor; do something for someone,N4,215,2,express something was done for you.,,"The recipient of the favor (usually oneself), should be marked with に. Meaning 1) Asking a favor When asking for a favor, often the negative form is used. These are all ways to say “please teach me”: 教えてくれる︖ (oshiete kureru) 教えてくれない︖ (oshiete kurenai) 教えてくれませんか︖ (oshiete kuremasen ka) Example Sentences"
1391,95,てくれる,,てくれる,to do a favor; do something for someone,N4,215,3,⺟は僕に毎⽇弁当を作ってくれる。,haha wa boku ni mainichi bentou o tukutte kureru.,My mom makes my bento lunch for me every day.
1392,95,てくれる,,てくれる,to do a favor; do something for someone,N4,215,4,⼿を貸してくれますか︖,te o kashite kuremasu ka?,Will you please help me out?
1393,95,てくれる,,てくれる,to do a favor; do something for someone,N4,215,5,私に⽇本語を教えてくれますか︖,watashi ni nihongo o oshiete kuremasu ka?,Will you please teach me Japanese?
1394,95,てくれる,,てくれる,to do a favor; do something for someone,N4,215,6,すみません、写真を取ってくれませんか︖,"sumimasen, shashin o totte kuremasen ka?","Excuse me, could you please take a photo for me?"
1395,95,てくれる,,てくれる,to do a favor; do something for someone,N4,215,7,友だちが駅まで送ってくれた。,tomodachi ga eki made okutte kureta.,My friend helped take me to the station.
1396,95,てくれる,,てくれる,to do a favor; do something for someone,N4,215,8,彼⼥は私にクッキーを作ってくれた。,kanojo wa watashi ni kukkii o tsukutte kureta.,My girlfriend made some cookies for me.
1397,95,てくれる,,てくれる,to do a favor; do something for someone,N4,215,9,知らない⼈が、駅までの道を教えてくれた。,"shiranai hito ga, eki made no michi o oshiete kureta.",A stranger helped me find my way to the station.
1398,95,てくれる,,てくれる,to do a favor; do something for someone,N4,215,10,部⻑は私に寿司をおごってくれました。,buchou wa watashi ni sushi o ogotte kuremashita.,My boss (manager) treated me to sushi.
1399,96,てくる,,てくる,to do… and come back; to become; to,N4,218,1,⾒えてくる。,miete kuru,To come into view (to start coming into view/ to continue coming into view)
1400,96,てくる,,てくる,to do… and come back; to become; to,N4,218,2,⾬が降ってきた。,ame ga futte kita.,It started raining.
1401,96,てくる,,てくる,to do… and come back; to become; to,N4,218,3,戻ってきたよ !,modotte kita!,I'm back!
1402,96,てくる,,てくる,to do… and come back; to become; to,N4,218,4,お腹がすいてきた。,onaka ga suite kita.,I'm hungry / I'm starting to get hungry.
1403,96,てくる,,てくる,to do… and come back; to become; to,N4,218,5,ここまで歩いてきました。,koko made aruite kimashita.,I came here by foot.
1404,96,てくる,,てくる,to do… and come back; to become; to,N4,218,6,私は彼を連れてくる。,watashi wa kare o tsurete kuru.,I will bring him / pick him up.
1405,96,てくる,,てくる,to do… and come back; to become; to,N4,218,7,彼は来週戻ってくる。,kare wa raishuu modotte kuru.,He'll be back next week.
1406,96,てくる,,てくる,to do… and come back; to become; to,N4,218,8,ちょっとトイレに⾏ってきます。,chotto toire ni itte kimasu.,I'm gonna head to the restroom real quick.
1407,96,てくる,,てくる,to do… and come back; to become; to,N4,218,9,クリスさんはまだ来ていませんね。ちょっと探してきます。,kurisu san wa mada kiteimasen ne. chotto sagashite kimasu.,Chris still hasn't come.. I'm gonna go look for him (then come back)
1408,96,てくる,,てくる,to do… and come back; to become; to,N4,218,10,ちょっと⾃動販売機で⽔を買ってきます。,chotto jidou hanbaiki de mizu o katte kimasu.,I'm gonna go to the vending machine to buy some water (then come back)
1409,97,てみる,,てみる,try doing,N4,220,1,やってみる︕,yatte miru!,I'll give it a shot! / Here goes nothing!
1410,97,てみる,,てみる,try doing,N4,220,2,これを使ってみる。,kore o tsukatte miru.,I'll try using this.
1411,97,てみる,,てみる,try doing,N4,220,3,やってみないと分からない。,yatte minai to wakaranai.,You'll never know until you try.
1412,97,てみる,,てみる,try doing,N4,220,4,いつか海外に⾏ってみたいな。,itsuka kaigai ni itte mitai na.,One day I'd like to try going abroad.
1413,97,てみる,,てみる,try doing,N4,220,5,おいしいかどうかわからないので、試しに⾷べてみます。,"oishii ka dou ka wakaranai node, tameshi ni tabete mimasu.","I don't know if this is tasty or not, so I'm gonna give it a try."
1414,97,てみる,,てみる,try doing,N4,220,6,とにかく、彼⼥の予定を聞いてみます。,"tonikaku, kanojo no yotei o kiite mimasu.","Anyway, I'll try asking her about her plans."
1415,97,てみる,,てみる,try doing,N4,220,7,それは私にとっては難しいですが、やってみます。,"kore wa watashi ni totte wa muzukashii desuga, yatte mimasu.","This is a little difficult for me, but I'll give it a shot."
1416,97,てみる,,てみる,try doing,N4,220,8,花⽕⼤会に⾏ったら、着物を着てみたいです。,"hanabi taikai ni ittara, kimono o kite mitai desu.","If I ever go to a fireworks festival, I want to try wearing a kimono."
1417,97,てみる,,てみる,try doing,N4,220,9,もしお⾦がたくさんあったら、何をしてみたいですか。,"moshi okane ga takusan attara, nani o shite mitai desuka?","If you had a lot of money, what would you like to do?"
1418,98,てもらう,,てもらう,to get somebody to do something,N4,222,1,彼に来てもらう。,kare ni kite morau.,I will have him come.
1419,98,てもらう,,てもらう,to get somebody to do something,N4,222,2,先⽣に作⽂を直してもらう。,sensei ni sakubun o naoshite morau.,I'll have my teacher check my writing/essay.
1420,98,てもらう,,てもらう,to get somebody to do something,N4,222,3,あなたにぜひ⾒てもらいたいものがある。,anata ni zehi mite moraitai mono ga aru.,There's something I want you to look at.
1421,98,てもらう,,てもらう,to get somebody to do something,N4,222,4,彼は病院でみてもらう必要がある。,kare wa byouin de mite morau hitsuyou ga aru.,He requires hospital care.
1422,98,てもらう,,てもらう,to get somebody to do something,N4,222,5,⺟に⾞で送ってもらった。,haha ni kuruma de okutte moratta.,I had my mom drive me there.
1423,98,てもらう,,てもらう,to get somebody to do something,N4,222,6,あなたに⽇本語を教えてもらいたい。,anata ni nihongo o oshiete moraitai.,I want you to teach me Japanese.
1424,98,てもらう,,てもらう,to get somebody to do something,N4,222,7,医者に⾒てもらったか ?,isha ni mite morata ka?,Have you been looked at by the doctor yet?
1425,98,てもらう,,てもらう,to get somebody to do something,N4,222,8,知らない⼈に、道を教えてもらいました。,"shiranai hito ni, michi o oshiete moraimashita.",A strange helped give me directions.
1426,98,てもらう,,てもらう,to get somebody to do something,N4,222,9,私は⺟に早く良くなってもらいたい。,watashi wa haha ni hayaku yoku natte moraitai.,I want my mother to get well soon.
1427,98,てもらう,,てもらう,to get somebody to do something,N4,222,10,昨⽇⾞を修理してもらいました。,kinou kuruma o shuuri shite moraimashita.,I had my car repaired yesterday.
1428,99,ておく,,ておく,to do something in advance,N4,224,1,お弁当を作っておいたよ。,obentou o tsukutte oita yo.,I made your bento (lunch box) already.
1429,99,ておく,,ておく,to do something in advance,N4,224,2,出かける前に何か⾷べておこう。,dekakeru mae ni nanika tabete okou.,Let's eat something before we head out.
1430,99,ておく,,ておく,to do something in advance,N4,224,3,旅⾏の前に切符を買っておきます。,ryokou no mae ni kippu o katte okimasu.,I will buy the tickets before the trip.
1431,99,ておく,,ておく,to do something in advance,N4,224,4,お⺟さんには内緒にしておくね。,okaasan ni wa naisho ni shite oku ne.,"I will keep it a secret with mom, okay?"
1432,99,ておく,,ておく,to do something in advance,N4,224,5,来週の試験のため、漢字を勉強しておきました。,"raishuu no shiken no tame, kanji o benkyou shite okimashita.",I studied my kanji in preparation for next week's exam.
1433,99,ておく,,ておく,to do something in advance,N4,224,6,友だちが遊びに来るので、部屋をきれいにしておきます。,"tomodachi ga asobi ni kuru node, heya o kirei ni shite okimasu.",I will clean my room since my friend is coming over.
1434,99,ておく,,ておく,to do something in advance,N4,224,7,会議のために、資料をコピーしておきました。,"kaigi no tame ni, shiryou o kopii shite okimashita.",I made some copies of the documents in preparation for the meeting.
1435,99,ておく,,ておく,to do something in advance,N4,224,8,円が上がる前に両替しておいて良かった。,en ga agaru mae ni ryougae shite oite yokatta.,I'm glad I exchanged my money before the yen went up in price.
1436,100,てしまう ちゃう,,てしまう ちゃう,"to do something by accident, to finish",N4,226,1,仕事は全部終わってしまいました。,shigoto wa zenbu owatte shimai mashita.,I've finished with all of my work.
1437,100,てしまう ちゃう,,てしまう ちゃう,"to do something by accident, to finish",N4,226,2,疲れが出たので、寝ちゃった。,"tsukare ga deta node, nechatta.",I was tired and so I fell asleep.
1438,100,てしまう ちゃう,,てしまう ちゃう,"to do something by accident, to finish",N4,226,3,パスポートをなくしてしまいました。,pasupooto o nakushite shimai mashita.,I've lost my passport..
1439,100,てしまう ちゃう,,てしまう ちゃう,"to do something by accident, to finish",N4,226,4,漢字の宿題はもうやってしまいました。,kanji no shukudai wa mou yatte shimai mashita.,I've already finished my kanji homework.
1440,100,てしまう ちゃう,,てしまう ちゃう,"to do something by accident, to finish",N4,226,5,明⽇までに宿題をしちゃいます。,ashita made shukudai o shichaimasu.,I will finish my homework by tomorrow.
1441,100,てしまう ちゃう,,てしまう ちゃう,"to do something by accident, to finish",N4,226,6,ごめん︕ジュースを全部飲んじゃった︕,gomen! juusu o zenbu nonjatta!,"Sorry, I drank all the juice!"
1442,100,てしまう ちゃう,,てしまう ちゃう,"to do something by accident, to finish",N4,226,7,昼ごはんまでにレポートを書いてしまいました。,hiru gohan made ni repooto o kaite shimai masu.,I kept writing the report until lunch.
1443,100,てしまう ちゃう,,てしまう ちゃう,"to do something by accident, to finish",N4,226,8,兄はケーキを⾷べてしまいました。,ani wa keeki o tabete shimai mashita.,My brother ate the cake..
1444,100,てしまう ちゃう,,てしまう ちゃう,"to do something by accident, to finish",N4,226,9,失敗するのを気にしたら、まちがいなく失敗してしまう。,"shippai suru no o ki ni shitara, machigai naku shippai shite shimau.","If we think of failure, we will certainly fail."
1445,101,てすみません,,てすみません,I’m sorry for Verb (て form) すみません,N4,228,1,遅れてすみません。,okurete sumimasen.,I'm sorry for being late.
1446,101,てすみません,,てすみません,I’m sorry for Verb (て form) すみません,N4,228,2,⼼配をかけてすみません。,shinpai o kakete sumimasen.,I apologize for causing you concern.
1447,101,てすみません,,てすみません,I’m sorry for Verb (て form) すみません,N4,228,3,電話に出れなくてすみません。,denwa ni derenakute sumimasen.,I am sorry that I couldn't answer the phone.
1448,101,てすみません,,てすみません,I’m sorry for Verb (て form) すみません,N4,228,4,あなたのお弁当を⾷べてすみません。,anata no obentou o tabete sumimasen.,I’m sorry for eating your lunch box.
1449,101,てすみません,,てすみません,I’m sorry for Verb (て form) すみません,N4,228,5,返事が遅くなってすみませんでした。,henji ga osoku natte sumimasen deshita.,I'm sorry for replying so late.
1450,101,てすみません,,てすみません,I’m sorry for Verb (て form) すみません,N4,228,6,朝早くにお電話してすみません。,asa hayaku ni o denwa shite sumimasen.,I'm sorry for calling so early in the morning.
1451,101,てすみません,,てすみません,I’m sorry for Verb (て form) すみません,N4,228,7,ご迷惑をかけてすみませんでした。,go meiwaku o kakete sumimasen deshita.,I am sorry for causing you trouble.
1452,101,てすみません,,てすみません,I’m sorry for Verb (て form) すみません,N4,228,8,宿題をするのを忘れてすみません。,shukudai o suru no o wasurete sumimasen.,I’m sorry for forgetting to do my homework.
1453,101,てすみません,,てすみません,I’m sorry for Verb (て form) すみません,N4,228,9,その予定を何度も変更してすみません。,sono yotei o nando mo henkou shite sumimasen.,I am sorry for changing the plan so many times.
1454,102,てやる,,てやる,to do for; to do a favor (casual),N4,230,1,⼿伝ってやる。,tetsudatte yaru.,I'll help you out / let me help you out.
1455,102,てやる,,てやる,to do for; to do a favor (casual),N4,230,2,いいよ，僕がやってやるよ。,"iiyo, boku ga yatte yaru yo.","No problem, I'll do it for you."
1456,102,てやる,,てやる,to do for; to do a favor (casual),N4,230,3,⾞に君を乗せてやる。,kuruma ni kimi o nosete yaru.,I'll give you a ride (by car).
1457,102,てやる,,てやる,to do for; to do a favor (casual),N4,230,4,あなたがそれを読んだら別の本を貸してやる。,anata ga sore o yondara betsu no hon o kashite yaru.,Once you finish reading that I'll lend you another book.
1458,102,てやる,,てやる,to do for; to do a favor (casual),N4,230,5,君のためにできることは何でもやってやる。,watashi wa kimi no tame ni dekiru koto wa nandemo yatte yaru.,I will do anything I can for you.
1459,102,てやる,,てやる,to do for; to do a favor (casual),N4,230,6,あなたにそれを教えてやらない。,anata ni sore o oshiete yaranai.,I won't tell you that.
1460,102,てやる,,てやる,to do for; to do a favor (casual),N4,230,7,もう⼆度と注意してやらないから。,mou nidoto chuui shite yaranai kara.,I'm not going to warn you again.
1461,102,てやる,,てやる,to do for; to do a favor (casual),N4,230,8,彼に⼿を貸してやらないほうがいいと思う。,kare ni te o kashite yaranai hou ga ii to omou.,I think it's best to not help him out.
1462,102,てやる,,てやる,to do for; to do a favor (casual),N4,230,9,利⼦なしでお⾦を貸してやるよ。,rishi nashi de okane o kashite yaru yo.,I'll lend you money without charging any interest.
1463,103,てよかった,,てよかった,I’m glad that.. Verb (て form) よかった,N4,232,1,⾏ってよかった︕,itte yokatta!,I'm glad I went!
1464,103,てよかった,,てよかった,I’m glad that.. Verb (て form) よかった,N4,232,2,これを買ってよかった。,kore o katte yokatta.,I'm glad I bought this.
1465,103,てよかった,,てよかった,I’m glad that.. Verb (て form) よかった,N4,232,3,私はあなたと出会えてよかった。,watashi wa anata to deaete yokatta.,I am glad that I was able to meet you.
1466,103,てよかった,,てよかった,I’m glad that.. Verb (て form) よかった,N4,232,4,財布を⾒つかってよかったですね。,saifu o mitsukatte yokatta desu ne.,"It's a good thing you found your wallet, eh?"
1467,103,てよかった,,てよかった,I’m glad that.. Verb (て form) よかった,N4,232,5,君が無事に帰ってよかった。,kimi ga buji ni kaette yokatta.,I'm glad you returned home safely.
1468,103,てよかった,,てよかった,I’m glad that.. Verb (て form) よかった,N4,232,6,君と連絡できてよかった。 2 時間遅れて⼼配したよ。,kimi to renraku dekite yokatta. 2 jikan okurete shinpai shita yo.,I'm glad I was able to get in contact with you. I was really worried with the 2 hour delay.
1469,103,てよかった,,てよかった,I’m glad that.. Verb (て form) よかった,N4,232,7,あなたは元気になってよかったです。ずっと⼼配したよ。,anata wa genki ni natte yokatta desu. zutto shinpai shita yo.,"I'm glad you're healthy again, I was really worried for a while."
1470,103,てよかった,,てよかった,I’m glad that.. Verb (て form) よかった,N4,232,8,この世に⽣まれてよかった。,kono yo ni umarete yokatta.,I'm glad to have been born into this world.
1471,103,てよかった,,てよかった,I’m glad that.. Verb (て form) よかった,N4,232,9,私は今⽇⼀⽇が無事に過ごせてよかった。,watashi wa kyou ichi nichi ga buji ni sogosete yokatta.,I am glad that we went through the day today without any problems.
1472,104,ているところ,,ているところ,in the process of doing Verb (て form) いるところ,N4,234,1,彼は⼊院しているところです。,kare wa nyuuin shiteiru tokoro desu.,He is being hospitalized now.
1473,104,ているところ,,ているところ,in the process of doing Verb (て form) いるところ,N4,234,2,今料理をしているところです。,ima ryouri o shiteiru tokoro desu.,I am cooking now.
1474,104,ているところ,,ているところ,in the process of doing Verb (て form) いるところ,N4,234,3,私は今、家で⽇本語を勉強しているところです。,"watashi wa ima, ie de nihongo o benkyou shite iru tokoro desu.",I'm currently studying Japanese at home.
1475,104,ているところ,,ているところ,in the process of doing Verb (て form) いるところ,N4,234,4,姉は電話をかけているところだ。,ane wa denwa o kakete iru tokoro da.,My older sister is in the middle of a phone call.
1476,104,ているところ,,ているところ,in the process of doing Verb (て form) いるところ,N4,234,5,⼦どもを産んだばかりなので、うちで休んでいるところです。,"kodomo o unda bakari na node, uchi de yasunde iru tokoro desu.",I just gave birth to my child so I’m currently resting at home.
1477,104,ているところ,,ているところ,in the process of doing Verb (て form) いるところ,N4,234,6,彼⼥はお茶を飲みながら雑誌を読んでいるところです。,kanojo wa ocha o nominagara zasshi o yonde iru tokoro desu.,She’s currently reading a magazine while drinking tea.
1478,105,ても,,ても,even; even if; even though Verb (て form),N4,236,1,たくさん⾷べても、お腹が空きます。,"takusan tabetemo, onaka ga sukimasu.","Even if I eat a lot, I still feel hungry."
1479,105,ても,,ても,even; even if; even though Verb (て form),N4,236,2,⽇曜⽇でも、働きます。,"nichiyoubi demo, hatarakimasu.",I work even on Sundays.
1480,105,ても,,ても,even; even if; even though Verb (て form),N4,236,3,⼦どもでもできることよ。,kodomo demo dekiru koto yo.,Even children can do this.
1481,105,ても,,ても,even; even if; even though Verb (て form),N4,236,4,必要なので、⾼くても買います。,"hitsuyou nano de, takaku temo kaimasu.","I need this, so I'll still buy it even if it's expensive."
1482,105,ても,,ても,even; even if; even though Verb (て form),N4,236,5,これは多いですよ。がんばっても⾷べ切れない。,kore wa ooi desu yo. ganbattemo tabe kirei nai.,There is too much.. Even if I give it my all I can't eat everything.
1483,105,ても,,ても,even; even if; even though Verb (て form),N4,236,6,安くても、私はグループ旅⾏が好きじゃない。,"yasukutemo, watashi wa guruupu ryokou ga suki janai.","Even if it's cheaper, I don't like traveling in a group."
1484,105,ても,,ても,even; even if; even though Verb (て form),N4,236,7,今でも遅くないから、早く謝りなさい。,"ima demo osokunai kara, hayaku ayamarinasai.","It's not too late, hurry up and apologize."
1485,105,ても,,ても,even; even if; even though Verb (て form),N4,236,8,いくらお⾦があっても、⾦で買えないものがあります。,"ikura okane ga atte mo, kane de kaenai mono ga arimasu.","No matter how much money you have, there are still things that money cannot buy."
1486,105,ても,,ても,even; even if; even though Verb (て form),N4,236,9,⾬が降っても、今⽇洗濯をします。,"ame ga futtemo, kyou sentaku o shimasu.","Even if it rains, I'm doing the laundry today."
1487,105,ても,,ても,even; even if; even though Verb (て form),N4,236,10,宝くじが当たっても、私の今の⽣活は変わらないと思もう。,"takarakuji ga atattemo, watashi no ima no seikatsu wa kawaranai to omou.","Even if I were to win the lottery, I don't think my life would change much."
1488,105,ても,,ても,even; even if; even though Verb (て form),N4,236,12,両眼があっても、光がなければ⾒ることはできない。,"ryougan ga atte mo, hikari ga nakereba miru koto wa dekinai.","Even with both eyes, without light one cannot see."
1489,106,と,,と,"whenever [A] happens, [B] also happens Verb (dictionary / ない form)",N4,239,1,ラーメンを毎⽇⾷べると太りますよ。,raamen o mainichi taberu to futorimasu yo.,"If you eat ramen everyday, you're gonna gain weight."
1490,106,と,,と,"whenever [A] happens, [B] also happens Verb (dictionary / ない form)",N4,239,2,寝る前に⽢い物を⾷べると⾍⻭になります。,neru mae ni amai mono o taberu to mushiba ni narimasu.,"If you eat sweets before going to bed, you will get a cavity."
1491,106,と,,と,"whenever [A] happens, [B] also happens Verb (dictionary / ない form)",N4,239,3,私の彼⽒は酒を飲むと顔が⾚くなる。,watashi no kareshi wa sake o nomu to kao ga akaku naru.,"Whenever my boyfriend drinks, his face gets red."
1492,106,と,,と,"whenever [A] happens, [B] also happens Verb (dictionary / ない form)",N4,239,4,勉強するの場所が静かだとよく集中できます。,benkyou suru no basho ga shizuka da to yoku shuuchuu dekimasu.,"When the place I study at is quiet, I am able to concentrate very well."
1493,106,と,,と,"whenever [A] happens, [B] also happens Verb (dictionary / ない form)",N4,239,5,このボタンを押すと、両⽅のドアが開きますよ。,"kono botan o osu to, ryouhou no doa ga akimasu yo.","If you press this button, both doors will open."
1494,106,と,,と,"whenever [A] happens, [B] also happens Verb (dictionary / ない form)",N4,239,6,最初の⾓を右に曲がると、銀⾏が⾒えます。,"saisho no kado no migi ni magaru to, ginkou ga miemasu.","If you turn right at the first corner, you will be able to see the bank."
1495,107,といってもいい,,といってもいい,you could say; one might say; I'd say,N4,241,1,それはよい買い物だったといってもいいでしょう。,sore wa yoi kaimono to ittemo ii deshou.,I'd say it was a good buy.
1496,107,といってもいい,,といってもいい,you could say; one might say; I'd say,N4,241,2,彼はやさしいが，だまされやすいといってもいい。,"kare wa yasashii ga, damasare yasui to ittemo ii.","He's a kind person, but could be said to be a bit easy to be deceived."
1497,107,といってもいい,,といってもいい,you could say; one might say; I'd say,N4,241,3,それはいい考えだ。いや，すばらしいといってもいいだろう。,"sore wa ii kangae da. iya, subarashii to ittemo ii darou.","That's a good idea, even brilliant I might say.."
1498,107,といってもいい,,といってもいい,you could say; one might say; I'd say,N4,241,4,それまでの中で⼀番の旅だったと⾔ってもいいでしょう。,sore made no naka de ichiban no tabi datta to ittemo ii deshou.,I'd say that was the best trip I had ever taken.
1499,107,といってもいい,,といってもいい,you could say; one might say; I'd say,N4,241,5,彼⼥はネイティブと⾔ってもいいくらい⽇本語が上⼿だ。,kanojo wa neitibu to ittemo ii kurai nihongo ga jouzu da.,Her Japanese is so good you could say she's like a native speaker.
1500,107,といってもいい,,といってもいい,you could say; one might say; I'd say,N4,241,6,彼は死んだと⾔ってもいいくらいのものだ。,kare wa shinda to ittemo ii kurai no mono da.,You could say he's as good as dead.
1501,107,といってもいい,,といってもいい,you could say; one might say; I'd say,N4,241,8,彼⼥は本の⾍と⾔ってもいいような⼈だ。,kanojo wa hon no mushi to ittemo ii you na hito da.,She's what you might call a bookworm.
1502,107,といってもいい,,といってもいい,you could say; one might say; I'd say,N4,241,9,彼の話はばかばかしいと⾔ってもいいくらいだった。,kare no hanashi wa bakabakashii to ittemo ii kurai datta.,His story was on the verge of ridiculous.
1503,108,という,,という,called; named; that,N4,243,1,この⽝はバディーという名前です。,kono inu wa badii to iu namae desu.,"This dog is called ""Buddy""."
1504,108,という,,という,called; named; that,N4,243,2,昨⽇、トムという⼈に会いました。,"kinou, tomu to iu hito ni aimashita.","Yesterday, I met a person called Tom."
1505,108,という,,という,called; named; that,N4,243,3,明⽇という⽇もある。,ashita to iu hi mo aru.,There's always tomorrow.
1506,108,という,,という,called; named; that,N4,243,4,あなたにとって⽇本という国はどういう国ですか︖,anata ni totte nihon to iu kuni wa dou iu kuni desu ka?,What kind of country is Japan to you?
1507,108,という,,という,called; named; that,N4,243,5,英語で「宿題」は、なんといいますか︖,"eigo de 「shukudai」wa, nan to ii masu ka?","How do you say ""shukudai"" (homework) in English?"
1508,108,という,,という,called; named; that,N4,243,6,猫みたいだという⼈もいる。,neko mitai da to iu hito mi iru.,Some people think he is like a cat.
1509,108,という,,という,called; named; that,N4,243,7,彼はかっこいいというよりかわいい。,kare wa kakkoii to iu yori kawaii.,He is more cute than cool.
1510,108,という,,という,called; named; that,N4,243,8,彼が外国に⾏くという話がある。,kare ga gaikoku ni iku to iu hanashi ga aru.,There's talk of his going abroad.
1511,108,という,,という,called; named; that,N4,243,9,あなたに会いたいという⼈がいます。,anata ni aitai to iu hito ga imasu.,There's somebody who wants to meet you.
1512,108,という,,という,called; named; that,N4,243,11,⾚は、⽣命の⾊で、愛や勇気を表す⾊だという。,"aka wa, seimei no iro de, ai ya yuuki o arawasu iro da to iu.","Because red is the color of life, it is said to expresses love and courage."
1513,109,ということ,,ということ,convert phrase into noun Verb (casual),N4,246,1,あなたが私の声が好きだということがとても嬉しいです。,anata ga watashi no koe ga suki da to iu koto ga totemo ureshii desu.,I'm so glad you like my voice.
1514,109,ということ,,ということ,convert phrase into noun Verb (casual),N4,246,2,あなたが会社をやめるということは本当ですか。,anata ga kaisha o yameru to iu koto wa hontou desuka?,Is it true that you're quitting the company?
1515,109,ということ,,ということ,convert phrase into noun Verb (casual),N4,246,3,彼は怖いということを知らない。,kare wa kowai to iu koto o shiranai.,He does not know what fear is.
1516,109,ということ,,ということ,convert phrase into noun Verb (casual),N4,246,4,つまり、あなたは同じ本をまた読みたいということ︖,"tsumari, anata wa onaji hon o mata yomitai to iu koto?",Do you mean you want to read the same book again?
1517,109,ということ,,ということ,convert phrase into noun Verb (casual),N4,246,5,彼は友だちができるかということを⼼配している。,kare wa tomodachi ga dekiru ka to iu koto o shinpai shite iru.,I'm worried about if he will be able to make friends.
1518,109,ということ,,ということ,convert phrase into noun Verb (casual),N4,246,6,私は彼が信⽤できない⼈だということが分かった。,watashi wa kare ga shinyou dekinai hito da to iu koto ga wakatta.,I realized he was an unreliable person.
1519,109,ということ,,ということ,convert phrase into noun Verb (casual),N4,246,7,私はあなたが忙しいということを理解しています。,watashi wa anata ga isogashii to iu koto o rikai shite imasu.,I understand that you are busy.
1520,109,ということ,,ということ,convert phrase into noun Verb (casual),N4,246,8,私は今⽇が結婚記念⽇だということを忘れていました。,watashi wa kyou ga kekkon kinenbi da to iu koto o wasurete imashita.,I'd forgotten today was my wedding anniversary.
1521,109,ということ,,ということ,convert phrase into noun Verb (casual),N4,246,9,この商品の第⼀の特徴は軽いということです。,kono shouhin no daiichi no tokuchou wa karui to iu koto desu.,The number one characteristic about this product is that it is light.
1522,110,といわれている,,といわれている,"it is said that... Verb (casual, past)",N4,248,1,彼は天才だと⾔われている。,kare wa tensai da to iwareteiru.,He is said to be a genius.
1523,110,といわれている,,といわれている,"it is said that... Verb (casual, past)",N4,248,2,彼は来⽉に退職すると⾔われている。,kare wa raigetsu ni taishoku suru to iwarete iru.,It's being said that he will quit next month.
1524,110,といわれている,,といわれている,"it is said that... Verb (casual, past)",N4,248,3,⼥性は男性より⻑⽣きだと⾔われている。,josei wa dansei yori nagaiki da to iwarete iru.,It is said that women live longer than men.
1525,110,といわれている,,といわれている,"it is said that... Verb (casual, past)",N4,248,4,彼⼥の⺟親は有名な作家だと⾔われている。,kanojo no hahaoya wa yuumei na sakka da to iwarete iru.,Her mother is said to be a famous writer.
1526,110,といわれている,,といわれている,"it is said that... Verb (casual, past)",N4,248,5,彼は若い時には体が弱かったと⾔われている。,kare wa wakai toki ni wa karada ga yowakatta to iwarete iru.,He is said to have had a weak body when he was young.
1527,110,といわれている,,といわれている,"it is said that... Verb (casual, past)",N4,248,6,彼らは今年中に結婚すると⾔われている。,karera wa kotoshijuu ni kekkon suru to iwarete iru.,It is said that they are going to get married by the end of the week.
1528,110,といわれている,,といわれている,"it is said that... Verb (casual, past)",N4,248,7,健康ほど⼤切なものはないと⾔われている。,kenkou hodo taisetsu na mono wa nai to iwarete iru.,It is said that nothing is more important than health.
1529,110,といわれている,,といわれている,"it is said that... Verb (casual, past)",N4,248,9,彼⼥は来⽉、学⽣時代の友⼈と結婚すると⾔われている。,"kanojo wa raigetsu, gakusei jidai no yuujin to kekkon suru to iwarete iru.","Apparently, she will get married to a school friend next month."
1530,111,と聞いた,ときいた,と聞いた (ときいた),I heard...,N4,250,1,彼がお⽗さんになったと聞いた。,kare ga otousan ni natta to kiita.,I heard that he became a father.
1531,111,と聞いた,ときいた,と聞いた (ときいた),I heard...,N4,250,2,この映画が⾯⽩いと聞いたことがあります。,kono eiga ga omoshiroi to kiita koto ga arimasu.,I heard that this movie is interesting.
1532,111,と聞いた,ときいた,と聞いた (ときいた),I heard...,N4,250,3,彼が帰ってくると聞いた。,kare ga kaette kuru to kiita.,I heard that he will be coming back.
1533,111,と聞いた,ときいた,と聞いた (ときいた),I heard...,N4,250,4,あなたの⽇本語がうまくなっていると聞いた。,anata no nihongo ga umaku natteiru to kiita.,I heard your Japanese is getting better.
1534,111,と聞いた,ときいた,と聞いた (ときいた),I heard...,N4,250,5,あれはとても良い街だと聞いたことがあります。,are wa totemo yoi machi da to kiita koto ga arimasu.,I've heard that is a very nice town.
1535,111,と聞いた,ときいた,と聞いた (ときいた),I heard...,N4,250,6,あなたが今⽇アメリカに帰ると聞いた。,anata ga kyou amerika ni kaeru to kiita.,I heard you will be going back to America today.
1536,111,と聞いた,ときいた,と聞いた (ときいた),I heard...,N4,250,7,私はそのイベントがとつぜん中⽌になったと聞いた。,watashi wa sono ibento ga totsuzen chuushi ni natta to kiita.,I heard that event was suddenly cancelled.
1537,111,と聞いた,ときいた,と聞いた (ときいた),I heard...,N4,250,8,私はアメリカ⼈は誰でもこの映画を知っていると聞いた。,watashi wa amerikajin wa dare demo kono eiga o shitteiru to kiita.,I heard that every American knows this movie.
1538,112,と思う,とおもう,と思う (とおもう),to think…; I think…; you think… Verb,N4,252,1,きれいだと思わない︖,kirei da to omowanai?,Don't you think it's beautiful?
1539,112,と思う,とおもう,と思う (とおもう),to think…; I think…; you think… Verb,N4,252,2,それはかなりむずかしいだと思います。,sore wa kanari muzukashii da to omoimasu.,I think that is extremely difficult.
1540,112,と思う,とおもう,と思う (とおもう),to think…; I think…; you think… Verb,N4,252,3,今⽇は午後から⾬が降ると思います。,kyou wa gogo kara ame ga furu to omoimasu.,I think it will rain today from the afternoon.
1541,112,と思う,とおもう,と思う (とおもう),to think…; I think…; you think… Verb,N4,252,4,この問題、テストに出ると思いますか。,"kono mondai, tesuto ni deru to omoimasu ka.",Do you think this problem will be on the test?
1542,112,と思う,とおもう,と思う (とおもう),to think…; I think…; you think… Verb,N4,252,5,⽇本に留学しようと思っています。,nihon ni ryuugaku shiyou to omotte imasu.,I'm thinking to go study abroad in Japan.
1543,112,と思う,とおもう,と思う (とおもう),to think…; I think…; you think… Verb,N4,252,6,仕事を続けるのはむりだと思う。,shigoto o tsuzukeru no wa muri da to omou.,I don't think I can continue on with this job.
1544,112,と思う,とおもう,と思う (とおもう),to think…; I think…; you think… Verb,N4,252,7,アメリカでは、何が⼀番⼈気のあるスポーツだと思う︖,"amerika de wa, nani ga ichiban ninki no aru supootsu da to omou?",What do you think is the most popular sport in the USA?
1545,112,と思う,とおもう,と思う (とおもう),to think…; I think…; you think… Verb,N4,252,8,今度の休みに海へ⾏こうと思っています。,kondo no yasumi ni umi e ikou to omotte imasu.,I'm thinking to go to to the beach during my next holiday.
1546,112,と思う,とおもう,と思う (とおもう),to think…; I think…; you think… Verb,N4,252,9,彼は少し厳しい⽅だと思わないかい︖,kare wa sukoshi kibishii hou da to omowanai kai?,Don't you think he's a little on the strict side?
1547,113,とか〜とか,,とか〜とか,among other things; such as; like Verb (dictionary form) Verb (dictionary form),N4,254,1,趣味とかありますか︖,shumi toka arimasu ka?,Do you have any hobbies (or anything else you do)
1548,113,とか〜とか,,とか〜とか,among other things; such as; like Verb (dictionary form) Verb (dictionary form),N4,254,2,私はおすしとかラーメンとか⽇本料理が好きです。,watashi wa osushi to ka raamen to ka nihon ryouri ga daisuki desu.,"I love Japanese food, like sushi, ramen, etc."
1549,113,とか〜とか,,とか〜とか,among other things; such as; like Verb (dictionary form) Verb (dictionary form),N4,254,3,このイベントでは、バーベキューとかゲームとかをします。,"kono ibento de wa, baabekyuu toka geemu to ka o shimasu..",At this event we will do things like barbecue and play games.
1550,113,とか〜とか,,とか〜とか,among other things; such as; like Verb (dictionary form) Verb (dictionary form),N4,254,5,毎⽇、仕事とか、会議とかでとても忙しい。,"mainichi, shigoto toka, kaigi toka de totemo isogashii.",I'm busy every day with (things like) work and meetings.
1551,113,とか〜とか,,とか〜とか,among other things; such as; like Verb (dictionary form) Verb (dictionary form),N4,254,8,テニスのことなら、⽥中さんとか⼭⽥さんとかが詳しいですよ。,"tenisu no koto nara, tanaka san toka yamada san toka ga kuwashii desu yo.","For things related to Tennis, Tanaka-san and Yamada-san are very knowledgeable."
1552,114,ところ,,ところ,"just about to; on the verge of doing Verb (casual, non-past) ところ",N4,256,1,今、出かけるところです。,"ima, dekakeru tokoro desu.",I am just about to leave.
1553,114,ところ,,ところ,"just about to; on the verge of doing Verb (casual, non-past) ところ",N4,256,2,これから料理を作るところです。,kore kara ryouri o tsukuru tokoro desu.,I am about to start cooking.
1554,114,ところ,,ところ,"just about to; on the verge of doing Verb (casual, non-past) ところ",N4,256,3,今からお⾵呂に⼊るところです。,ima kara ofuro ni hairu tokoro desu.,I am about to take a bath.
1555,114,ところ,,ところ,"just about to; on the verge of doing Verb (casual, non-past) ところ",N4,256,4,もう少しで信じるところだった。,mou sukoshi de shinjiru tokoro datta.,I was really close to believing it.
1556,114,ところ,,ところ,"just about to; on the verge of doing Verb (casual, non-past) ところ",N4,256,7,これから⾷事に⾏くところなんですが、⼀緒に⾏きましょうか。,"kore kara shokuji ni iku tokoro nan desu ga, issho ni iki mashou ka.","I am about to head out for dinner, would you like to join me?"
1557,114,ところ,,ところ,"just about to; on the verge of doing Verb (casual, non-past) ところ",N4,256,8,私たちはもうすぐ到着するところです。,watashitachi wa mou sugu touchaku suru tokoro desu.,We are just about to arrive.
1558,115,続ける,つづける,続ける (つづける),continue to; keen on,N4,258,1,昨⽇から⾬が降り続けている。,kinou kara ame ga furi tsuzukete iru.,It's been raining nonstop since yesterday.
1559,115,続ける,つづける,続ける (つづける),continue to; keen on,N4,258,2,⽗からもらった⾃転⾞を今も使い続けています。,chichi kara moratta jitensha o ima mo tsukai tsuzukete imasu.,I still use the bicycle that my father gave to me even now.
1560,115,続ける,つづける,続ける (つづける),continue to; keen on,N4,258,3,彼⼥は彼⽒の話をしゃべり続けた。,kanojo wa kareshi no hanashi o shaberi tsuzuketa.,She continued talking about her boyfriend.
1561,115,続ける,つづける,続ける (つづける),continue to; keen on,N4,258,4,それをやり続けたほうがいいのかもしれない。,sore o yari tsuzuketa hou ga ii no kamoshirenai.,It might be better for me to keep doing that.
1562,115,続ける,つづける,続ける (つづける),continue to; keen on,N4,258,5,どんなに⼤変だったとしても、やり続けることが⼤切です。,"donnani taihen datta toshitemo, yari tsuzukeru koto ga taisetsu desu.","No matter how tough things get, it's important to stay consistent with what you're"
1563,115,続ける,つづける,続ける (つづける),continue to; keen on,N4,258,6,⼀週間⾬が降り続けた。,isshuukan ame ga furi tsuzuketa.,It kept raining for a full week.
1564,115,続ける,つづける,続ける (つづける),continue to; keen on,N4,258,7,これからも彼を応援し続けたい。,kore kara mo kare o ouen shi tsuzuke tai.,I want to keep supporting him.
1565,115,続ける,つづける,続ける (つづける),continue to; keen on,N4,258,8,彼は⾼校時代からずっとサッカーをし続けている。,kare wa koukou jidai kara zutto sakkaa o shi tsuzukete iru.,He's been playing soccer since he was in high school.
1566,115,続ける,つづける,続ける (つづける),continue to; keen on,N4,258,9,物価は上がり続けるだろう。,bukka wa agari tsuzukeru darou.,Prices will likely continue to rise.
1567,115,続ける,つづける,続ける (つづける),continue to; keen on,N4,258,10,君を永遠に愛し続けると約束するよ。,kimi o eien ni ai shi tsuzukeru to yakusoku suru yo.,I promise to keep loving you forever.
1568,116,って,,って,named; called Noun って,N4,261,1,これはたい焼きっていう⾷べ物だよ。,kore wa taiyaki tte iu tabe mono da yo.,"This is a food called ""taiyaki""."
1569,116,って,,って,named; called Noun って,N4,261,2,コストコってスーパーに⾏ったことがありますか。,kosutoko tte suupaa ni itta koto ga arimasu ka?,Have you ever been to the supermarket (called) Costco?
1570,116,って,,って,named; called Noun って,N4,261,3,みんなの⽇本語って教科書がだれでも知っているね。,minna no nihongo tte kyoukasho ga dare demo shitte iru ne.,"Everyone knows the Japanese textbook ""minna no nihongo"", right?"
1571,116,って,,って,named; called Noun って,N4,261,4,これは⽇本語でじゃんけんっていうゲームだよ。,kore wa nihongo de janken tte iu geemu da yo.,"This is a game called ""janken"" in Japanese."
1572,116,って,,って,named; called Noun って,N4,261,5,ドラゴンボールっていうマンガが⼀番好きだ。,doragon booru tte iu manga ga ichiban suki da.,Dragon Ball is my favorite manga.
1573,116,って,,って,named; called Noun って,N4,261,6,トムさん、さっき⼭⽥さんって⼈が探してたよ。,"tomu san, sakki yamada san tte hito ga sagashiteta yo.",Tom was just looking for a person called Yamada.
1574,117,うけみけい,,うけみけい,passive form; passive voice Ru-verb る -> られる,N4,263,1,ケーキが誰かに⾷べられた︕,keeki ga dare ka ni taberareta.,The cake was eaten by somebody!
1575,117,うけみけい,,うけみけい,passive form; passive voice Ru-verb る -> られる,N4,263,2,みんなに変だと⾔われます。,minna ni hen da to iwaremasu.,Everyone tells me that I am strange.
1576,117,うけみけい,,うけみけい,passive form; passive voice Ru-verb る -> られる,N4,263,3,この本は多くの⼈に読まれている。,kono hon wa ooku no hito ni yomareteiru.,This book is being read by many people.
1577,117,うけみけい,,うけみけい,passive form; passive voice Ru-verb る -> られる,N4,263,4,私は先⽣にほめられました。,watashi wa sensei ni homerare mashita.,I was praised by the teacher.
1578,117,うけみけい,,うけみけい,passive form; passive voice Ru-verb る -> られる,N4,263,5,こんな遅い時間に来られても困ります。,konna osoi jikan ni korare temo komarimasu.,It's a bit inconvenient for me if you come over this late.
1579,117,うけみけい,,うけみけい,passive form; passive voice Ru-verb る -> られる,N4,263,6,友⼈に彼⽒を取られた。,yuujin ni kareshi o torareta.,My boyfriend was stolen by my best friend.
1580,117,うけみけい,,うけみけい,passive form; passive voice Ru-verb る -> られる,N4,263,7,今⽇は先輩に２回を注意されました。,kyou wa senpai ni 2 kai o chuuisare mashita.,I was warned twice today by my senior.
1581,117,うけみけい,,うけみけい,passive form; passive voice Ru-verb る -> られる,N4,263,8,姉に部屋の掃除を頼まれました。,ane ni heya no souji o tanomare mashita.,I was asked by my older sister to clean the room.
1582,118,は〜が は,,は〜が は,[A] but [B]; however; comparison Noun-1 + は 〜が Noun-2 + は…,N4,266,1,ひらがなは書けますが、漢字は書けません。,"hiragana wa kakemasu ga, kanji wa kakemasen.","I can write hiragana, but I cannot write kanji."
1583,118,は〜が は,,は〜が は,[A] but [B]; however; comparison Noun-1 + は 〜が Noun-2 + は…,N4,266,2,私は猫が好きですが⽝はあまり好きじゃない。,watashi wa neko ga suki desu ga inu wa amari suki janai.,"I like cats, but I don't really like dogs."
1584,118,は〜が は,,は〜が は,[A] but [B]; however; comparison Noun-1 + は 〜が Noun-2 + は…,N4,266,3,彼⼥は美⼈だが頭は良くない。,kanojo wa bijin da ga atama wa yokunai.,She is beautiful but not very smart.
1585,118,は〜が は,,は〜が は,[A] but [B]; however; comparison Noun-1 + は 〜が Noun-2 + は…,N4,266,4,彼は才能があるが、経験はほとんどない。,"kare wa sainou ga aru ga, keiken wa hotondo nai.","He has talent, but almost no experience."
1586,118,は〜が は,,は〜が は,[A] but [B]; however; comparison Noun-1 + は 〜が Noun-2 + は…,N4,266,6,今の仕事は忙しいですが、給料は⾼いから頑張って続けます。,"ima no shigoto wa isogashii desu ga, kyuuryou wa takai kara ganbatte tsudukemasu.","My current job is busy, but my salary is high so I will keep working hard."
1587,119,やすい,,やすい,easy to; likely to; prone to; have a tendency Verb ます (stem form) やすい,N4,268,1,⽇本語は分かりやすいです。,nihongo wa wakari yasui desu.,Japanese is easy to understand.
1588,119,やすい,,やすい,easy to; likely to; prone to; have a tendency Verb ます (stem form) やすい,N4,268,2,先⽣の声が聞きやすいです。,sensei no koe ga kiki yasui desu.,The teacher's voice is easy to hear / easy to listen to.
1589,119,やすい,,やすい,easy to; likely to; prone to; have a tendency Verb ます (stem form) やすい,N4,268,3,ひらがなは漢字より書きやすいです。,hiragana wa kanji yori kaki yasui desu.,Hiragana is easier to write than kanji.
1590,119,やすい,,やすい,easy to; likely to; prone to; have a tendency Verb ます (stem form) やすい,N4,268,4,光に感じやすい。,hikari ni kanji yasui.,To be sensitive to light.
1591,119,やすい,,やすい,easy to; likely to; prone to; have a tendency Verb ます (stem form) やすい,N4,268,5,彼⼥はカゼを引きやすいです。,kanojo wa kaze o hiki yasui desu.,She is prone to getting colds.
1592,119,やすい,,やすい,easy to; likely to; prone to; have a tendency Verb ます (stem form) やすい,N4,268,6,彼は説得しやすい。,kare wa settoku shi yasui.,He is easy to persuade.
1593,119,やすい,,やすい,easy to; likely to; prone to; have a tendency Verb ます (stem form) やすい,N4,268,7,今働いている会社は、お給料もいいし、働きやすいです。,"ima hataraiteiru kaisha wa, okyuuryou mo iishi, hataraki yasui desu.",The company that I'm working for now has a good salary and eat's easy work.
1594,120,やっと,,やっと,at last; finally; barely; narrowly Used as an adverb in a sentence.,N4,270,1,やっとレポートを書き上げた。,yatto repooto o kaki ageta.,I finally finished writing my report.
1595,120,やっと,,やっと,at last; finally; barely; narrowly Used as an adverb in a sentence.,N4,270,2,私はやっと家に帰ることが出来る。,watashi wa yatto ie ni kaeru koto ga dekiru.,I can finally return home!
1596,120,やっと,,やっと,at last; finally; barely; narrowly Used as an adverb in a sentence.,N4,270,3,社⻑の⻑い話がやっと終わった。,shachou no nagai hanashi ga yatto owatta.,The company president's long story finally ended.
1597,120,やっと,,やっと,at last; finally; barely; narrowly Used as an adverb in a sentence.,N4,270,4,やっと⾃転⾞に乗れるようになりました。,yatto jitensha ni noreru youni narimashita.,I finally learned how to ride a bicycle!
1598,120,やっと,,やっと,at last; finally; barely; narrowly Used as an adverb in a sentence.,N4,270,6,明⽇までの宿題がやっと終わりました。,ashita made no shukudai ga yatto owarimashita.,I finally finished my homework due tomorrow.
1599,120,やっと,,やっと,at last; finally; barely; narrowly Used as an adverb in a sentence.,N4,270,7,１時間も待って、注⽂した料理がやっと来ました。,"ichijikan mo matte, chuumon shita ryouri ga yatto kimashita.",The food I ordered and waited over an hour for has finally come.
1600,120,やっと,,やっと,at last; finally; barely; narrowly Used as an adverb in a sentence.,N4,270,8,娘はやっと１５歳です。,musume wa yatto 15 sai desu.,My daughter is barely 15.
1601,120,やっと,,やっと,at last; finally; barely; narrowly Used as an adverb in a sentence.,N4,270,9,年⾦でやっと暮らせる。,nenkin de yatto kuraseru.,I can barely live off of my pension.
1602,121,より,,より,than; rather than; more than [A]より[B],N4,272,1,今⽇は昨⽇より暑いです。,kyou wa kinou yori atsui desu.,Today is more hot than yesterday.
1603,121,より,,より,than; rather than; more than [A]より[B],N4,272,2,最近、円はドルより安い。,"saikin, en wa doru yoru yasui.",Lately the Yen is cheaper than the dollar.
1604,121,より,,より,than; rather than; more than [A]より[B],N4,272,3,今は恋愛より仕事だ。,ima wa renai yori shigoto da.,I'm more interested in work than love right now.
1605,121,より,,より,than; rather than; more than [A]より[B],N4,272,4,彼⼥は、私より料理が上⼿。,kanojo wa watashi yori ryouri ga jouzu.,She's better at cooking than I am.
1606,121,より,,より,than; rather than; more than [A]より[B],N4,272,5,それより安くは売られません。,sore yori yasuku wa uraremasen.,I can't sell it for any less (more cheap) than that.
1607,121,より,,より,than; rather than; more than [A]より[B],N4,272,6,今朝はいつもより早く学校へ来ました。,kesa wa itsumo yori hayaku gakkou he kimashita.,I came to school this morning earlier than usual.
1608,121,より,,より,than; rather than; more than [A]より[B],N4,272,7,漢字はひらがなやカタカナより難しいだと思います。,kanji wa hiragana ya katakana yori muzukashii da to omoimasu.,I think kanji is more difficult than hiragana and katakana.
1609,121,より,,より,than; rather than; more than [A]より[B],N4,272,8,先⽉より⽇本語が上⼿になりましたね。,sengetsu yori nihongo ga jouzu ni narimashita ne.,You're Japanese has improved compared to last month. (could also interpret as since
1610,121,より,,より,than; rather than; more than [A]より[B],N4,272,9,より速い速度でやってみます。,yori hayai sokudo de yatte mimasu.,"I'll try it at a faster speed. (when using より before an adjective, it translates to ""more"""
1611,121,より,,より,than; rather than; more than [A]より[B],N4,272,10,鋭いナイフは、よりきれいに切れる。,"surudoi naifu wa, yori kirei ni kireru.",A sharpened knife cuts more cleanly.
1612,122,予定だ,よていだ,予定だ (よていだ),"plan to, intend to Verb (dictionary form)",N4,275,1,私はデートに⾏く予定だ。,watashi wa deeto ni iku yotei da.,I'm going on a date.
1613,122,予定だ,よていだ,予定だ (よていだ),"plan to, intend to Verb (dictionary form)",N4,275,2,私は友だちと遊ぶ予定だった。,watashi wa tomodachi to asobu yotei datta.,I was planning to hang out with my friends.
1614,122,予定だ,よていだ,予定だ (よていだ),"plan to, intend to Verb (dictionary form)",N4,275,5,旅⾏は１週間ぐらいの予定です。,ryokou wa 1 shuukan gurai no yotei desu.,I'm planning to travel for about 1 week.
1615,122,予定だ,よていだ,予定だ (よていだ),"plan to, intend to Verb (dictionary form)",N4,275,6,来週に中国に⾏く予定です。,raishuu ni chuugoku ni iku yotei desu.,I am planning to go to China next week.
1616,122,予定だ,よていだ,予定だ (よていだ),"plan to, intend to Verb (dictionary form)",N4,275,7,明⽇の午後に書類を送る予定です。,ashita no gogo ni shorui o okuru yotei desu.,I am planning to send the documents tomorrow afternoon.
1617,122,予定だ,よていだ,予定だ (よていだ),"plan to, intend to Verb (dictionary form)",N4,275,8,新しい携帯を買う予定です。,atarashii keitai o kau yotei desu.,I am planning to buy a new mobile phone.
1618,122,予定だ,よていだ,予定だ (よていだ),"plan to, intend to Verb (dictionary form)",N4,275,9,卒業式は 10 時から始まる予定です。,sotsugyou shiki wa 10 ji kara hajimaru yotei desu.,The graduation ceremony is scheduled to start from 10 am.
1619,123,ようだ,,ようだ,appears; seems; looks as if Verb (casual),N4,277,1,⾬のようだ。,ame no you da.,It looks like rain..
1620,123,ようだ,,ようだ,appears; seems; looks as if Verb (casual),N4,277,2,そのようだ。,sono you da.,It seems to be that way.
1621,123,ようだ,,ようだ,appears; seems; looks as if Verb (casual),N4,277,3,今⽇は寒くなるようだ。,kyou wa samuku naru you da.,It looks like it's gonna get pretty cold today.
1622,123,ようだ,,ようだ,appears; seems; looks as if Verb (casual),N4,277,4,彼⼥はうれしくないようだ。,kanojo wa ureshikunai you da.,She doesn't seem happy.
1623,123,ようだ,,ようだ,appears; seems; looks as if Verb (casual),N4,277,5,だいぶ変わったようだな。,daibu kawatta you da na.,(it) seems to have changed considerably
1624,123,ようだ,,ようだ,appears; seems; looks as if Verb (casual),N4,277,6,教室に来たけど誰もいない。今⽇は授業がないようだ。,kyoushitsu ni kita keredo daremo inai. kyou wa jugyou ga nai you da.,"I came to the classroom, but nobody was there. It seems like there's no class today."
1625,123,ようだ,,ようだ,appears; seems; looks as if Verb (casual),N4,277,7,それは本当に夢のようだ。,sore wa hontouni yume no you da.,That's truly like a dream.
1626,123,ようだ,,ようだ,appears; seems; looks as if Verb (casual),N4,277,8,今⽇は落ち込んでいるようですね。,kyou wa ochikondeiru you desu ne.,You seem down today.
1627,123,ようだ,,ようだ,appears; seems; looks as if Verb (casual),N4,277,9,嵐はやんだようだ。,arashi wa yanda you da.,It appears as if the storm has passed
1628,123,ようだ,,ようだ,appears; seems; looks as if Verb (casual),N4,277,10,私は無知だったようだ。,watashi wa muchi datta you da.,It seems that I was a bit ignorant.
1629,124,ように ような,,ように ような,like; as; similar to Verb (casual),N4,279,1,⽝のように働いている。,inu no you ni hataraiteiru.,I'm working like a dog
1630,124,ように ような,,ように ような,like; as; similar to Verb (casual),N4,279,2,その⼆⼈は燃えるような愛がありますね。,sono futari wa moeru you na ai ga arimasune.,Those two seem to have a smoldering-like love for each other.
1631,124,ように ような,,ように ような,like; as; similar to Verb (casual),N4,279,3,彼は家族のためだけに⽣きていたように思える。,kare wa kazoku no tame dake ni ikiteita you ni omoeru.,He seemed to live only for his family in my opinion.
1632,124,ように ような,,ように ような,like; as; similar to Verb (casual),N4,279,5,私を⼦どものように扱わないで。,watashi o kodomo no you ni atsukawanaide.,Don't treat me as a kid.
1633,124,ように ような,,ように ような,like; as; similar to Verb (casual),N4,279,6,⽇本語で新聞が読めるように、漢字の勉強をしています。,"nihongo de shinbun ga yomeru you ni, kanji o benkyou shiteimasu.",I'm studying kanji so that I can read the newspaper in Japanese.
1634,124,ように ような,,ように ような,like; as; similar to Verb (casual),N4,279,7,これはお茶のような味だ。,kore wa ocha no you na aji da.,This tastes like tea.
1635,124,ように ような,,ように ような,like; as; similar to Verb (casual),N4,279,8,学⽣達はあの先⽣が⼭のような宿題を出すので⼤嫌いである。,gakuseitachi wa ano sensei ga yama no you na shukudai o dasu node daikirai de aru.,They hate that teacher because he gives them a mountain of homework.
1636,125,ようになる,,ようになる,to reach the point that; to come to be that; to Verb (dictionary form),N4,281,1,⼤きくなったら分かるようになるよ。,ookiku nattara wakaru you ni naru yo.,"When you get older, you'll understand."
1637,125,ようになる,,ようになる,to reach the point that; to come to be that; to Verb (dictionary form),N4,281,2,毎⽇練習すれば、泳げるようになります。,"mainichi renshuu sureba, oyogeru youni narimasu.","If you practice everyday, you'll eventually be able to swim."
1638,125,ようになる,,ようになる,to reach the point that; to come to be that; to Verb (dictionary form),N4,281,3,やっと⾃転⾞に乗れるようになりました。,yatto jitensha ni noreru youni narimashita.,I finally learned how to ride a bicycle!
1639,125,ようになる,,ようになる,to reach the point that; to come to be that; to Verb (dictionary form),N4,281,4,たくさん勉強したので、⽇本語を話せるようになりました。,"takusan benkyou shita node, nihongo o hanaseru youni narimashita.",I studied a lot and became able to speak Japanese.
1640,125,ようになる,,ようになる,to reach the point that; to come to be that; to Verb (dictionary form),N4,281,5,薬を飲んで、よく寝られるようになりました。,"kusuri o nonde, yoku nerareru youni narimashita.",I was able to sleep well after taking some medicine.
1641,125,ようになる,,ようになる,to reach the point that; to come to be that; to Verb (dictionary form),N4,281,6,それをいつ使えるようになるのか教えてください。,sore o itsu tsukaeru you ni naru no ka oshiete kudasai.,Please tell me when I will start being able to use that.
1642,125,ようになる,,ようになる,to reach the point that; to come to be that; to Verb (dictionary form),N4,281,7,息⼦が⼀⼈で服を着られるようになった。,musuko ga hitori de fuku o kirareru youni natta.,My son has learned to get dressed all by himself.
1643,126,ようにする,,ようにする,to try to; to make sure that,N4,283,1,明⽇早く起きるようにする。,ashita hayaku okiru you ni suru.,I'll try to wake up early tomorrow.
1644,126,ようにする,,ようにする,to try to; to make sure that,N4,283,2,それを忘れないようにする。,sore o wasurenai you ni suru.,I'll be sure to remember that.
1645,126,ようにする,,ようにする,to try to; to make sure that,N4,283,3,明⽇から仕事に⾏く前に毎⽇ラニングをするようにします。,ashita kara shigoto ni iku mae ni mainichi raningu o suru you ni shimasu.,From tomorrow I'm going to try to go running before work every day.
1646,126,ようにする,,ようにする,to try to; to make sure that,N4,283,4,今⽇からお酒を飲まないようにします。,kyou kara osake o nomanai you ni shimasu.,I'm going to not drink alcohol anymore from today.
1647,126,ようにする,,ようにする,to try to; to make sure that,N4,283,5,毎⽇歩くようにしている。,mainichi aruku you ni shiteiru.,I'm trying to walk every day.
1648,126,ようにする,,ようにする,to try to; to make sure that,N4,283,6,夜は 10 時に寝るようにしている。,yoru wa juuji ni neru you ni shiteiru.,I'm trying to go to bed at 10.
1649,126,ようにする,,ようにする,to try to; to make sure that,N4,283,7,⾁だけじゃなくて、野菜も⾷べるようにしています。,"niku dake janakute, yasai mo taberu you ni shiteimasu.",I'm trying to more vegetables instead of just meat.
1650,126,ようにする,,ようにする,to try to; to make sure that,N4,283,8,就職してからは、毎⽇新聞を読むようにしています。,"shuushoku shite kara wa, mainichi shinbun o yomu you ni shiteimasu.","Since I started job hunting, I began reading newspapers every day."
1651,127,ようと思う,ようとおもう,ようと思う (ようとおもう),thinking of doing; planning to,N4,285,1,⽇本に留学しようと思っています。,nihon ni ryuugaku shiyou to omotte imasu.,I'm thinking to go study abroad in Japan.
1652,127,ようと思う,ようとおもう,ようと思う (ようとおもう),thinking of doing; planning to,N4,285,2,⼤学で働こうと思っています。,daigaku de hatarakou to omotte imasu.,I'm thinking to work at the University.
1653,127,ようと思う,ようとおもう,ようと思う (ようとおもう),thinking of doing; planning to,N4,285,3,今度の休みに海へ⾏こうと思う。,kondo no yasumi ni umi e ikou to omou.,I think I will go to to the beach during my next holiday.
1654,127,ようと思う,ようとおもう,ようと思う (ようとおもう),thinking of doing; planning to,N4,285,4,⼦どもができたからタバコを辞めようと思う。,kodomo ga dekita kara tabako o yameyou to omou.,"Since I will be having a kid, I'm planning to quit smoking."
1655,127,ようと思う,ようとおもう,ようと思う (ようとおもう),thinking of doing; planning to,N4,285,5,今から書店へ⾏こうと思っています。,imakara shoten e ikou to omotte imasu.,I think I'll go to a bookstore now.
1656,127,ようと思う,ようとおもう,ようと思う (ようとおもう),thinking of doing; planning to,N4,285,6,彼は外国で働こうと思っています。,kare wa gaikoku de hatarakou to omotte imasu.,He is thinking of working in a foreign country.
1657,127,ようと思う,ようとおもう,ようと思う (ようとおもう),thinking of doing; planning to,N4,285,7,私はそこに⾏こうとは思わない。,watashi wa soko ni ikou towa omowanai.,I would never think of going there.
1658,127,ようと思う,ようとおもう,ようと思う (ようとおもう),thinking of doing; planning to,N4,285,8,僕は出かけようと思っているところにお客さんが来た。,boku wa dekakeyou to omotte iru tokoro ni okyakusan ga kita.,"Just as I was thinking of heading out, a customer came in."
1659,127,ようと思う,ようとおもう,ようと思う (ようとおもう),thinking of doing; planning to,N4,285,9,私はこの話を会議で紹介しようと思っている。,watashi wa kono hanashi o kaigi de shoukai shiyou to motte iru.,I am thinking to introduce this story at the meeting.
1660,127,ようと思う,ようとおもう,ようと思う (ようとおもう),thinking of doing; planning to,N4,285,10,今の給料が低いからもっと⾼い給料の仕事を探そうと思っていま,す。 ima no kyuuryou ga hikui kara motto takai kyuuryou no shigoto o sagasou to omotte imasu.,I am thinking of looking for a job with a higher salary because my current salary is low.
1661,128,ぜひ,,ぜひ,by all means; certainly; definitely Can be used either in beginning or mid-,N4,288,1,私はぜひそこで働きたい。,watashi wa zehi soko de hatarakitai.,I would really like to work there.
1662,128,ぜひ,,ぜひ,by all means; certainly; definitely Can be used either in beginning or mid-,N4,288,2,ぜひ、今度うちへ遊びに来てください。,"zehi, kondo uchi e asobi ni kite kudasai.",Definitely please come by our place some time.
1663,128,ぜひ,,ぜひ,by all means; certainly; definitely Can be used either in beginning or mid-,N4,288,3,彼⼥はぜひそこへ⾏きたいと⾔った。,kanojo wa zehi soko e ikitai to itta.,She said that she was eager to go there.
1664,128,ぜひ,,ぜひ,by all means; certainly; definitely Can be used either in beginning or mid-,N4,288,4,⽇本に来きたら、ぜひ連絡してください。,"nihon ni kitara, zehi renraku shite kudasai.","If you ever come to Japan, be sure to let me know!"
1665,128,ぜひ,,ぜひ,by all means; certainly; definitely Can be used either in beginning or mid-,N4,288,5,ベトナムに旅⾏したら、ぜひフォーを⾷べてみたいです。,"betonamu ni ryokou shitara, zehi foo o tabete mitai desu.","If I ever go to Vietnam, I would like to try eating Pho noodles."
1666,128,ぜひ,,ぜひ,by all means; certainly; definitely Can be used either in beginning or mid-,N4,288,6,ぜひその映画を⾒るべきです。,zehi sono eiga o miru beki desu.,You really must go see that movie!
1667,128,ぜひ,,ぜひ,by all means; certainly; definitely Can be used either in beginning or mid-,N4,288,7,ぜひ沖縄へ⾏いきたいです。,zehi okinawa e ikitai desu.,I would love to go to Okinawa.
1668,128,ぜひ,,ぜひ,by all means; certainly; definitely Can be used either in beginning or mid-,N4,288,8,また⽇本に来ることがあれば、ぜひ家に来てください。,"mata nihon ni kuru koto ga areba, zehi ie ni kite kudasai.","If you come to Japan again, please come to my house."
1669,129,全然〜ない,ぜんぜん〜ない,全然〜ない (ぜんぜん〜ない),(not) at all,N4,290,1,私は⽇本語がぜんぜん話せない。,watashi wa nihongo ga zenzen hanasenai.,I can't speak any Japanese at all..
1670,129,全然〜ない,ぜんぜん〜ない,全然〜ない (ぜんぜん〜ない),(not) at all,N4,290,2,私はぜんぜん気にしない。,watashi wa zenzen ki ni shinai.,I don't mind at all.
1671,129,全然〜ない,ぜんぜん〜ない,全然〜ない (ぜんぜん〜ない),(not) at all,N4,290,3,私はお酒をぜんぜん飲みません。,watashi wa osake o zenzen nomimasen.,I don't drink any alcohol.
1672,129,全然〜ない,ぜんぜん〜ない,全然〜ない (ぜんぜん〜ない),(not) at all,N4,290,4,ケーキを作るなんて全然できない。,keeki o tsukuru nante zenzen dekinai.,There's no way I can make a cake.
1673,129,全然〜ない,ぜんぜん〜ない,全然〜ない (ぜんぜん〜ない),(not) at all,N4,290,5,彼は⽇本⼈ですが、漢字を全然書けない。,"kare wa nihonjin desuga, kanji o zenzen kakenai.","Although he is Japanese, he can't write any kanji."
1674,129,全然〜ない,ぜんぜん〜ない,全然〜ない (ぜんぜん〜ない),(not) at all,N4,290,6,⽇本の新聞は漢字が多くて、全然読めません。,"nihon no shinbun wa kanji ga ookute, zenzen yomemasen.",There's a lot of kanji in Japanese newspapers and I can't read any of it..
1675,129,全然〜ない,ぜんぜん〜ない,全然〜ない (ぜんぜん〜ない),(not) at all,N4,290,7,彼は⽗親に全然似ていない。,kare wa chichi oya ni zenzen niteinai.,He doesn't look like a father one bit.
1676,129,全然〜ない,ぜんぜん〜ない,全然〜ない (ぜんぜん〜ない),(not) at all,N4,290,8,最近は、悩みが多くて全然寝られない。,"saikin wa nayami ga ookute, zenzen nerarenai.",Lately I've been worried a lot and haven't been able to sleep at all.
1677,129,全然〜ない,ぜんぜん〜ない,全然〜ない (ぜんぜん〜ない),(not) at all,N4,290,9,⾦なら彼は全然欲しがらない。,kane nara kare wa zenzen hoshi garanai.,Money is the last thing he wants.
1678,130,づらい,,づらい,difficult to do Verb ます (stem form) づらい,N4,292,1,この質問には答えづらいです。,kono shitsumon niwa kotae zurai desu.,This question is difficult to answer.
1679,130,づらい,,づらい,difficult to do Verb ます (stem form) づらい,N4,292,2,この本は字が⼩さくて読みづらいです。,kono hon wa ji ga chiisakute yomi zurai desu.,"This books print is too small, it's difficult to read."
1680,130,づらい,,づらい,difficult to do Verb ます (stem form) づらい,N4,292,3,彼⼥はつき合いづらい⼈だ。,kanojo wa tukiai zurai hito da.,She's a difficult person to get along with.
1681,130,づらい,,づらい,difficult to do Verb ます (stem form) づらい,N4,292,4,彼の説明がむずかしくて分かりづらいだった。,kare no setsumei ga muzukashikute wakari zurai datta.,His explanation was complicated and difficult to understand.
1682,130,づらい,,づらい,difficult to do Verb ます (stem form) づらい,N4,292,5,この漢字は覚えづらいです。,kono kanji wa oboe zurai desu.,This kanji is difficult to remember.
1683,130,づらい,,づらい,difficult to do Verb ます (stem form) づらい,N4,292,6,この道は狭くて、⾞も多いので、運転しづらいです。,"kono michi wa semakute, kuruma mo ooi no de, unten shi zurai desu.","This road is really narrow, and there's lots of cars, so it's difficult to drive on."
1684,130,づらい,,づらい,difficult to do Verb ます (stem form) づらい,N4,292,7,この⾃転⾞は古くて乗りづらいです。,kono jitensha wa furukute nori zurai desu.,This bicycle is old and difficult to ride.
1685,130,づらい,,づらい,difficult to do Verb ます (stem form) づらい,N4,292,8,⿂は⾻が多くて⾷べづらいだ。,sakana wa hone ga ookute tabe zurai da.,Fish have a bunch of bones and are difficult to eat.
1686,1,上げる,あげる,上げる (あげる),to finish doing~,N3,10,1,彼⼥は⼩説を書き上げた。,kanojo wa shousetsu o kaki ageta.,She finished writing her novel.
1687,1,上げる,あげる,上げる (あげる),to finish doing~,N3,10,2,この会社は新製品を作り上げた。,kono kaisha wa shinseihin o tsukuri ageta.,This company has created a new product.
1688,1,上げる,あげる,上げる (あげる),to finish doing~,N3,10,3,みんなの意⾒を取り⼊れて、とてもいいプランが出来上がった。,"minna no iken o tori irete, totemo ii puran ga deki agatta.","A very good plan was completed, incorporating the opinions of everyone"
1689,1,上げる,あげる,上げる (あげる),to finish doing~,N3,10,4,研究のレポートを⼀⽇で書き上げた。,kenkyuu no repooto o ichinichi de kaki ageta.,I wrote my research report in one day.
1690,1,上げる,あげる,上げる (あげる),to finish doing~,N3,10,5,出来上がった料理を、お客さんのところに運ぶのが私の仕事です。,"deki agatta ryouri o, okyaku san no tokoro ni hakobu noga watashi no shigoto desu.",It is my job to bring the finished food to the customer.
1691,1,上げる,あげる,上げる (あげる),to finish doing~,N3,10,6,注⽂していた年賀状が刷り上がった。,chuumon shite ita nengajou ga suri agatta,The new year's card I ordered was printed.
1692,1,上げる,あげる,上げる (あげる),to finish doing~,N3,10,7,この粉を練り上げると、おいしい和菓⼦になります。,"kono kona o neri ageru to, oishii wagashi ni narimasu.","When this powder is kneaded, it becomes a delicious Japanese sweet."
1693,1,上げる,あげる,上げる (あげる),to finish doing~,N3,10,8,スパゲッティをゆで上がったら、素早くソースを絡めます。,"supagetti o yude agattara, subayaku soosu o karame masu.","Once the spaghetti has been boiled, quickly mix the sauce."
1694,2,あまり,,あまり,so much… that Verb (dictionary form),N3,12,1,嬉しさのあまり、彼⼥は涙を流しました。,"ureshisa no amari, kanojo wa namida o nagashimashita.",She was so happy that she cried.
1695,2,あまり,,あまり,so much… that Verb (dictionary form),N3,12,2,それのあまりの安さにおどろいた。,sore no amari no yasusa ni odoroita.,I was shocked by how cheap it was.
1696,2,あまり,,あまり,so much… that Verb (dictionary form),N3,12,3,プレゼンのとき、緊張のあまり間違えてしまった。,"purezen no toki, kinchou no amari machigaete shimatta.",During my presentation I was so nervous that I ended up making a mistake.
1697,2,あまり,,あまり,so much… that Verb (dictionary form),N3,12,4,怒りのあまり⼝がきけなかった。,ikari no amari kuchi ga kikenakatta.,I was speechless with anger.
1698,2,あまり,,あまり,so much… that Verb (dictionary form),N3,12,5,私は苦悩のあまり、病気になりました。,"watashi wa kunou no amari, byouki ni narimashita.",I was so worried I became sick.
1699,2,あまり,,あまり,so much… that Verb (dictionary form),N3,12,6,⽗は娘を⼼配するあまり、倒れてしまった。,"chichi wa musume o shinpai suru amari, taorete shimatta.",The father was so overcome with worry for his daughter that he collapsed.
1700,2,あまり,,あまり,so much… that Verb (dictionary form),N3,12,7,しばらくは⼼配のあまり、眠れない夜が続きました。,"shibaraku wa shinpai no amari, nemurenai yoru ga tsuzukimashita.",I was so worried and unable to sleep for a while.
1701,2,あまり,,あまり,so much… that Verb (dictionary form),N3,12,8,喜びのあまり、バンザイと叫びたい思いだった。,"yorokobi no amari, banzai to sakebitai omoi datta.",I was so happy I wanted to scream with joy.
1702,2,あまり,,あまり,so much… that Verb (dictionary form),N3,12,9,そのファンはアイドルに会えた喜びのあまり、泣き出した。,"sono fan wa aidoru ni aeta yorokobi no amari, nakidashita.",That fan was so overcome with joy from meeting their idol that they started bursting
1703,3,あまりにも,,あまりにも,too much; so much… that; excessively~ Verb,N3,14,1,最近あまりに暑すぎる。,saikin amari ni atsu sugiru.,It's too hot recently..
1704,3,あまりにも,,あまりにも,too much; so much… that; excessively~ Verb,N3,14,2,彼はあまりにも変わった。,kare wa amari ni mo kawatta.,He changed a lot.
1705,3,あまりにも,,あまりにも,too much; so much… that; excessively~ Verb,N3,14,3,あまりにも天気が良い。,amari ni mo tenki ga yoi.,The weather is excellent.
1706,3,あまりにも,,あまりにも,too much; so much… that; excessively~ Verb,N3,14,4,あまりにも疲れているので仕事ができない。,amari ni mo tsukareteiru no de shigoto ga dekinai.,I am so tired that I cannot do my job.
1707,3,あまりにも,,あまりにも,too much; so much… that; excessively~ Verb,N3,14,5,あなたは起きるのがあまりに遅すぎる。,anata wa okiru no ga amari ni ososugiru.,You wake up too late..
1708,3,あまりにも,,あまりにも,too much; so much… that; excessively~ Verb,N3,14,6,私はあまりに忙しすぎて、その映画が⾒られない。,"watashi wa amari ni isogashi sugite, sono eiga ga mirarenai.",I am so busy that I cannot watch that movie.
1709,3,あまりにも,,あまりにも,too much; so much… that; excessively~ Verb,N3,14,7,私はこの作業にあまりにも時間がかかっている。,watashi wa kono sagyou ni amari ni mo jikan ga kakatteiru.,This work is taking way too much time.
1710,3,あまりにも,,あまりにも,too much; so much… that; excessively~ Verb,N3,14,8,あまりにも⼈数が多いので、彼に気付かなかった。,"amari ni mo ninzuu ooi no de, kare ni kidzukanakatta.",There were so many people that I didn't even notice him.
1711,4,合う,あう,合う (あう),do something together,N3,16,1,私たちはその件について話し合いましょう。,watashi tachi wa sono ken ni tsuite hanashi aimashou.,Let's discuss together regarding that matter.
1712,4,合う,あう,合う (あう),do something together,N3,16,2,2⼈は愛し合っている。,futari wa aishiatteiru.,Those 2 are in love with each other.
1713,4,合う,あう,合う (あう),do something together,N3,16,3,チームだから、困った時は助け合いましょう。,"chiimu da kara, komatta toki wa tasukeai mashou.","We are a team so whenever someone is in trouble, let's help each other!"
1714,4,合う,あう,合う (あう),do something together,N3,16,4,私たちはお互い助け合うべきだ。,watashi tachi wa otagai ni tasuke au beki da.,We should help each other.
1715,4,合う,あう,合う (あう),do something together,N3,16,5,彼⼥は仲間とうまく付き合っている。,kanojo wa nakama to umaku tsukiatte iru.,She gets along well with her peers.
1716,4,合う,あう,合う (あう),do something together,N3,16,7,問題が起きたときは、どうすべきかみんなで話し合いましょう。,"mondai ga okita toki wa, dou subeki ka minna de hanashi aimashou.",Let's discuss together with everyone on what we should do when a problem occurs.
1717,4,合う,あう,合う (あう),do something together,N3,16,8,その⼆⼈はいつも競い合っている。,sono futari wa itsumo kisoi atteiru.,Those 2 are always competing with each other.
1718,4,合う,あう,合う (あう),do something together,N3,16,9,隣の⼈と相談し合って答えを考えてください。,tonari no hito to soudan shi atte kotae o kangaete kudasai.,Discuss with the person next to you and think about the answer.
1719,5,ばいい,,ばいい,"should, can, it’d be good if Verb (ば conditional form) いい",N3,18,1,どうすればいいですか︖,dou sureba ii desu ka.,What should I do?
1720,5,ばいい,,ばいい,"should, can, it’d be good if Verb (ば conditional form) いい",N3,18,2,どこに⾏けばいいですか︖,doko ni ikeba ii desu ka?,Where should I go?
1721,5,ばいい,,ばいい,"should, can, it’d be good if Verb (ば conditional form) いい",N3,18,3,私は何を⾔えばいいかわからない。,watashi wa nani o ieba ii ka wakaranai.,I'm not sure what I should say.
1722,5,ばいい,,ばいい,"should, can, it’d be good if Verb (ば conditional form) いい",N3,18,4,何を歌えばいいですか。,nani o utaeba ii desu ka.,What should I sing?
1723,5,ばいい,,ばいい,"should, can, it’d be good if Verb (ば conditional form) いい",N3,18,5,君が決めればいい。,kimi ga kimereba ii.,It is for you to decide.
1724,5,ばいい,,ばいい,"should, can, it’d be good if Verb (ば conditional form) いい",N3,18,6,もう少し⾬が降ればいいな。,mou sukoshi ame ga fureba ii na.,It’d be great if it rained a little bit more.
1725,5,ばいい,,ばいい,"should, can, it’d be good if Verb (ば conditional form) いい",N3,18,7,どちらの⽅向へ進めばいいのか︖,dochira no houkou e susumeba yoi no ka.,Which direction should I go?
1726,5,ばいい,,ばいい,"should, can, it’d be good if Verb (ば conditional form) いい",N3,18,8,新宿駅に⾏きたいんですが、どうやって⾏けばいいですか︖,"shinjuku eki ni ikitain desu ga, dou yatte ikeba ii desu ka.","I want to go to Shinjuku station, how do I get there?"
1727,6,ばよかった,,ばよかった,should have; would have been better if~ Verb (ば conditional form) よかった（のに）,N3,20,1,そうすればよかった。,sou sureba yokatta.,I should have done that.
1728,6,ばよかった,,ばよかった,should have; would have been better if~ Verb (ば conditional form) よかった（のに）,N3,20,2,傘を持ってくればよかった。,kasa o motte kureba yokatta.,I should have brought an umbrella.
1729,6,ばよかった,,ばよかった,should have; would have been better if~ Verb (ば conditional form) よかった（のに）,N3,20,3,遅刻してしまった。もっと早く家を出ればよかった。,chikoku shite shimatta. motto hayaku ie o dereba yokatta.,I was late.. I should have left home earlier..
1730,6,ばよかった,,ばよかった,should have; would have been better if~ Verb (ば conditional form) よかった（のに）,N3,20,4,早く連絡してくればよかったのに。,hayaku renraku shite kurereba yokatta noni.,You should have contacted me earlier.
1731,6,ばよかった,,ばよかった,should have; would have been better if~ Verb (ば conditional form) よかった（のに）,N3,20,5,友⼈にあんなことを⾔わなければよかった。,yuujin ni anna koto o iwanakereba yokatta.,I wish I hadn't told my close friend about you.
1732,6,ばよかった,,ばよかった,should have; would have been better if~ Verb (ば conditional form) よかった（のに）,N3,20,6,⼣べの番組は⾯⽩かった。あなたも⾒ればよかったのに。,yuube no bangumi wa omoshirokatta. anata mo mireba yokatta noni.,The program last night was interesting. You should have watched it!
1733,6,ばよかった,,ばよかった,should have; would have been better if~ Verb (ば conditional form) よかった（のに）,N3,20,7,こんなことを⾔わなければよかった。今は後悔している。,konna koto o iwanakereba yokatta. ima wa koukai shite iru.,I wish I hadn't said this.. I'm really regretting it now.
1734,6,ばよかった,,ばよかった,should have; would have been better if~ Verb (ば conditional form) よかった（のに）,N3,20,8,新しいパソコンを買わないで、私のを使えばよかったのに。,"atarashii pasokon o kawanaide, watashi no o tsukaeba yokatta noni.",You shouldn’t have bought a new computer and used mine instead.
1735,7,ば〜ほど,,ば〜ほど,the more… the more Verb,N3,22,1,ビートルズの⾳楽は聞けば聞くほど好きになります。,biitoruzu no ongaku wa kikeba kiku hodo suki ni narimasu.,"The more I listen to The Beetles, the more I end up liking their music."
1736,7,ば〜ほど,,ば〜ほど,the more… the more Verb,N3,22,2,考えれば考えるほどわからなくなる。,kangaereba kangaeru hodo wakaranaku naru.,"The more I think about it, the less I understand."
1737,7,ば〜ほど,,ば〜ほど,the more… the more Verb,N3,22,3,勉強すればするほど、⽇本語が上⼿になりますよ。,"benkyou sureba suru hodo, nihongo ga jouzu ni narimasu.","The more you study, the better your Japanese will get."
1738,7,ば〜ほど,,ば〜ほど,the more… the more Verb,N3,22,4,スーパーは家から近ければ近いほど便利です。,suupaa wa ie kara chikakereba chikai hodo benri desu.,"The closer the supermarket is to home, the more convenient it is."
1739,7,ば〜ほど,,ば〜ほど,the more… the more Verb,N3,22,5,⽇本語は話せば話すほど上⼿になります。,nihongo wa hanaseba hanasu hodo jouzu ni narimasu.,"The more Japanese you speak, the more you will improve."
1740,7,ば〜ほど,,ば〜ほど,the more… the more Verb,N3,22,6,お⾦はあればあるほど安⼼です。,okane ga areba aru hodo anshin desu.,"The more money I have, the more safe I feel."
1741,7,ば〜ほど,,ば〜ほど,the more… the more Verb,N3,22,7,パソコンは操作が簡単なら簡単なほどいいです。,pasokon wa sousa ga kantan nara kantan na hodo ii desu.,The easier the computer is to use the better.
1742,7,ば〜ほど,,ば〜ほど,the more… the more Verb,N3,22,8,ゲームは相⼿が強ければ強いほどおもしろいです。,geemu wa aite ga tsuyokereba tsuyoi hodo omoshiroi desu.,Games get more interesting as the opponents get stronger.
1743,8,ば〜のに,,ば〜のに,would have; should have; if only~ Verb (conditional form),N3,24,1,このかばん、欲しいけど⾼いなあ。もっと安ければいいのに。,"kono kaban, hoshii kedo takai naa. motto yasukereba ii noni.","I want this bag, but it's pretty expensive.. If only it were a bit cheaper.."
1744,8,ば〜のに,,ば〜のに,would have; should have; if only~ Verb (conditional form),N3,24,2,もうちょっと早く来れば、⼤好きなアイドルが⾒えるのに。,"mou chotto hayaku kureba, daisuki na aidoru ga mieru no ni.","If only I came a little earlier, I could have seen my favorite idol."
1745,8,ば〜のに,,ば〜のに,would have; should have; if only~ Verb (conditional form),N3,24,3,⽇本語がもっと上⼿なら、仕事が⾒つけれるのになあ。,"nihongo ga motto jouzu nara, shigoto ga mitsukereru noni naa.","If only I were better at Japanese, I would be able to find a job.."
1746,8,ば〜のに,,ば〜のに,would have; should have; if only~ Verb (conditional form),N3,24,4,映画はとても⾯⽩かった。君も⾏けばよかったのに。,eiga wa totemo omoshirokatta. kimi mo ikeba yokatta noni.,The movie was very interesting. You should have come!
1747,8,ば〜のに,,ば〜のに,would have; should have; if only~ Verb (conditional form),N3,24,5,⾞で⾏けば、間に合ったのに、⾃転⾞に乗ったから遅れてしまった。,"kuruma de ikeba, ma ni atta noni, jitensha ni notta kara okurete shimatta.","I would have made it on time if I came by car, but I came by bicycle and was late.."
1748,8,ば〜のに,,ば〜のに,would have; should have; if only~ Verb (conditional form),N3,24,6,もうちょっと早く連絡してくれれば、迎えに⾏ったのに。,"mou chotto hayaku renraku shite kurereba, mukae ni itta noni.",I would have come to pick you up if you contacted me a little sooner.
1749,8,ば〜のに,,ば〜のに,would have; should have; if only~ Verb (conditional form),N3,24,7,アパートがもう少し学校から近ければ、便利なのに。,"apaato ga mou sukoshi gakkou kara chikakereba, benri na noni.",My apartment would be much more convenient if only it were a little bit closer to
1750,8,ば〜のに,,ば〜のに,would have; should have; if only~ Verb (conditional form),N3,24,8,⽝アレルギーさえなければ、家で⽝が飼えるのに。,"inu arerugii sae nakereba, ie de inu ga kaeru noni.","If only I didn't have a dog allergy, we could have a dog at our house."
1751,8,ば〜のに,,ば〜のに,would have; should have; if only~ Verb (conditional form),N3,24,9,あと10分があれば、全部の問題を解くことができるのに。,"ato 10 pun ga areba, zenbu no mondai o hodoku koto ga dekiru noni.",I would have solved every problem if only I had 10 more minutes.
1752,9,ばかりで,,ばかりで,only; just (negative description) Verb (casual),N3,26,1,夏は暑いばかりで楽しくないですよ。,natsu wa atsui bakari de tanoshikunai desu yo.,"Summer is just hot all the time, it't no fun at all."
1753,9,ばかりで,,ばかりで,only; just (negative description) Verb (casual),N3,26,2,うちの⼦は毎⽇遊んでいるばかりで勉強をしない。,uchi no ko wa mainichi asondeiru bakari de benkyou o shinai.,My kid only plays all day and never studies
1754,9,ばかりで,,ばかりで,only; just (negative description) Verb (casual),N3,26,3,あの⼈は背が⾼いばかりで、あまり⼒はない。,"ano hito wa se ga takai bakari de, amari chikara wa nai.","That person is only tall, he's actually not that strong."
1755,9,ばかりで,,ばかりで,only; just (negative description) Verb (casual),N3,26,4,この仕事は忙しいばかりで、意味がない。,"kono shigoto wa isogashii bakari de, imi ga nai.","This job is just busy all the time, but there's no point to it."
1756,9,ばかりで,,ばかりで,only; just (negative description) Verb (casual),N3,26,5,主⼈は⼩説を読んでいるばかりで、家事を全然⼿伝ってくれない。,"shujin wa shousetsu o yonde iru bakari de, kaji o zenzen tetsudatte kurenai.","My husband just reads novels all day, and never helps out with the housework."
1757,9,ばかりで,,ばかりで,only; just (negative description) Verb (casual),N3,26,6,毎⽇、仕事ばかりで、夢の中でも働いているみたいな気になる。,"mainichi, shigoto bakari de, yume no naka demo hataraiteiru mitai na ki ni naru.",Every day is constant work and I even feel like I'm working in my dreams.
1758,9,ばかりで,,ばかりで,only; just (negative description) Verb (casual),N3,26,7,こんなに弱い選⼿ばかりでは、次の試合に勝てっこない。,"konna ni yowai senshu bakari dewa, tsugi no shiai ni katekkonai.","With a team full of weak players like this, they won’t stand a chance in the next match."
1759,9,ばかりで,,ばかりで,only; just (negative description) Verb (casual),N3,26,8,顔が綺麗なばかりで、性格が悪すぎる。,"kao ga kirei na bakari de, seikaku ga waru sugiru.","They just have a pretty face, but their personality is beyond horrible."
1760,10,ばかりでなく,,ばかりでなく,not only.. but also; as well as~ Verb (casual),N3,28,1,このマンションは狭いばかりでなく、暗いです。,"kono manshon wa semai bakari denaku, kurai desu.","This apartment is not only very small, it's also quite dark."
1761,10,ばかりでなく,,ばかりでなく,not only.. but also; as well as~ Verb (casual),N3,28,2,彼は歌ばかりでなくダンスも上⼿です。,kare wa uta bakari denaku dansu mo jouzu desu.,"He is not only good at singing, he also good at dancing."
1762,10,ばかりでなく,,ばかりでなく,not only.. but also; as well as~ Verb (casual),N3,28,3,うちの⼦は6歳なのに⽇本語ばかりでなく英語まで喋れるよ。,uchi no ko wa 6 sai nano ni nihongo bakari denaku eigo made shabereru yo!,"Although our child is only 6, they can speak not only Japanese, but English as well."
1763,10,ばかりでなく,,ばかりでなく,not only.. but also; as well as~ Verb (casual),N3,28,4,このレストランは、味が悪いばかりでなく、店員の態度もひどい。,"kono resutoran wa, aji ga warui bakari denaku, tenin no taido mo hidoi.","Not only is this restaurant's food bad, but the service is also horrible."
1764,10,ばかりでなく,,ばかりでなく,not only.. but also; as well as~ Verb (casual),N3,28,5,台⾵が来ている。⾬ばかりでなく、⾵も強くなってきた。,"taifuu ga kiteiru. ame bakari denaku, kaze mo tsuyoku natte kita.",The typhoon is coming. The rain as well as the wind are starting to get stronger.
1765,10,ばかりでなく,,ばかりでなく,not only.. but also; as well as~ Verb (casual),N3,28,6,俺は右⼿ばかりでなく左⼿でも字が書けるよ。,"ore wa migi te bakari denaku, hidari te demo ji ga kakeru yo.","I can write with not only my right hand, but my left hand too!"
1766,10,ばかりでなく,,ばかりでなく,not only.. but also; as well as~ Verb (casual),N3,28,7,東京を案内してくれたばかりでなく、⾷事もごちそうしてくれた。,"toukyou o annai shite kureta bakari denaku, shokuji mo gochisou shite kureta.","Not only did they show me around Tokyo, but they also paid for my meal."
1767,10,ばかりでなく,,ばかりでなく,not only.. but also; as well as~ Verb (casual),N3,28,8,⼥王は美しいばかりでなく、⼼も優しかった。,"joou wa utsukushii bakari denaku, kokoro mo yasashikatta.","The Queen was not only beautiful, but she had a kind heart as well."
1768,11,べきだ,,べきだ,should do~; must do~ Verb (standard form),N3,30,1,私はそれについてもっと知るべきだ。,watashi wa sore ni tsuite motto shiru beki da.,I should know more about that.
1769,11,べきだ,,べきだ,should do~; must do~ Verb (standard form),N3,30,2,約束は守るべきだ。,yakusoku wa mamoru beki da.,You should keep your promises.
1770,11,べきだ,,べきだ,should do~; must do~ Verb (standard form),N3,30,3,早く帰宅すべきだ。,hayaku kitaku subeki da.,You should go home early.
1771,11,べきだ,,べきだ,should do~; must do~ Verb (standard form),N3,30,4,真実を⾔うべきだ。,shinjitsu o iu beki da.,You should tell the truth.
1772,11,べきだ,,べきだ,should do~; must do~ Verb (standard form),N3,30,5,おもちゃは、先ず安全であるべきです。,"omocha wa, mazu anzen de aru beki desu.",Safety comes first for toys.
1773,11,べきだ,,べきだ,should do~; must do~ Verb (standard form),N3,30,6,最初に私に電話するべきだった。,saisho ni watashi ni denwa suru beki datta.,You really should have called me first.
1774,11,べきだ,,べきだ,should do~; must do~ Verb (standard form),N3,30,7,何をすべきか、もう彼⼥の⼼は決まっていた。,"nani o subeki ka, mou kanojo no kokoro wa kimatteita.",She had already decided in her heart what she should do.
1775,11,べきだ,,べきだ,should do~; must do~ Verb (standard form),N3,30,8,⼩学⽣の先⽣は、⼦どもが好きであるべきだと思います。,"shougakusei no sensei wa, kodomo ga suki de aru bekida to omoimasu.",I believe that elementary school teachers should love children.
1776,12,べきではない,,べきではない,should not do~; must not do~ Verb (standard form),N3,32,1,そんなことをすべきではない。,sonna koto o subeki dewa nai.,You shouldn't do such a thing.
1777,12,べきではない,,べきではない,should not do~; must not do~ Verb (standard form),N3,32,2,寝る前にアイスを⾷べるべきではない。,neru mae ni aisu o taberu beki dewa nai.,You shouldn't eat ice cream before going to bed.
1778,12,べきではない,,べきではない,should not do~; must not do~ Verb (standard form),N3,32,3,私達は遅く寝るべきではありません。,watashitachi wa osoku neru beki dewa arimasen.,We shouldn't go to bed late.
1779,12,べきではない,,べきではない,should not do~; must not do~ Verb (standard form),N3,32,4,約束を破るべきではありません。,yakusoku o yaburu beki dewa arimasen.,You shouldn't break your promises.
1780,12,べきではない,,べきではない,should not do~; must not do~ Verb (standard form),N3,32,5,過去を忘れるべきではありません。,kako o wasureru beki dewa arimasen.,You shouldn't forget about your past.
1781,12,べきではない,,べきではない,should not do~; must not do~ Verb (standard form),N3,32,6,⼈の迷惑になることをすべきではありません。,hito no meiwaku ni naru koto o subeki dewa arimasen.,You shouldn't do anything that causes trouble for others.
1782,12,べきではない,,べきではない,should not do~; must not do~ Verb (standard form),N3,32,7,希望を捨てるべきではありません。,kibou o suteru beki dewa arimasen.,You shouldn't give up your hope.
1783,12,べきではない,,べきではない,should not do~; must not do~ Verb (standard form),N3,32,8,⼈を⾒た⽬で判断すべきではない。,hito o mitame de handan subeki dewa nai.,You shouldn't judge people by their appearance.
1784,13,別に〜ない,べつに〜ない,別に〜ない (べつに〜ない),"not really, not particularly Verb (ない form)",N3,34,1,それは別に悪いことでもない。,sore wa betsu ni warui koto demo nai.,That's not particularly a bad thing.
1785,13,別に〜ない,べつに〜ない,別に〜ない (べつに〜ない),"not really, not particularly Verb (ない form)",N3,34,2,別に彼のために作ったわけではない。,betsu ni kare no tame ni tsukutta wake dewa nai.,It’s not like I made this for him.
1786,13,別に〜ない,べつに〜ない,別に〜ない (べつに〜ない),"not really, not particularly Verb (ない form)",N3,34,3,この仕事には別に期限はない。,kono shigoto ni betsu ni kigen wa nai.,There is no time limit in particular for completing this job.
1787,13,別に〜ない,べつに〜ない,別に〜ない (べつに〜ない),"not really, not particularly Verb (ない form)",N3,34,4,君は別に悪いことをしている訳ではない。,kimi wa betsu ni warui koto o shite iru wake dewa nai.,It's not like you're doing anything wrong.
1788,13,別に〜ない,べつに〜ない,別に〜ない (べつに〜ない),"not really, not particularly Verb (ない form)",N3,34,6,私は結構です。別に欲しい物は無い。,watashi wa kekkou desu. betsu ni hoshii mono wa nai.,I'm good. It's not like there's anything I want..
1789,13,別に〜ない,べつに〜ない,別に〜ない (べつに〜ない),"not really, not particularly Verb (ない form)",N3,34,7,私は別に彼⼥が⼤嫌いなわけではありませんよ。,watashi wa betsu ni kanojo ga daikirai na wake dewa arimasen yo.,It’s not that I really dislike her..
1790,13,別に〜ない,べつに〜ない,別に〜ない (べつに〜ない),"not really, not particularly Verb (ない form)",N3,34,8,いいよ。私は別に給料は無くても構わない。,ii yo. watashi wa betsu ni kyuuryou wa nakutemo kamawanai.,It's OK. I don't really mind if I don't have a salary.
1791,14,ぶりに,,ぶりに,for the first time in (period of time),N3,36,1,今⽇、やく2週間ぶりに⾬が降った。,"kyou, yaku 2 shuukan buri ni ame ga futta.","Today, it rained for the first time in 2 weeks."
1792,14,ぶりに,,ぶりに,for the first time in (period of time),N3,36,2,この街に帰ってくるのはもう１０年ぶりだなあ。,kono machi ni kaette kuru no wa mou juu nen buri da naa.,It's been already 10 years since I last came to this town.
1793,14,ぶりに,,ぶりに,for the first time in (period of time),N3,36,3,先週からずっと⾬が降った。⼀週間ぶりにようやく晴れてきた。,senshuu kara zutto ame ga futta. isshuukan buri ni youyaku harete kita.,"It's been constantly raining since last week. For the first time in a week, it the sun"
1794,14,ぶりに,,ぶりに,for the first time in (period of time),N3,36,5,⾼校を卒業してから、2年ぶりにクラスメイトに会った。,"koukou o sotsugyou shite kara, 2 nen buri ni kurasumeito ni atta.",I met my classmates for the first time in 2 years since graduating high school.
1795,14,ぶりに,,ぶりに,for the first time in (period of time),N3,36,7,今⽇、3ヶ⽉ぶりにまた北海道へ出張しに⾏ってきました。,"kyou, san kagetsu buri ni mata hokkaidou e shucchou shi ni itte kimashita.",Today for the first time in 3 months I will be going to Hokkaido again for a business
1796,15,中,ちゅう,中 (ちゅう),currently; during; at some point;,N3,38,1,私は⼀晩中泣いていた。,watashi wa hitobanjuu naiteita.,I cried all night.
1797,15,中,ちゅう,中 (ちゅう),currently; during; at some point;,N3,38,2,午前中がいちばん調⼦がいいです。,gozen chuu ga ichiban choushi ga ii desu.,During the morning is the best.
1798,15,中,ちゅう,中 (ちゅう),currently; during; at some point;,N3,38,3,英語は世界中で話されています。,eigo wa sekaijuu de hanasarete imasu.,English is spoken throughout the world.
1799,15,中,ちゅう,中 (ちゅう),currently; during; at some point;,N3,38,4,この事件に関しては、ただいま確認中でございます。,"kono jiken ni kanshite wa, tadaima kakuninchuu degozaimasu.",We are currently checking this case.
1800,15,中,ちゅう,中 (ちゅう),currently; during; at some point;,N3,38,5,私は⼀晩中、両親の夢をみていた。,"watashi wa hitobanjuu, ryoushin no yume o mite ita.",I dreamed of my parents all through the night.
1801,15,中,ちゅう,中 (ちゅう),currently; during; at some point;,N3,38,6,授業中に携帯電話を使ってはいけません。,jugyouchuu ni keitai denwa o tsukattewa ikemasen.,No using cell phones during class.
1802,15,中,ちゅう,中 (ちゅう),currently; during; at some point;,N3,38,7,⼊院中、友達が書いてくれた授業のノートを頼りに勉強した。,"nyuuinchuu, tomodachi ga kaite kureta jugyou no no-to wo tayori ni benkyou shita.","During my hospital stay, I studied with my class notes written by my friends."
1803,15,中,ちゅう,中 (ちゅう),currently; during; at some point;,N3,38,8,彼らは今年中に結婚すると⾔われている。,karera wa kotoshijuu ni kekkon suru to iwarete iru.,It is said that they are going to get married by the end of the week.
1804,16,だけ,,だけ,as much as~ Verb (dictionary form),N3,40,1,⾷べたいだけ⾷べなさい。,tabetai dake tabenasai.,Eat as much as you like.
1805,16,だけ,,だけ,as much as~ Verb (dictionary form),N3,40,2,私はそれをできるだけ早くいただけますか。,watashi wa sore o dekiru dake hayaku itadakemasu ka?,Would I be able to get that as soon as possible?
1806,16,だけ,,だけ,as much as~ Verb (dictionary form),N3,40,3,できるだけ早く返事をいただけると助かります。,dekiru dake hayaku henji o itadakeru to tasukarimasu.,I would appreciate it if you could reply to me as soon as possible.
1807,16,だけ,,だけ,as much as~ Verb (dictionary form),N3,40,4,⾷べ放題だから、⾷べれるだけ⾷べてくださいね。,"tabehoudai da kara, tabereru dake tabete kudasai ne.","It's all you can eat, so eat as much as you can!"
1808,16,だけ,,だけ,as much as~ Verb (dictionary form),N3,40,5,⼆度とここに戻れないから、読めるだけ本を読みたいです。,"nido to koko ni modorenai kara, yomeru dake hon o yomitai desu.","I will never be able to come back here, so I want to read as much as I can."
1809,16,だけ,,だけ,as much as~ Verb (dictionary form),N3,40,6,試験が終わったら、好きなだけ遊びたい。,"shiken ga owattara, suki na dake asobitai.","After the exam is finished, I want to relax and hang out as much as I want."
1810,16,だけ,,だけ,as much as~ Verb (dictionary form),N3,40,7,妹は試験の勉強を集中しているから、静かなだけ静かにしましょう。,"imouto wa shiken no benkyou o shuuchuu shite iru kara, shizuka na dake shizuka ni",shimashou.
1811,16,だけ,,だけ,as much as~ Verb (dictionary form),N3,40,8,あなたはよく頑張ったから、明⽇は寝たいだけ寝ていいよ。,"anata wa yoku ganbatta kara, ashita wa netai dake nete ii yo.","You've worked hard, so tomorrow you can sleep as much as you'd like!"
1812,17,だけでなく,,だけでなく,not only… but also Verb (dictionary form),N3,42,1,ここのレストランはどれも安いだけでなく、美味しい。,"koko no resutoran wa dore mo yasui dake de naku, oishii.","Not only is everything cheap at this restaurant, it is all delicious."
1813,17,だけでなく,,だけでなく,not only… but also Verb (dictionary form),N3,42,2,この公園では、⼦供だけではなく⼤⼈も楽しむことができる。,"kono kouen dewa, kodomo dake dewa naku otona mo tanoshimu koto ga dekiru.","This park is enjoyable for not only kids, but for adults as well."
1814,17,だけでなく,,だけでなく,not only… but also Verb (dictionary form),N3,42,3,彼⼥は⽇本語が上⼿なだけでなく、英語もペラペラだ。,"kanojo wa nihongo ga jouzu na dake de naku, ego mo perapera da.","She is not only good at Japanese, but also fluent in English."
1815,17,だけでなく,,だけでなく,not only… but also Verb (dictionary form),N3,42,4,君だけでなく僕も悪かった。,kimi dake de naku boku mo warukatta.,"It isn't just you, I am also to blame."
1816,17,だけでなく,,だけでなく,not only… but also Verb (dictionary form),N3,42,5,彼は知識だけではなく、経験も豊かである。,"kare wa chishiki dake dew naku, keiken mo yutaka de aru.","Not only does he have knowledge, but he also has an abundance of experience."
1817,17,だけでなく,,だけでなく,not only… but also Verb (dictionary form),N3,42,6,⾁だけでなく野菜も⾷べなさいよ。,niku dake de naku yasai mo tabe nasai yo.,"Make sure to eat not just the meat, but the vegetables as well."
1818,17,だけでなく,,だけでなく,not only… but also Verb (dictionary form),N3,42,7,あの⼈は歌が上⼿なだけでなく、⾃分で曲も作る。,"ano hito wa uta ga jouzu na dake de naku, jibun de kyoku mo tsukuru.","He is not only good at singing, but also makes his own songs."
1819,17,だけでなく,,だけでなく,not only… but also Verb (dictionary form),N3,42,8,図書館では本が借りられるだけでなく、勉強もできる。,"toshokan de wa hon ga karirareru dake de naku, benkyou mo dekiru.","At the library, not only can you rent books, but you can also study."
1820,18,だけど,,だけど,however; but Clause-1 だけど clause-2,N3,44,1,彼⼥はかわいいだけど僕のタイプではない。,kanojo wa kawaii dakedo boku no taipu dewa nai.,"She's cute, but not my type."
1821,18,だけど,,だけど,however; but Clause-1 だけど clause-2,N3,44,2,野菜は好きじゃないだけど体にいいから⾷べる。,yasai wa suki janai dakedo karada ni ii kara taberu.,"I don't like vegetables, but I eat them because they are good for your body."
1822,18,だけど,,だけど,however; but Clause-1 だけど clause-2,N3,44,3,宿題をしたんだけど、学校に持ってくるのを忘れました。,"shuukudai o shitan dakedo, gakkou ni motte iku no wo wasure mashita.","I did my homework, however I forgot to bring it to school."
1823,18,だけど,,だけど,however; but Clause-1 だけど clause-2,N3,44,4,このケーキは美味しそうだけどお腹⼀杯だからいらない。,kono keeki wa oishisou dakedo onaka ippai dakara iranai.,"This cake looks delicious, but I'm stuffed right now so I'll pass."
1824,18,だけど,,だけど,however; but Clause-1 だけど clause-2,N3,44,5,⾵邪ひいちゃった。早く良くなるといいんだけど。,kaze hiichatta. hayaku yokunaru to ii n dakedo.,"I caught a cold, I hope I can recover quickly."
1825,18,だけど,,だけど,however; but Clause-1 だけど clause-2,N3,44,8,私は昔から⾍が嫌いだけど、この⾍は⼤丈夫です。あまり怖くない。,"watashi wa mukashi kara mushi ga kirai dakedo, kono mushi wa daijoubu desu. amari",kowakunai.
1826,18,だけど,,だけど,however; but Clause-1 だけど clause-2,N3,44,9,私はお酒が強いんだけど、昨⽇は酔っ払ってしまいました。,"watashi wa osake ga tsuyoi dakedo, kinou wa yopparatte shimai mashita.","I have a strong alcohol tolerance, but I got drunk last night.."
1827,19,だらけ,,だらけ,full of; covered with; a lot of (something Noun だらけ,N3,46,1,この公園は、猫だらけだ。,kono kouen wa neko darake da.,There are cats all over this park.
1828,19,だらけ,,だらけ,full of; covered with; a lot of (something Noun だらけ,N3,46,2,この部屋はゴミだらけだ。,kono heya wa gomi darake da.,This room is completely covered in garbage..
1829,19,だらけ,,だらけ,full of; covered with; a lot of (something Noun だらけ,N3,46,3,今、不安だらけです。,"ima, fuan darake desu.",I'm super nervous right now.
1830,19,だらけ,,だらけ,full of; covered with; a lot of (something Noun だらけ,N3,46,4,⾃信があったのに、先週のテストは間違えだらけだった。,"jishin ga atta noni, senshuu no tesuto wa machigae darake datta.","I was full of confidence, but my test from last week was full of mistakes."
1831,19,だらけ,,だらけ,full of; covered with; a lot of (something Noun だらけ,N3,46,6,泥だらけの⼿でパソコンを触らないで。,doro darake no te de pasokon o sawaranaide.,Don't touch the computer with muddy hands.
1832,19,だらけ,,だらけ,full of; covered with; a lot of (something Noun だらけ,N3,46,7,彼の部屋はマンガだらけで、勉強の本は全然なかった。,"kare no heya wa manga darake de, benkyou no hon wa zenzen nakatta.",His room was full of manga books and not a single book for studying.
1833,19,だらけ,,だらけ,full of; covered with; a lot of (something Noun だらけ,N3,46,8,彼は⾦持ちではない。それどころか、彼は借⾦だらけだ。,"kare wa kanemochi de wa nai. sore dokoro ka, kare wa shakkin darake da.","He is not rich. On the contrary, he is deep in dept."
1834,20,どんなに〜ても,,どんなに〜ても,no matter how (much) Verb (ても form),N3,48,1,どんなに頑張っても、70点しか取れなかった。,"donna ni ganbatte mo, 70 ten shika torenakatta.","No matter how hard I tried, I never got more than 70 points."
1835,20,どんなに〜ても,,どんなに〜ても,no matter how (much) Verb (ても form),N3,48,2,どんなに苦しくても最後まで⾛り抜くつもりだ。,donna ni kurushiku temo saigo made hashiri nuku tsumori da.,"No matter how painful it may be, I plan to run all the way until the end."
1836,20,どんなに〜ても,,どんなに〜ても,no matter how (much) Verb (ても form),N3,48,3,どんなに暑くても寝る時はクーラーを消して寝る。,donna ni atsukutemo neru toki wa kuuraa o keshite neru.,"No matter how hot it is, I always turn off the air-conditioner when I go to bed."
1837,20,どんなに〜ても,,どんなに〜ても,no matter how (much) Verb (ても form),N3,48,4,あの⼈の名前はどんなに聞いても覚えられない。,ano hito no namae wa donna ni kiitemo oboerarenai.,I can't remember that person's name no matter how many times I hear it..
1838,20,どんなに〜ても,,どんなに〜ても,no matter how (much) Verb (ても form),N3,48,5,どんなに好きでも、それを伝えなければ始まらない。,"donna ni suki demo, sore o tsutae nakereba hajimaranai.","No matter how much you may like them, if you don't let them know nothing will ever"
1839,20,どんなに〜ても,,どんなに〜ても,no matter how (much) Verb (ても form),N3,48,6,ギターを習い始めたがどんなに練習しても全然うまくならない。,gitaa o narai hajimeta ga donna ni renshuu shitemo zenzen umaku naranai.,I’ve started taking guitar lessons but I’m not getting any better no matter how much I
1840,20,どんなに〜ても,,どんなに〜ても,no matter how (much) Verb (ても form),N3,48,7,ランナーはどんなに苦しくても諦めませんでした。,rannaa wa donna ni kurushikutemo akirame masendeshita.,The runners didn't give up no matter how painful things got.
1841,20,どんなに〜ても,,どんなに〜ても,no matter how (much) Verb (ても form),N3,48,8,彼⼥の⾔っていることはどんなに考えてもおかしい。,kanojo no itteiru koto wa donna ni kangaetemo okashii.,"No matter how hard I think about what she's saying, it's still a bit strange."
1842,20,どんなに〜ても,,どんなに〜ても,no matter how (much) Verb (ても form),N3,48,9,⾃分の仕事がどんなに⾟くても、⼀⽇なら、誰でもできる。,"jibun no shigoto ga donna ni tsurakute mo, ichinichi nara, dare demo dekiru.","No matter how difficult one's job may be, anyone can get through one day."
1843,21,どうしても,,どうしても,no matter what; at any cost; after all どうしても phrase,N3,50,1,私はどうしても⾃分の家がほしい。,watashi wa doushitemo jibun no ie ga hoshii.,I really want to have my own house (to the point I'd do anything).
1844,21,どうしても,,どうしても,no matter what; at any cost; after all どうしても phrase,N3,50,2,どうしても⾞が動かなかったので私たちは歩いて⾏くことにした。,doushitemo kuruma ga ugokana katta no de watashi tachi wa arute iku koto ni shita.,"No matter what we tried the car wouldn't start, so finally we decided to go on foot."
1845,21,どうしても,,どうしても,no matter what; at any cost; after all どうしても phrase,N3,50,3,どうしても彼⼥の電話番号が思い出せない。,doushitemo kanojo no denwa bangou ga omoi dasenai.,I can't for the life of me remember her phone number.
1846,21,どうしても,,どうしても,no matter what; at any cost; after all どうしても phrase,N3,50,4,他の問題はできたのだが、この問題だけはどうしても解けない。,"hokano mondai wa dekita no daga, kono mondai dake wa doushitemo tokenai.","I was able to do the other problems, but this one I cannot solve no matter how hard I"
1847,21,どうしても,,どうしても,no matter what; at any cost; after all どうしても phrase,N3,50,5,どうしても来られないときは連絡してください。,doushitemo korarenai toki wa renraku shite kudasai.,Please contact me when you are not able to come.
1848,21,どうしても,,どうしても,no matter what; at any cost; after all どうしても phrase,N3,50,6,あなたはそれがどうしても必要なら再度連絡をください。,anata wa sore ga doushitemo hitsuyou nara saido renraku o kudasai.,"If you need that no matter what, please contact me again."
1849,21,どうしても,,どうしても,no matter what; at any cost; after all どうしても phrase,N3,50,7,彼⼥は怒っている時は⺟親の⾔うことをどうしても聞こうとしない。,kanojo wa okotte iru toki wa hahaoya no iu koto o doushitemo kikou to shinai.,"When she is angry, she never even tries to listen to what her mother is saying."
1850,21,どうしても,,どうしても,no matter what; at any cost; after all どうしても phrase,N3,50,8,"何度も計算してみたんだが, どうしても帳尻が合わない。","nando mo keisan shite mitan da ga, doushitemo choujiri ga awanai.","I tried to calculate it countless times, but no matter what I try I cannot get the accounts"
1851,22,ふりをする,,ふりをする,to pretend; to act as if~ Verb (casual),N3,52,1,彼は聞こえないふりをした。,kare wa kikoenai furi o shita.,He pretended to not hear.
1852,22,ふりをする,,ふりをする,to pretend; to act as if~ Verb (casual),N3,52,2,宿題をし終わったふりをしてテレビを⾒ている。,shukudai o shiowatta furi o shite terebi o miteiru.,I am pretending that I finished my homework and watching TV.
1853,22,ふりをする,,ふりをする,to pretend; to act as if~ Verb (casual),N3,52,5,知らないふりをしているけど本当は知っているでしょう︖,shiranai furi o shiteiru kedo hontou wa shitteiru deshou?,"You're just pretending to not know, but really you do. Right?"
1854,23,ふと,,ふと,suddenly; accidentally; unexpectedly; ふと action,N3,54,1,ふと街で彼に会った。,futo machi de kare ni atta.,I met him in the street by chance.
1855,23,ふと,,ふと,suddenly; accidentally; unexpectedly; ふと action,N3,54,2,学校に⾏く途中、ふと今⽇は⺟の誕⽣⽇だったことを思い出した。,"gakkou ni iku tochuu, futo kyou wa haha no tanjoubi datta koto o omoidashita.",On my way to school I suddenly remembered that today was my mother's birthday.
1856,23,ふと,,ふと,suddenly; accidentally; unexpectedly; ふと action,N3,54,3,財布がないのにふと気がついた。,saifu ga nai no ni futo ki ga tsuita.,He suddenly realized he had lost his wallet.
1857,23,ふと,,ふと,suddenly; accidentally; unexpectedly; ふと action,N3,54,4,私はあの店で珍しいものをふと⾒つけた。,watashi wa ano mise de mezurashii mono o futo mitsuketa.,I came across a rare item at that store.
1858,23,ふと,,ふと,suddenly; accidentally; unexpectedly; ふと action,N3,54,5,素晴らしい考えがふと⼼に浮かんだ。,subarashii kangae ga kokoro ni ukanda.,A brilliant idea just occurred to me.
1859,23,ふと,,ふと,suddenly; accidentally; unexpectedly; ふと action,N3,54,6,彼はわざとそうしたのだとふと私は思った。,kare wa wazato sou shita no da to futo watashi wa omotta.,It just occurred to me that he had done it on purpose.
1860,23,ふと,,ふと,suddenly; accidentally; unexpectedly; ふと action,N3,54,7,彼⼥はふと名案を思いついた。,kanojo wa futo meian o omoitsuita.,She hit on a good idea.
1861,23,ふと,,ふと,suddenly; accidentally; unexpectedly; ふと action,N3,54,8,仕事中に、ふと窓の外を⾒ると、⾬が降り始めていた。,"shigoto chuu ni, futo mado no soto o miru to, ame ga furi hajimeteita.","During my work, I suddenly looked out the window and noticed it had started raining."
1862,24,がち,,がち,tend to; tendency to; frequently; often; to do Noun,N3,56,1,私は、仕事でミスしがちです。,"watashi wa, shigoto de misu shi gachi desu.",I tend to make a lot of mistakes at work.
1863,24,がち,,がち,tend to; tendency to; frequently; often; to do Noun,N3,56,2,彼⼥は、学校をサボりがちです。,"kanojo wa, gakkou o sabori gachi desu.",She's always skipping school.
1864,24,がち,,がち,tend to; tendency to; frequently; often; to do Noun,N3,56,3,ずっと曇りがちの天気が続いている。,zutto kumori gachi no tenki ga tsuzuiteiru.,The constant cloudy weather keeps continuing.
1865,24,がち,,がち,tend to; tendency to; frequently; often; to do Noun,N3,56,4,パソコンの使いすぎで⽬が疲れがちです。,pasokon no tsukai sugi de me ga tsukare gachi desu.,My eyes tend to get tired from using computers too much.
1866,24,がち,,がち,tend to; tendency to; frequently; often; to do Noun,N3,56,5,⼀⼈暮らしなので、コンビニ弁当ばかり⾷べがちだ。,"hitorigurashi nano de, konbini bentou bakari tabe gachi da.","I live alone, so I tend to only eat meals from the convenience store."
1867,24,がち,,がち,tend to; tendency to; frequently; often; to do Noun,N3,56,6,最近、彼⼥は仕事を休みがちだ。,"saikin, kanojo wa shigoto o yasumi gachi da.",She has been taking a lot of days off of work recently.
1868,24,がち,,がち,tend to; tendency to; frequently; often; to do Noun,N3,56,7,私は⼦どもの頃、病気がちだった。,"watashi wa kodomo no koro, byouki gachi datta.",I had a tendency to become sick when I was a child.
1869,24,がち,,がち,tend to; tendency to; frequently; often; to do Noun,N3,56,8,私は空腹の時は機嫌が悪くなりがちだ。,watashi wa kuufuku no toki wa kigen ga waruku nari gachi da.,"When I am hungry, I easily get into a bad mood."
1870,25,がたい,,がたい,very difficult to; impossible to Verb ます (stem form) がたい,N3,58,1,信じがたいことだが、これは事実だ。,"shinji gatai koto daga, kore wa jijitsu da.","This may be hard to believe, but this is the truth."
1871,25,がたい,,がたい,very difficult to; impossible to Verb ます (stem form) がたい,N3,58,2,許しがたいことです。,yurushi gatai koto desu.,This is an unforgivable act.
1872,25,がたい,,がたい,very difficult to; impossible to Verb ます (stem form) がたい,N3,58,3,彼の話は信じがたい内容でした。,kare no hanashi wa shinji gatai naiyou deshita.,His story's contents were impossible to believe.
1873,25,がたい,,がたい,very difficult to; impossible to Verb ます (stem form) がたい,N3,58,4,彼⼥は美⼈だから近寄りがたい。,kanojo wa bijin dakara chikayori gatai.,"She's so beautiful, It's impossible for me to approach her."
1874,25,がたい,,がたい,very difficult to; impossible to Verb ます (stem form) がたい,N3,58,5,⼦どもに対する犯罪は許しがたい。,kodomo ni tai suru hanzai wa yurushi gatai.,Crimes against children are unforgivable.
1875,25,がたい,,がたい,very difficult to; impossible to Verb ます (stem form) がたい,N3,58,6,これは正解ではないが、間違っているとも⾔いがたい。,"kore wa sekai de wa nai ga, machigatteiru tomo ii gatai.","This isn't the correct answer, but I can't say it's a mistake either."
1876,25,がたい,,がたい,very difficult to; impossible to Verb ます (stem form) がたい,N3,58,7,信じがたい事かもしれませんが、彼⼥できました︕,"shinji gatai koto kamo shiremasen ga, kanojo dekimashita.","This may be hard to believe, but I got a girlfriend!"
1877,25,がたい,,がたい,very difficult to; impossible to Verb ます (stem form) がたい,N3,58,8,まだまだ完全に景気が回復したとは⾔いがたい。,madamada kanzen ni keiki ga kaifuku shita to wa iigatai.,It's still not possible to say that the economy has fully recovered.
1878,26,気味,ぎみ,気味 (ぎみ),-like; -looking; -looked; tending to Verb ます (stem form) 気味,N3,60,1,彼は⼈の名前を忘れ気味である。,kare wa hito no namae o wasure gimi de aru.,He is apt to forget people's names.
1879,26,気味,ぎみ,気味 (ぎみ),-like; -looking; -looked; tending to Verb ます (stem form) 気味,N3,60,2,昨夜、彼は⾵邪気味だった。,"sakuya, kare wa kaze gimi datta.",He had a bit of a cold last night.
1880,26,気味,ぎみ,気味 (ぎみ),-like; -looking; -looked; tending to Verb ます (stem form) 気味,N3,60,3,⾵邪気味で、熱っぽいんだ。,"kaze gimi de, netsu ppoi nda.","I feel like I'm catching a cold, and I'm a bit feverish."
1881,26,気味,ぎみ,気味 (ぎみ),-like; -looking; -looked; tending to Verb ます (stem form) 気味,N3,60,4,残業続きで疲れ気味だ。,zangyou tsuzuki de tsukare gimi da.,I'm feeling a bit tired due to continued overtime work.
1882,26,気味,ぎみ,気味 (ぎみ),-like; -looking; -looked; tending to Verb ます (stem form) 気味,N3,60,5,新⼊社員は緊張気味の顔をしています。,shinnyuu shain wa kinchou gimi no kao o shiteimasu.,The new employee looks a little bit nervous.
1883,26,気味,ぎみ,気味 (ぎみ),-like; -looking; -looked; tending to Verb ます (stem form) 気味,N3,60,6,彼⼥は遠慮気味にそう⾔った。,kanojo wa enryo gimi ni sou itta.,She said that hesitantly.
1884,26,気味,ぎみ,気味 (ぎみ),-like; -looking; -looked; tending to Verb ます (stem form) 気味,N3,60,7,私も最近太り気味なので、運動しないといけません。,"watashi mo saikin futori gimi nano de, undou shinaito ikemasen.",I also tend to gain weight recently so I have to exercise.
1885,26,気味,ぎみ,気味 (ぎみ),-like; -looking; -looked; tending to Verb ます (stem form) 気味,N3,60,8,本⽇の株価は下がり気味です。,honjitsu no kabuka wa sagari gimi desu.,The stock prices are on the low side today.
1886,27,ごとに,,ごとに,each; every; at intervals of Verb (dictionary form),N3,62,1,バスは１０分ごとに通っている。,basu wa 10 pun goto ni kayotteiru.,The buses run every 10 minutes.
1887,27,ごとに,,ごとに,each; every; at intervals of Verb (dictionary form),N3,62,2,オリンピックは４年ごとに開催される。,orinpikku wa yon nen goto ni kaisai sareru.,The Olympics are held every 4 years.
1888,27,ごとに,,ごとに,each; every; at intervals of Verb (dictionary form),N3,62,3,彼は6か⽉ごとに新作の⼩説を出している。,kare wa 6 ka getsu goto ni shinsaku no shousetsu o dashiteiru.,He puts out a new short novel every 6 months.
1889,27,ごとに,,ごとに,each; every; at intervals of Verb (dictionary form),N3,62,4,このフェリーは３０分ごとに通っている。,kono ferii wa 30 pun goto ni kayotteiru.,This ferry runs every 30 minutes.
1890,27,ごとに,,ごとに,each; every; at intervals of Verb (dictionary form),N3,62,5,彼は⼟曜ごとに恋⼈に会っている。,kare wa doyou goto ni koibito ni atteiru.,He meets his girlfriend on Saturdays.
1891,27,ごとに,,ごとに,each; every; at intervals of Verb (dictionary form),N3,62,6,⽇ごとに暖かくなっている。,hi goto ni atatakaku natteiru.,It's getting warmer by the day.
1892,27,ごとに,,ごとに,each; every; at intervals of Verb (dictionary form),N3,62,7,このシステムは半年ごとにアップデートされる。,kono shisutemu wa hantoshi goto ni appudeeto sareru.,This system is updated every half year.
1893,27,ごとに,,ごとに,each; every; at intervals of Verb (dictionary form),N3,62,8,地球は24時間ごとに１回⾃転する。,chikyuu wa 24 jikan goto ni ikkai jiten suru.,The earth rotates once every 24 hours.
1894,28,ほど,,ほど,"degree; extent; bounds; upper limit Verb (casual, non-past)",N3,64,1,君ほど美しい⼈はいません︕,kimi hodo utsukushii hito wa imasen.,There is no one that rivals your beauty.
1895,28,ほど,,ほど,"degree; extent; bounds; upper limit Verb (casual, non-past)",N3,64,2,死ぬほどのどがかわいている。,shinu hodo nodo ga kawaiteiru.,I'm so thirsty I could die..
1896,28,ほど,,ほど,"degree; extent; bounds; upper limit Verb (casual, non-past)",N3,64,3,今年ほど⾬の降った年はなかった。,kotoshi hodo ame no futta toshi wa nakatta.,It rained more this year than any other year.
1897,28,ほど,,ほど,"degree; extent; bounds; upper limit Verb (casual, non-past)",N3,64,4,年をとるほど体が弱くなる。,toshi o toru hodo karada ga yowaku naru.,My body becomes weaker as I grow older.
1898,28,ほど,,ほど,"degree; extent; bounds; upper limit Verb (casual, non-past)",N3,64,5,ビックリするほど⼤きい⾚ちゃん。,bikkuri suru hodo ookii akachan.,The child was surprisingly large.
1899,28,ほど,,ほど,"degree; extent; bounds; upper limit Verb (casual, non-past)",N3,64,7,彼はあなたの⽗親でもおかしくないほど年上だ。,kare wa anata no chichioya demo okashikunai hodo toshiue da.,He's old enough to be your dad.
1900,28,ほど,,ほど,"degree; extent; bounds; upper limit Verb (casual, non-past)",N3,64,8,駅に近いほど家賃が⾼い。,eki ni chikai hodo yachin ga takai.,"The closer to the station, the more expensive the rent."
1901,29,ほど〜ない,,ほど〜ない,is not as… as Verb (ない form),N3,66,1,彼⼥ほど優しい⼈はいない。,kanojo hodo yasashii hito wa inai.,There’s no one as kind as her.
1902,29,ほど〜ない,,ほど〜ない,is not as… as Verb (ない form),N3,66,2,英語の⽂法は⽇本語ほど難しくありません。,eigo no bunpou wa nihongo hodo muzukashiku arimasen.,English grammar is not as difficult as Japanese grammar.
1903,29,ほど〜ない,,ほど〜ない,is not as… as Verb (ない form),N3,66,3,東京ほど家賃の⾼いところはない。,toukyou hodo yachin no takai tokoro wa nai.,No city has higher rent than Tokyo.
1904,29,ほど〜ない,,ほど〜ない,is not as… as Verb (ない form),N3,66,4,私ほどあなたのことを⼤切に思っている⼈はいないだよ。,watashi hodo anata no koto o taisetsu ni omotte iru hito wa inain da.,No one cares for you as much as I do.
1905,29,ほど〜ない,,ほど〜ない,is not as… as Verb (ない form),N3,66,5,彼ほど頭のいい⼈はいない。,kare hodo atama no ii hito wa inai.,There is nobody as clever as he is.
1906,29,ほど〜ない,,ほど〜ない,is not as… as Verb (ない form),N3,66,6,⽇本ほど治安のいい国はあまりない。,nihon hodo chian no ii kuni wa amari nai.,There are not many countries with public safety as good as Japan's.
1907,29,ほど〜ない,,ほど〜ない,is not as… as Verb (ない form),N3,66,7,私は妹ほど両親に愛されていない。,watashi wa imouto hodo ryoushin ni ai sarete inai.,My parents don’t love me as much as they love my younger sister.
1908,29,ほど〜ない,,ほど〜ない,is not as… as Verb (ない form),N3,66,8,彼⼥のことは好きなことは好きだが、結婚したいほどではない。,"kanojo no koto wa suki na koto wa suki da ga, kekkon shitai hodo dewanai.","Although I love her, it’s not like I want to marry her."
1909,29,ほど〜ない,,ほど〜ない,is not as… as Verb (ない form),N3,66,9,健康ほど⼤切なものはないと⾔われている。,kenkou hodo taisetsu na mono wa nai to iwarete iru.,It is said that nothing is more important than health.
1910,30,いちどに,,いちどに,all at once ⼀度に phrase,N3,68,1,彼は⼀度にクッキーを3つ取った。,kare wa ichido ni kukkii o mitsu totta.,He took 3 cookies at once.
1911,30,いちどに,,いちどに,all at once ⼀度に phrase,N3,68,2,⼀度に３冊の本を借りることが出来ます。,ichido ni 3 satsu no hon o kariru koto ga dekimasu.,You can borrow three books at a time.
1912,30,いちどに,,いちどに,all at once ⼀度に phrase,N3,68,3,⼀度に全部はできないよ。,ichido ni zenbu wa dekinai yo.,You can't do everything at once.
1913,30,いちどに,,いちどに,all at once ⼀度に phrase,N3,68,4,彼は⼀度に６個の箱を運んだ。,kare wa ichido ni rokko no hako o hakonda.,He carried six boxes at once.
1914,30,いちどに,,いちどに,all at once ⼀度に phrase,N3,68,5,その薬品は⼀度に全部使⽤しなければなりません。,sono yakuhin wa ichido ni zenbu shiyou shinakereba narimasen.,You must use all of that medicine at the same time.
1915,30,いちどに,,いちどに,all at once ⼀度に phrase,N3,68,6,私はそれらを⼀度にまとめて注⽂したい。,watashi wa sorera o ichido ni matomete chuumon shitai.,I want to order those all together.
1916,30,いちどに,,いちどに,all at once ⼀度に phrase,N3,68,7,⼀度に⼆つの計画を試してはいけない。,ichido ni futatsu no keikaku o tameshite wa ikenai.,You should't attempt two projects at the same time.
1917,30,いちどに,,いちどに,all at once ⼀度に phrase,N3,68,8,このエレベーターは⼀度に１０⼈くらい運べる。,kono erebeetaa wa ichido ni 10 nin kurai hakoberu.,This elevator can carry about 10 people at once.
1918,31,いくら〜ても,,いくら〜ても,no matter how~ Verb (ても form),N3,70,1,お⾦はいくらあっても困りません。,okane wa ikura attemo komarimasen.,You can never have too much money.
1919,31,いくら〜ても,,いくら〜ても,no matter how~ Verb (ても form),N3,70,2,これはいくら安くても、買いたくない。,"kore wa ikura yasukutemo, kaitakunai.","No matter how cheap this is, I don't want to buy it."
1920,31,いくら〜ても,,いくら〜ても,no matter how~ Verb (ても form),N3,70,3,いくら調べても分からなかったので、先⽣に聞いた。,"ikura shirabetemo wakaranakatta node, sensei ni kiita.","I could not understand no matter how much I studied, so I asked my teacher."
1921,31,いくら〜ても,,いくら〜ても,no matter how~ Verb (ても form),N3,70,4,これは必要なので、いくら⾼くても買います。,"kore wa hitsuyou na node, ikura takakutemo kaimasu.",I need it so I’ll buy it now matter how expensive it is.
1922,31,いくら〜ても,,いくら〜ても,no matter how~ Verb (ても form),N3,70,5,いくら好きでも、それを伝えなければ始まらない。,"ikura suki demo, sore o tsutae nakereba hajimaranai.","No matter how much you may like them, if you don't let them know nothing will ever"
1923,31,いくら〜ても,,いくら〜ても,no matter how~ Verb (ても form),N3,70,6,⽣活のために仕事はいくら嫌いでもやらなければならない。,seikatsu no tame ni shigoto wa ikura kirai demo yarana kereba naranai.,"No matter how much you may hate your job, you have to do it to maintain your"
1924,31,いくら〜ても,,いくら〜ても,no matter how~ Verb (ても form),N3,70,7,私はいくらお酒を飲んでも顔⾊が変わらない。,watashi wa ikura osake o nondemo kaoiro ga kawaranai.,"No matter how much I drink, my complexion does not change."
1925,31,いくら〜ても,,いくら〜ても,no matter how~ Verb (ても form),N3,70,8,いくら好きでもコーラーをたくさん飲むと、⾝体に悪いですよ。,ikura sukidemo kooraa o takusan nomu to shintai ni warui desu yo.,"No matter how much you love Coca-cola, it’s not good for your health if you drink too"
1926,32,いっぽうだ,,いっぽうだ,more and more; continue to Verb (dictionary form) ⼀⽅だ,N3,72,1,最近、この町の⼈⼝は減る⼀⽅だ。,"saikin, kono machi no jinkou wa heru ippou da.",This town's population has been decreasing lately.
1927,32,いっぽうだ,,いっぽうだ,more and more; continue to Verb (dictionary form) ⼀⽅だ,N3,72,2,⽇本に来る外国⼈の数は増える⼀⽅だ。,nihon ni kuru gaikokujin no kazu wa fueru ippou da.,The number of foreigners coming to Japan continues to increase.
1928,32,いっぽうだ,,いっぽうだ,more and more; continue to Verb (dictionary form) ⼀⽅だ,N3,72,3,交通事故は増える⼀⽅だ。,koutsuu jiko wa fueru ippou da.,Traffic accidents have been on the rise.
1929,32,いっぽうだ,,いっぽうだ,more and more; continue to Verb (dictionary form) ⼀⽅だ,N3,72,4,私は全然勉強していないので、成績は下がる⼀⽅だ。,"watashi wa zenzen benkyou shite inai node, seiseki wa sagaru ippou da.",I never study and so my grades just keep dropping.
1930,32,いっぽうだ,,いっぽうだ,more and more; continue to Verb (dictionary form) ⼀⽅だ,N3,72,5,⽇本の⼈⼝はこのままだと減少する⼀⽅だと思います。,nihon no jinkou wa kono mama da to genshou suru ippou da to omoimasu.,"With Japan's population situation as it is, I think it will just continue to decline."
1931,32,いっぽうだ,,いっぽうだ,more and more; continue to Verb (dictionary form) ⼀⽅だ,N3,72,6,広告を出しているのに、お客さんは減る⼀⽅だ。,"koukoku o dashite iru no ni, o kyaku san wa heru ippou da.","Despite advertising, the number of customers is decreasing."
1932,32,いっぽうだ,,いっぽうだ,more and more; continue to Verb (dictionary form) ⼀⽅だ,N3,72,7,増税により、⽣活は苦しくなる⼀⽅だ。,"zouzei ni yori, seikatsu wa kurushiku naru ippou da.",Tax increases are making life harder.
1933,32,いっぽうだ,,いっぽうだ,more and more; continue to Verb (dictionary form) ⼀⽅だ,N3,72,8,地球環境は、年々悪くなる⼀⽅だ。,"chikyuu kankyou wa, nennen warukunaru ippou da.",The global environment is getting worse year after year.
1934,33,いったい,,いったい,emphasis; what on earth; what in the,N3,74,1,⼀体どこで彼に会ったんだ。,ittai doko de kare ni atta nda.,Where on earth did you meet him?
1935,33,いったい,,いったい,emphasis; what on earth; what in the,N3,74,2,あなたは⼀体何をしていますか︖,anata wa ittai nani o shite imasu ka?,What exactly are you doing?
1936,33,いったい,,いったい,emphasis; what on earth; what in the,N3,74,3,あの⼈は⼀体何の者だ︖,ano hito wa ittai nan no mono da?,Who in the world is that?
1937,33,いったい,,いったい,emphasis; what on earth; what in the,N3,74,4,彼⼥は⼀体どこに住んでいるだろう。,kanojo wa ittai doko ni sunde iru darou.,Where in the world does she live?
1938,33,いったい,,いったい,emphasis; what on earth; what in the,N3,74,5,⼀体誰が彼⼥にそんなことを⾔ったのか︖,ittai dare ga kanojo ni sonna koto o itta no ka?,Who could have said such a thing to her?
1939,33,いったい,,いったい,emphasis; what on earth; what in the,N3,74,6,この騒ぎは⼀体なんですか?,kono sawagi wa ittai nan desu ka?,What is this fuss all about?
1940,33,いったい,,いったい,emphasis; what on earth; what in the,N3,74,7,君が欲しいのは⼀体何だ。,kimi ga hoshii no wa ittai nan da?,What exactly is it that you want?
1941,33,いったい,,いったい,emphasis; what on earth; what in the,N3,74,8,⼀体彼の話は本当だろうか。,ittai kare no hanashi wa hontou darou ka?,Could his story possibly be true?
1942,34,じゃない,,じゃない,maybe; most likely; confirmation of Phrase じゃない,N3,76,1,トムさんも来るじゃない︖,tomu san mo kuru janai?,Tom will surely come as well?
1943,34,じゃない,,じゃない,maybe; most likely; confirmation of Phrase じゃない,N3,76,2,あそこにいる⼈って、⽥中先⽣じゃない︖,"asoko ni iru hito tte, tanaka sensei janai.",Isn't that person over there Mr. Tanaka?
1944,34,じゃない,,じゃない,maybe; most likely; confirmation of Phrase じゃない,N3,76,3,やればできるじゃない。,yareba dekiru janai.,I didn't think you had it in you.
1945,34,じゃない,,じゃない,maybe; most likely; confirmation of Phrase じゃない,N3,76,4,彼は今度も来ないんじゃないかな。,kare wa kondo mo konai n janai kana.,I don't think he'll come this time either.
1946,34,じゃない,,じゃない,maybe; most likely; confirmation of Phrase じゃない,N3,76,5,ちょっと︕危ないじゃない。,chotto! abunai janai.,"Be careful, that's dangerous!"
1947,34,じゃない,,じゃない,maybe; most likely; confirmation of Phrase じゃない,N3,76,6,リモコン︖テーブルの上にあるんじゃない︖,rimokon? teeburu no ue ni arun janai?,The remote control? Isn't it on top of the table?
1948,34,じゃない,,じゃない,maybe; most likely; confirmation of Phrase じゃない,N3,76,7,明⽇⾬が降るんじゃないかと⼼配だ。,ashita ame ga furun janai ka to shinpai da.,I'm worried it might rain tomorrow.
1949,35,か何か,かなにか,か何か (かなにか),or something Noun か何か,N3,78,1,彼は病気か何かだろう。,kare wa byouki ka nani ka darou.,He must be sick or something.
1950,35,か何か,かなにか,か何か (かなにか),or something Noun か何か,N3,78,2,オレンジジュースか何か欲しいな。,orenji juusu ka nani ka hoshii na.,I want some orange juice or something.
1951,35,か何か,かなにか,か何か (かなにか),or something Noun か何か,N3,78,3,私はアイスクリームか何か⾷べたいです。,watashi wa aisu kuriimu ka nani ka tabetai desu.,I want to eat ice cream or something.
1952,35,か何か,かなにか,か何か (かなにか),or something Noun か何か,N3,78,4,帰りは寒いから上着か何か持っていった⽅がいいよ 。,kaeri wa samui kara uwagi ka nani ka motte itta hou ga ii yo.,"It will be cold when you come back, so you'd best bring a jacket or something."
1953,35,か何か,かなにか,か何か (かなにか),or something Noun か何か,N3,78,5,昼ご飯はサンドイッチか何かを作ってあげましょうか。,hiru gohan wa sandoicchi ka nani ka tsukutte agemashou ka.,I'll fix a sandwich or something for your lunch?
1954,35,か何か,かなにか,か何か (かなにか),or something Noun か何か,N3,78,6,お急ぎでなかったら、お茶か何かいかがですか。,"oisogi de nakattara, ocha ka nani ka ikaga desu ka?","If you’re not in a hurry, how about cup of tea or something?"
1955,35,か何か,かなにか,か何か (かなにか),or something Noun か何か,N3,78,7,彼は病気か何かだったのですか。頭がちょっとおかしいだね。,kare wa byouki ka nani ka datta no desu ka? atama ga chotto okashii desu ne.,Is he sick or something? His mind seems a little bit off..
1956,36,かける,,かける,half-; not yet finished; in the middle of~,N3,80,1,お⾵呂に⼊りかけたときに電話が鳴った。,ofuro ni hairi kaketa toki ni denwa ga natta.,The phone rang when I was about to get in the bath.
1957,36,かける,,かける,half-; not yet finished; in the middle of~,N3,80,2,この本はまだ読みかけだ。,kono hon wa mada yomikake da.,I haven’t finished this book yet.
1958,36,かける,,かける,half-; not yet finished; in the middle of~,N3,80,3,テーブルの上に⾷べかけのケーキが置いてある。,teeburu no ue ni tabe kake no keeki ga oitearu.,The half-finished cake is put on the table.
1959,36,かける,,かける,half-; not yet finished; in the middle of~,N3,80,4,彼は何か⼤事そうなことを⾔いかけて、やめてしまった。,"kare wa nani ka daiji souna koto o ii kakete, yamete shimatta.",He stopped in the middle of saying something that sounded important.
1960,36,かける,,かける,half-; not yet finished; in the middle of~,N3,80,6,キムさんは何か⾔いかけたが、そのまま黙ってしまった。,"kimu san wa nanika ii kaketa ga, sono mama damatte shimatta.",Mr. Kim was in the middle of saying something when he stopped and became quiet.
1961,36,かける,,かける,half-; not yet finished; in the middle of~,N3,80,7,息⼦はやりかけの宿題をおいて、遊びに出かけてしまった。,"musuko wa yari kakeno shukudai o oite, asobi ni dekakete shimatta.",My son went out to play without finishing his homework.
1962,36,かける,,かける,half-; not yet finished; in the middle of~,N3,80,8,⾵邪が治りかけている時に無理をすると、また悪くなりますよ。,"kaze ga naori kakete iru toki ni muri o suru to, mata waruku narimasu yo.",If you push yourself too hard before you recover from your cold it will just get worse
1963,36,かける,,かける,half-; not yet finished; in the middle of~,N3,80,9,まだ病気が治りかけなのに無理をするから、悪くなるんだよ。,"mada byouki ga naori kake nano ni muri o suru kara, waruku naru nda yo.","You push yourself too hard when you're still in the middle of healing from your illness,"
1964,37,から〜にかけて,,から〜にかけて,through; from [A] to [B] Noun-1 から Noun-2 にかけて,N3,82,1,東京から京都にかけて新幹線で⾏くのは何時間かかるの︖,toukyou kara kyouto ni kakete shinkansen de iku no wa nan jikan kakaru no?,How long does it take to get from Tokyo to Kyoto by bullet train?
1965,37,から〜にかけて,,から〜にかけて,through; from [A] to [B] Noun-1 から Noun-2 にかけて,N3,82,2,午後から⼣⽅にかけて昼寝をした。,gozen kara yuugata ni kakete hirune o shita.,I took a nap from morning until evening.
1966,37,から〜にかけて,,から〜にかけて,through; from [A] to [B] Noun-1 から Noun-2 にかけて,N3,82,3,⽇本では、⼤学の⼊学試験は、普通２⽉から３⽉にかけて⾏われる。,"nihon dewa, daigaku no nyuugaku shiken wa, futsuu nigatsu kara sangatsu ni kakete",okonawareru.
1967,37,から〜にかけて,,から〜にかけて,through; from [A] to [B] Noun-1 から Noun-2 にかけて,N3,82,4,明⽇は昼から⼣⽅にかけて⾬でしょう。,ashita wa hiru kara yuugata ni kakete ame deshou.,Tomorrow it will rain from noon through late afternoon.
1968,37,から〜にかけて,,から〜にかけて,through; from [A] to [B] Noun-1 から Noun-2 にかけて,N3,82,6,この服は、春から夏にかけて多くの⼈に着られています。,"kono fuku wa, haru kara natsu ni kakete ooku no hito ni kirarete imasu.",This clothing is worn by many people from spring to summer.
1969,37,から〜にかけて,,から〜にかけて,through; from [A] to [B] Noun-1 から Noun-2 にかけて,N3,82,8,関東地⽅から北海道にかけて台⾵による被害が広がっています。,kantou chihou kara hokkaidou ni kakete taifuu ni yoru higai ga hirogatte imasu.,Typhoon damage has spread from the Kanto region to Hokkaido.
1970,38,代わりに,かわりに,代わりに (かわりに),instead of; as a substitute for ; in exchange Verb (casual),N3,84,1,私が部⻑の代わりに出張に⾏きます。,watashi ga buchou no kawari ni shucchou ni ikimasu.,I will go on a business trip on behalf of my manager.
1971,38,代わりに,かわりに,代わりに (かわりに),instead of; as a substitute for ; in exchange Verb (casual),N3,84,2,今朝はコーヒーの代わりにお茶を飲んだ。,kesa wa koohii no kawari ni ocha o nonda.,"This morning, I drank tea instead of coffee."
1972,38,代わりに,かわりに,代わりに (かわりに),instead of; as a substitute for ; in exchange Verb (casual),N3,84,3,昨⽇残業した代わりに、今⽇は少し早く帰っていいと⾔われた。,"kinou zangyou shita kawari ni, kyou wa sukoshi hayaku kaette ii to iwareta.","In exchange for working overtime yesterday, I was told I could leave a little earlier"
1973,38,代わりに,かわりに,代わりに (かわりに),instead of; as a substitute for ; in exchange Verb (casual),N3,84,4,今⽇は仕事へ⾞で⾏く代わりに⾃転⾞で⾏った。,kyou wa shigoto e iku kawari ni jitensha de itta.,"Today, instead of going to work by car, I went by bicycle."
1974,38,代わりに,かわりに,代わりに (かわりに),instead of; as a substitute for ; in exchange Verb (casual),N3,84,5,お箸がないので、その代わりにフォークを使う。,"ohashi ga nai no de, sono kawari ni fooku o tsukau.","Since I do not have any chopsticks, I will use a fork instead"
1975,38,代わりに,かわりに,代わりに (かわりに),instead of; as a substitute for ; in exchange Verb (casual),N3,84,6,⾞で来たので、ビールの代わりにコーラをください。,"kuruma de kita no de, biiru no kawari ni koora o kudasai.","Since I came by car, I will have a cola instead of beer."
1976,38,代わりに,かわりに,代わりに (かわりに),instead of; as a substitute for ; in exchange Verb (casual),N3,84,7,仕事は毎⽇とても忙しい代わりに、給料がいい。,"shigoto wa mainichi totemo isogashii kawari ni, kyuuryou ga ii.","My work is very busy every day, but in return the pay is good."
1977,38,代わりに,かわりに,代わりに (かわりに),instead of; as a substitute for ; in exchange Verb (casual),N3,84,8,最近は、メールの代わりにLINEで連絡をとる⼈が増えている。,"saikin wa, meeru no kawari ni LINE de renraku o toru hito ga fueteiru.","Lately, the number of people using LINE instead of email for contacting others is"
1978,39,結果,けっか,結果 (けっか),"as a result of; after Verb (casual, past)",N3,86,1,彼は仕事をサボった結果として⾸になった。,kare wa shigoto o sabotta kekka toshite kubi ni natta.,"As a result of him skipping work, he was fired."
1979,39,結果,けっか,結果 (けっか),"as a result of; after Verb (casual, past)",N3,86,2,みんなで相談した結果、今回は参加しないことにした。,"minna de soudan shita kekka, konkai wa sanka shinai koto ni shita.","After consulting with everyone, I've decided to not participate this time."
1980,39,結果,けっか,結果 (けっか),"as a result of; after Verb (casual, past)",N3,86,3,ほとんど勉強をしなかった。その結果、試験に落ちてしまった。,"hotondo benkyou o shinakatta. sono kekka, shiken ni ochite shimatta.","I barely studied. As a result, I failed my exam."
1981,39,結果,けっか,結果 (けっか),"as a result of; after Verb (casual, past)",N3,86,4,これは君の努⼒の結果だと思います。,kore wa kimi no doryoku no kekka da to omoimasu.,I think this is a result of your hard effort.
1982,39,結果,けっか,結果 (けっか),"as a result of; after Verb (casual, past)",N3,86,5,毎⽇ご飯の量を減らした結果、1ヶ⽉で3キロ体重が減った。,"mainichi gohan no ryou o herashita kekka, ikkagetsu de san kiro taijuu ga hetta.","As a result of reducing the amount of food I eat every day, I lost 3 kilograms after 1"
1983,39,結果,けっか,結果 (けっか),"as a result of; after Verb (casual, past)",N3,86,6,半年ダイエットを続けた。その結果、10キロをやせた。,"hantoshi daietto o tsuzuketa. sono kekka, juu kiro o yaseta.","I continued to diet for half a year. As a result, I lost 10 kilos."
1984,39,結果,けっか,結果 (けっか),"as a result of; after Verb (casual, past)",N3,86,7,兄は、⼈の何倍も努⼒した。その結果、⼤学で成功した。,"ani wa, hito no nanbai mo doryoku shita. sono kekka, daigaku de seikou shita.","My older brother worked way harder than anyone else. As a result, he has succeeded in"
1985,39,結果,けっか,結果 (けっか),"as a result of; after Verb (casual, past)",N3,86,8,無理をした結果、体を壊して⼊院することになった。,"muri o shita kekka, karada o kowashite nyuuin suri koto ni natta.","As a result of overdoing it, I ended up in the hospital."
1986,39,結果,けっか,結果 (けっか),"as a result of; after Verb (casual, past)",N3,86,9,私たちは話し合った結果、それは不要と考える。,"watashitachi wa hanashiatta kekka, sore wa fuyou to kangaeru.","As a result of what we discussed, we believe that is unnecessary."
1987,39,結果,けっか,結果 (けっか),"as a result of; after Verb (casual, past)",N3,86,10,料⾦を10％安くした結果、利⽤者がいつもより30％も増えた。,"ryoukin o 10% yasuku shita kekka, riyousha ga itsumo yori 30% mo fueta.","As a result of reducing the fee by 10%, there was an increase of 30% of users."
1988,40,結局,けっきょく,結局 (けっきょく),after all; eventually; in the end (phrase) 結局（は） conclusion,N3,88,1,結局彼はそれを買わなかった。,kekkyoku kare wa sore o kawanakatta.,He didn't buy it in the end.
1989,40,結局,けっきょく,結局 (けっきょく),after all; eventually; in the end (phrase) 結局（は） conclusion,N3,88,2,友⼈から何度も誘われたが、結局⾏かないことにした。,"yuujin kara nando mo sasowareta ga, kekkyoku ikanai koto ni shita.","I was invited by my good friend countless times, but ultimately decided not to go."
1990,40,結局,けっきょく,結局 (けっきょく),after all; eventually; in the end (phrase) 結局（は） conclusion,N3,88,3,私たちは結局この試合に負けてしまった。,watashitachi wa kekkyoku kono shiai ni makete shimatta.,"In the end, we lost this match."
1991,40,結局,けっきょく,結局 (けっきょく),after all; eventually; in the end (phrase) 結局（は） conclusion,N3,88,4,彼は働きすぎて、結局は病気になってしまった。,"kare wa hatarakisugite, kekkyoku wa byouki ni natte shimatta.",He worked so hard that eventually he made himself ill.
1992,40,結局,けっきょく,結局 (けっきょく),after all; eventually; in the end (phrase) 結局（は） conclusion,N3,88,5,お昼は何を⾷べようかと考えていたけど、結局ハンバーガーにした。,"ohiru wa nani o tabeyou ka to kangaeteita kedo, kekkyoku hanbaagaa ni shita.","I was thinking about what I should eat for lunch, but ended up getting a hamburger."
1993,40,結局,けっきょく,結局 (けっきょく),after all; eventually; in the end (phrase) 結局（は） conclusion,N3,88,6,2時間も会議をしたのに、結局何も決まらないで終わってしまった。,"ni jikan mo kaigi o shita no ni, kekkyoku nanimo kimaranai de owatte shimatta.","We had a meeting for 2 hours, but it ultimately ended with nothing being decided.."
1994,40,結局,けっきょく,結局 (けっきょく),after all; eventually; in the end (phrase) 結局（は） conclusion,N3,88,7,試合の最中に⾬が降って、結局中⽌となった。,"shiai no saichuu ni ame ga futte, kekkyoku chuushi to natta.",It started raining during the middle of the match and it ended up getting cancelled.
1995,40,結局,けっきょく,結局 (けっきょく),after all; eventually; in the end (phrase) 結局（は） conclusion,N3,88,8,ゲームをしようとしたら、親が帰ってきて、結局できなかった。,"geemu o shiyou to shitara, oya ga kaette kite, kekkyoku dekinakata.","Just as I was about to play a game, my parents arrived home and I wasn't able to play"
1996,41,決して〜ない,けっして〜ない,決して〜ない (けっして〜ない),never; by no means Verb (ない form),N3,90,1,あなたのことは決して忘れません。,anata no koto wa kesshite wasuremasen.,I could never forget you.
1997,41,決して〜ない,けっして〜ない,決して〜ない (けっして〜ない),never; by no means Verb (ない form),N3,90,2,私は決して夢をあきらめない。,watashi wa kesshite yume o akiramenai.,I’ll never give up on my dream.
1998,41,決して〜ない,けっして〜ない,決して〜ない (けっして〜ない),never; by no means Verb (ない form),N3,90,3,この部屋には決して⼊ってはいけませんよ。,kono heya ni wa kesshite haitte wa ikemasen yo.,You must never enter this room under any circumstances.
1999,41,決して〜ない,けっして〜ない,決して〜ない (けっして〜ない),never; by no means Verb (ない form),N3,90,4,私はタバコは決して吸いません。,watashi wa tabako wa kesshite suimasen.,I definitely do not smoke cigarettes.
2000,41,決して〜ない,けっして〜ない,決して〜ない (けっして〜ない),never; by no means Verb (ない form),N3,90,6,社⻑には、決して失礼な⾔葉を⾔ってはいけません。,"shachou ni wa, kesshite shitsurei na kotoba o itte wa ikemasen.",You must by no means say anything disrespectful to the company president.
2001,42,切れない,きれない,切れない (きれない),unable to do; too much to finish/complete Verb ます (stem form) 切れない,N3,92,1,この部屋に100⼈は⼊り切れない。,kono heya ni 100 nin wa hairi kirenai.,This room cannot fit 100 people.
2002,42,切れない,きれない,切れない (きれない),unable to do; too much to finish/complete Verb ます (stem form) 切れない,N3,92,2,彼は使い切れないほど⾦がある。,kare wa tsukai kirenai hodo kane ga aru.,He has more money than he can spend.
2003,42,切れない,きれない,切れない (きれない),unable to do; too much to finish/complete Verb ます (stem form) 切れない,N3,92,3,このお酒は強すぎて、飲み切れなかった。,"kono osake wa tsuyo sugite, nomi kirena katta.","This liquor is too strong, I couldn't finish drinking it all."
2004,42,切れない,きれない,切れない (きれない),unable to do; too much to finish/complete Verb ます (stem form) 切れない,N3,92,4,いっぱい注⽂しないで、⼆⼈で⾷べ切れないから。,"ippai chuumon shinai de, futari de tabe kirenai kara.","Don't order so much, we won't be able to eat it all with just the 2 of us."
2005,42,切れない,きれない,切れない (きれない),unable to do; too much to finish/complete Verb ます (stem form) 切れない,N3,92,5,明⽇のテストまでには、全ての⽂法は勉強し切れないな。,"ashita no tesuto made niwa, subete no bunpou wa benkyou shi kirenai na.",I won't be able to finish studying all of the grammar before tomorrow's test.
2006,42,切れない,きれない,切れない (きれない),unable to do; too much to finish/complete Verb ます (stem form) 切れない,N3,92,6,ご飯の量が多くて⾷べ切れないよ。,gohan no ryou ga ookute tabe kirenai yo.,I can’t finish the rice because there is too much.
2007,42,切れない,きれない,切れない (きれない),unable to do; too much to finish/complete Verb ます (stem form) 切れない,N3,92,7,数え切れないほどたくさん星が光っている。,kazoe kirenai hodo takusan hoshi ga hikatteiru.,An uncountable number of stars are shinning (in the sky).
2008,43,きり,,きり,only; just; since; after Verb (た form),N3,94,1,私は⼀⼈きりで暮らすのは嫌だ。,watashi wa hitori kiri de kurasu no ga iya da.,I don't want to live all alone.
2009,43,きり,,きり,only; just; since; after Verb (た form),N3,94,2,⼆⼈っきりで話をしたいです。,futari kkiri de hanashi o shitai desu.,"I want to talk privately with you, just the two of us."
2010,43,きり,,きり,only; just; since; after Verb (た form),N3,94,3,彼⼥に会ったのは１回きりです。,kanojo ni atta no wa ikkai kiri desu.,I've only met her one time.
2011,43,きり,,きり,only; just; since; after Verb (た form),N3,94,4,今⽇は寒いから、Ｔシャツ⼀枚きりで外に出たら寒いよ。,"kyou wa samui kara, t shatsu ichimai kiri de soto ni detara samui yo.","It's cold out today, so if you go out with just one t-shirt you're gonna be cold."
2012,43,きり,,きり,only; just; since; after Verb (た form),N3,94,5,彼⼥とは別れたきり、⼀度も会っていない。,"kanojo to wa wakareta kiri, ichido mo atteinai.",I haven't met with her at all since we broke up.
2013,43,きり,,きり,only; just; since; after Verb (た form),N3,94,6,その男の⼈は、森に⼊ったきり、帰ってきませんでした。,"sono otoko no hito wa, mori ni haitta kiri, kaette kimasen deshita.",That man hasn't come back since he entered the woods.
2014,43,きり,,きり,only; just; since; after Verb (た form),N3,94,7,⼤学時代のクラスメイトとは卒業したきり会っていない。,daigaku jidai no kurasumeito to wa sotsugyou shita kiri atteinai.,I haven't met my university classmates at all since we graduated.
2015,43,きり,,きり,only; just; since; after Verb (た form),N3,94,8,⽇本語は5年前に話したきり、全然使っていないから忘れちゃった。,"nihongo wa 5 nen mae ni hanashita kiri, zenzen tsukatteinai kara wasure chatta.",I haven't spoke Japanese at all since 5 years ago and so I forgot it.
2016,44,切る,きる,切る (きる),to do something completely to the end,N3,96,1,どうしてそう⾔い切れるのですか。,doushite sou ii kireru no desu ka?,How can you say that?
2017,44,切る,きる,切る (きる),to do something completely to the end,N3,96,2,⻑い⼩説を2⽇間で読み切った。,nagai shousetsu o futsukakan de yomikitta.,I finished reading the long novel in two days.
2018,44,切る,きる,切る (きる),to do something completely to the end,N3,96,3,お⼩遣いを使い切ってしまった。,okozukai o tsukaikitte shimatta.,I spent all my pocket money.
2019,44,切る,きる,切る (きる),to do something completely to the end,N3,96,4,今⽇はもう⿂を全部売り切れた。,kyou wa mou sakana o zenbu uri kireta.,I've already sold all of the fish for today.
2020,44,切る,きる,切る (きる),to do something completely to the end,N3,96,5,どんなに⾷べ物が多くても⾷べ切れるぐらいお腹すいた。,donnani tabemono ga ookutemo tabe kireru gurai onaka suita.,"I was so hungry that I could eat all the food, regardless of how much there may be."
2021,44,切る,きる,切る (きる),to do something completely to the end,N3,96,6,10キロを⾛り切るのはすごく⼤変なことだ。,juu kiro o hashiri kiru no wa sugoku taihen na koto da.,It's pretty tough to finish running 10 kilometers.
2022,44,切る,きる,切る (きる),to do something completely to the end,N3,96,7,たくさんあった宿題のレポートを書き切りました。,takusan atta shuukidai no repooto o kaki kirimashita.,I finished writing all of numerous reports I had for homework.
2023,44,切る,きる,切る (きる),to do something completely to the end,N3,96,8,どんなことでも、全⼒でやり切ったあとは、気分がいい。,"donna koto demo, zenryoku de yari kitta ato wa, kibun ga ii.","No matter what task it may be, it always feel good after you finish giving it your all."
2024,45,っけ,,っけ,a casual suffix to confirm something you are Verb,N3,98,1,次のテストっていつだっけ︖,tsugi no tesuto tte itsu dakke?,When is the next test again?
2025,45,っけ,,っけ,a casual suffix to confirm something you are Verb,N3,98,2,あなたの誕⽣⽇、いつだったっけ︖,"anata no tanjoubi, itsu datta kke?",When was your birthday again?
2026,45,っけ,,っけ,a casual suffix to confirm something you are Verb,N3,98,3,どこに住んでいるんだっけ︖,doko ni sundeiru n dakke?,Where did you live again?
2027,45,っけ,,っけ,a casual suffix to confirm something you are Verb,N3,98,4,⾃⼰紹介したっけ︖,jiko shoukai shita kke?,Have I already introduced myself?
2028,45,っけ,,っけ,a casual suffix to confirm something you are Verb,N3,98,5,何の話をしていたっけ︖,nan no hanashi o shiteita kke?,What were we talking about again?
2029,45,っけ,,っけ,a casual suffix to confirm something you are Verb,N3,98,6,誰だっけ︖,dare dakke?,Who were you again? (I can't seem to remember)
2030,45,っけ,,っけ,a casual suffix to confirm something you are Verb,N3,98,7,東京へ⾏くのは、来週だったっけ︖,"toukyou e iku no wa, raishuu datta kke?","When were you going to Tokyo again, was it next week?"
2031,45,っけ,,っけ,a casual suffix to confirm something you are Verb,N3,98,8,あの歌⼿の名前はなんと⾔いましたっけ︖,ano kashu no namae wa nanto iimashita kke?,What was that singer's name again..?
2032,46,込む,こむ,込む (こむ),to do something for a long time or to move,N3,100,1,この紙に必要な情報を書き込んでください。,kono kami ni hitsuyou na jouhou o kakikonde kudasai.,Please write the necessary information on this paper.
2033,46,込む,こむ,込む (こむ),to do something for a long time or to move,N3,100,2,あなたの⼝座にお⾦を振り込んだよ。,anata no kouza ni okane o furikonda yo.,I transferred the money to your account.
2034,46,込む,こむ,込む (こむ),to do something for a long time or to move,N3,100,3,すみません、この商品をどこに⼊れ込んだほうがいいですか。,"sumimasen, kono shouhin o doko ni irekonda hou ga ii desu ka?","Sorry, where should I put this product?"
2035,46,込む,こむ,込む (こむ),to do something for a long time or to move,N3,100,5,この薬の使い⽅は⿐から吸い込むことです。,kono kusuri no tsukaikata wa hana kara suikomu koto desu.,This medicine is used by breathing it in through your nose.
2036,46,込む,こむ,込む (こむ),to do something for a long time or to move,N3,100,6,今⽇は１時間⾛り込んだ。,kyou wa ichi jikan hashiri konda.,Today I ran for 1 hour.
2037,46,込む,こむ,込む (こむ),to do something for a long time or to move,N3,100,7,うっかり話し込んでしまった。,ukkari hanashi konde shimatta.,I carelessly got caught up in the story.
2038,46,込む,こむ,込む (こむ),to do something for a long time or to move,N3,100,8,カレーはじっくり煮込むと味がもっと美味しい。,karee wa jikkuri nikomu to aji ga motto oishii desu yo.,Curry tastes better if it is simmered slowly.
2039,46,込む,こむ,込む (こむ),to do something for a long time or to move,N3,100,9,娘は東京⼤学に合格するために勉強に打ち込んでいる。,musume wa toukyou daigaku ni goukaku suru tame ni benkyou ni uchikonde iru.,"In order to get into Tokyo Unversity, my daughter is completely dedicating herself to"
2040,47,こそ,,こそ,for sure (emphasize preceding word); Noun こそ,N3,102,1,これこそ望むところです。,kore koso nozomu tokoro desu.,This is the very thing I want.
2041,47,こそ,,こそ,for sure (emphasize preceding word); Noun こそ,N3,102,2,こちらこそありがとうございます。,kochira koso arigatou gozaimasu.,It is I that should be saying thank you.
2042,47,こそ,,こそ,for sure (emphasize preceding word); Noun こそ,N3,102,3,今年こそJLPTに受かりたい。,kotoshi koso JLPT ni ukaritai.,This year I want to finally pass the JLPT.
2043,47,こそ,,こそ,for sure (emphasize preceding word); Noun こそ,N3,102,4,これこそ私がずっと探していたものです。,kore koso watashi ga zutto sagashiteita mono desu.,I've been searching forever for this!
2044,47,こそ,,こそ,for sure (emphasize preceding word); Noun こそ,N3,102,5,今度こそ試合に勝ちたいです。,kondo koso shiai ni kachitai desu.,This time for sure I want to win this match!
2045,47,こそ,,こそ,for sure (emphasize preceding word); Noun こそ,N3,102,6,ゆっくりした⽅法こそ安全な⽅法だ。,yukkuri shita houhou koso anzen na houhou da.,The slow way is the safe way.
2046,47,こそ,,こそ,for sure (emphasize preceding word); Noun こそ,N3,102,7,愛情があるからこそしかるんです。,aijou ga aru kara koso shikarundesu.,I scold you because I love you.
2047,47,こそ,,こそ,for sure (emphasize preceding word); Noun こそ,N3,102,8,健康こそが、私の⼀番の財産だ。,"kenkou koso ga, watashi no ichiban no zaisan da.",My health is my greatest asset.
2048,47,こそ,,こそ,for sure (emphasize preceding word); Noun こそ,N3,102,9,銀⾏はあなたのような⽅にこそ、お⾦をお貸ししたいんです。,"ginkou wa anata no you na kata ni koso, okane o okashi shitain desu.",The bank wants to lend money to people just like you.
2049,48,こと,,こと,(must) do Verb (dictionary form),N3,104,1,⼤声を出さないこと。,oogoe o dasanai koto.,Don't speak with a loud voice.
2050,48,こと,,こと,(must) do Verb (dictionary form),N3,104,2,晩ごはんの前にデザートを⾷べないこと。,bangohan no mae ni dezaato o tabenai koto.,No eating dessert before dinner.
2051,48,こと,,こと,(must) do Verb (dictionary form),N3,104,3,お⾦を⼤切にすること。,okane o taisetsu ni suru koto.,Use your money wisely.
2052,48,こと,,こと,(must) do Verb (dictionary form),N3,104,4,休むときは、必ず学校に連絡すること。,"yasumu toki wa, kanarazu gakkou ni renraku suru koto.",You must contact the school when you want to take a day off.
2053,48,こと,,こと,(must) do Verb (dictionary form),N3,104,5,どうしても必要な場合以外には使わないこと。,doushitemo hitsuyou na baai igai ni wa tsukawanai koto.,It should not be used unless absolutely necessary.
2054,48,こと,,こと,(must) do Verb (dictionary form),N3,104,6,学校の規則を守ること。,gakkou no kisoku o mamoru koto.,You must follow school rules.
2055,48,こと,,こと,(must) do Verb (dictionary form),N3,104,7,勝⼿に実験室に⼊らないこと。,katteni jikkenshitsu ni hairanai koto.,Do not enter the laboratory without permission.
2056,48,こと,,こと,(must) do Verb (dictionary form),N3,104,8,授業中は携帯電話を使わないこと。,jugyou chuu wa keitai denwa o tsukawanai koto.,You may not use cellphones during class.
2057,48,こと,,こと,(must) do Verb (dictionary form),N3,104,9,現実を真っ直ぐ⾒ること。,genjitsu o massugu miru koto.,You need to face reality.
2058,49,ことから,,ことから,from the fact that~ Verb (casual),N3,106,1,道路が濡れていることから、⾬が降ったということが分かる。,"dourou ga nurete iru koto kata, ame ga futta touiu koto ga wakaru.","Considering the ground is wet, I know that it must have rained."
2059,49,ことから,,ことから,from the fact that~ Verb (casual),N3,106,2,教室で席が隣だったことから友⼈になった。,kyoushitsu de seki ga tonari datta koto kara yuujin ni natta.,We became good friends from the fact that our seats were right next to each other in
2060,49,ことから,,ことから,from the fact that~ Verb (casual),N3,106,4,⽑の⾊が⽩いことからシロという名前がつけられる⽝や猫は多い。,ke no iro ga shiroi koto kara shiro toiu namae ga tsukerareru inu ya neko wa ooi.,"Many dogs are named ""Shiro"" (white) from the fact that their fur color is white."
2061,49,ことから,,ことから,from the fact that~ Verb (casual),N3,106,7,メガネの形をしていることから、その橋をメガネバシと呼びます。,"megane no katachi o shite iru koto kara, sono hashi o meganebashi to yobimasu.","Because the bridge looks like the shape of glasses (megane), people call the bridge"
2062,50,ことになっている,,ことになっている,to be expected to; to be scheduled to; it has Verb (dictionary form),N3,108,1,この図書館では2週間まで本が借りられることになっています。,kono toshokan dewa 2 shuukan made hon ga karirareru koto ni natte imasu.,"At this library, you can borrow books for up to 2 weeks."
2063,50,ことになっている,,ことになっている,to be expected to; to be scheduled to; it has Verb (dictionary form),N3,108,2,⽇本では、⾞は左側を⾛ることになっている。,"nihon dewa, kuruma wa hidari gawa o hashiru koto ni natte iru.","In Japan, cars drive on the lest side of the road."
2064,50,ことになっている,,ことになっている,to be expected to; to be scheduled to; it has Verb (dictionary form),N3,108,3,授業中は、携帯電話を使ってはいけないことになっている。,"juugyouchuu wa, keitai denwa o tsukattewa ikenai koto ni natte iru.",Cellphones are not allowed to be used during class.
2065,50,ことになっている,,ことになっている,to be expected to; to be scheduled to; it has Verb (dictionary form),N3,108,5,この部屋には、関係者以外⼊ってはいけないことになっている。,"kono heya niwa, kankeisha igai haitte wa ikenai koto ni natte iru.",Only authorized personnel are allowed to enter this room.
2066,50,ことになっている,,ことになっている,to be expected to; to be scheduled to; it has Verb (dictionary form),N3,108,6,燃えるゴミは、毎週の⽉曜⽇と⽊曜⽇に捨てることになっています。,"moeru gomi wa, maishuu no getsuyoubi to mokuyoubi ni suteru koto ni natte imasu.",Burnable garbage is to be thrown out every week on Mondays and Thursdays.
2067,50,ことになっている,,ことになっている,to be expected to; to be scheduled to; it has Verb (dictionary form),N3,108,8,試験⽤紙は持ち帰ってはいけないことになっている。,shikenyoushi wa mochi kaettewa ikenai koto ni natte iru.,It has been decided that you cannot take your test papers home with you.
2068,50,ことになっている,,ことになっている,to be expected to; to be scheduled to; it has Verb (dictionary form),N3,108,9,休むときは学校に連絡しなければならないことになっています。,yasumu toki wa gakkou ni renraku shinakereba naranai koto ni natte imasu.,You must contact your school when you take a day off.
2069,51,ことはない,,ことはない,there is no need to; (something) never Verb (dictionary form) ことはない,N3,110,1,謝ることはないよ。,ayamaru koto wa nai yo.,There is no need for you to apologize
2070,51,ことはない,,ことはない,there is no need to; (something) never Verb (dictionary form) ことはない,N3,110,2,明⽇のテストは簡単だから、⼼配することはないよ。,"ashita no tesuto wa kantan dakara, shinpai suru koto wa nai yo.","Tomorrow's test will be easy, so it's nothing to worry about."
2071,51,ことはない,,ことはない,there is no need to; (something) never Verb (dictionary form) ことはない,N3,110,3,何も怖がることはない。,nanimo kowagaru koto wa nai.,You have nothing to fear.
2072,51,ことはない,,ことはない,there is no need to; (something) never Verb (dictionary form) ことはない,N3,110,4,時間は⼗分あるから急ぐことはない。,jikan wa juubun aru kara isogu koto wa nai.,There is plenty of time so there is no need to rush.
2073,51,ことはない,,ことはない,there is no need to; (something) never Verb (dictionary form) ことはない,N3,110,5,⾃分を責めることはない。,jibun o semeru koto wa nai.,There's no need to blame yourself..
2074,51,ことはない,,ことはない,there is no need to; (something) never Verb (dictionary form) ことはない,N3,110,6,ただの⾵邪ですから、⼼配することはないよ。,"tada no kaze desu kara, shinpai suru koto wa nai yo.","It's just a basic cold, so there is no need to worry."
2075,51,ことはない,,ことはない,there is no need to; (something) never Verb (dictionary form) ことはない,N3,110,7,そんなにびっくりすることはないでしょう。,sonna ni bikkuri suru koto wa nai deshou.,This shouldn't come as a surprise to you.
2076,51,ことはない,,ことはない,there is no need to; (something) never Verb (dictionary form) ことはない,N3,110,8,この本を最後まで読めば、失望することはないだろう。,"kono hon o saigo made yomeba, shitsubou suru koto wa nai darou.",You won't be let down if you read this book all the way until the end.
2077,51,ことはない,,ことはない,there is no need to; (something) never Verb (dictionary form) ことはない,N3,110,9,謝ることはないよ。君が悪いわけじゃないんだもの。,ayamaru koto wa nai yo. kimi ga warui wake janai n da mono.,There's no need to apologize. You didn't do anything wrong.
2078,52,ことは〜が,,ことは〜が,although; but Verb (casual) same verb (casual),N3,112,1,パーティーは⾏けることは⾏けるが、たぶん1時間くらい遅刻する。,"paatii wa ikeru koto wa ikeru ga, tabun 1 jikan kurai chikoku suru.","I can go to the party, but I will probably be about 1 hour late."
2079,52,ことは〜が,,ことは〜が,although; but Verb (casual) same verb (casual),N3,112,3,新しいゲームも⾯⽩いことは⾯⽩いが、昔のゲームのほうが好きだ。,"atarashii geemu mo omoshiroi koto wa omoshiroi ga, mukashi no geemu no hou ga",suki da.
2080,52,ことは〜が,,ことは〜が,although; but Verb (casual) same verb (casual),N3,112,4,⽇本語は話せることは話せるんですが、⽇常会話しかできません。,"nihongo wa hanaseru koto wa hanaserun desuga, nichijou kawa shika dekimasen.","I can speak Japanese, but can only do daily conversation stuff."
2081,52,ことは〜が,,ことは〜が,although; but Verb (casual) same verb (casual),N3,112,6,彼⼥のことは好きなことは好きだが、結婚したいほどではない。,"kanojo no koto wa suki na koto wa suki da ga, kekkon shitai hodo dewanai.","Although I love her, it’s not like I want to marry her."
2082,52,ことは〜が,,ことは〜が,although; but Verb (casual) same verb (casual),N3,112,7,このマンションの家賃が安いことは安いがが、交通の便がよくない。,"yachin ga yasui koto wa yasui ga, koutsuu no ben ga yokunai.","This apartment has very cheap rent, but the transportation nearby is inconvenient."
2083,52,ことは〜が,,ことは〜が,although; but Verb (casual) same verb (casual),N3,112,8,この薬は効くことは効くが、飲むと眠くなってしまう。,"kono kusuri wa kiku koto wa kiku ga, nomu to nemuku natte shimau.","This medicine works, but I feel sleepy when I take it."
2084,52,ことは〜が,,ことは〜が,although; but Verb (casual) same verb (casual),N3,112,9,携帯電話は便利なことは便利ですが、なくてもいいと思っています。,"keitai denwa wa benri na koto wa benri desu ga, nakutemo ii to omotte imasu.","Although cellphones are very convenient, I think things would be fine without them."
2085,53,くらい・ぐらい,,くらい・ぐらい,approximately; about; around; to the extent Verb (casual form),N3,114,1,どれくらい⽇本に住んでいますか︖,dore kurai nihon ni sundeimasu ka?,How long have you been living in Japan?
2086,53,くらい・ぐらい,,くらい・ぐらい,approximately; about; around; to the extent Verb (casual form),N3,114,2,どのぐらい練習したんですか︖,dono gurai renshuu shitan desu ka?,About how long did you practice?
2087,53,くらい・ぐらい,,くらい・ぐらい,approximately; about; around; to the extent Verb (casual form),N3,114,3,試験が難しくて、泣きたいくらいだ。,"shiken ga muzukashikute, nakitai kurai da.","The test was so difficult, I felt like I wanted to cry."
2088,53,くらい・ぐらい,,くらい・ぐらい,approximately; about; around; to the extent Verb (casual form),N3,114,4,お客様はどのぐらいいますか︖,okyaku sama wa dono gurai imasu ka?,About how many customers are there?
2089,53,くらい・ぐらい,,くらい・ぐらい,approximately; about; around; to the extent Verb (casual form),N3,114,5,家から駅まで⾃転⾞で20分ぐらいかかります。,ie kara eki made jitensha de nijuu pun gurai kakarimasu.,It takes about 20 minutes from my house to the station by bicycle.
2090,53,くらい・ぐらい,,くらい・ぐらい,approximately; about; around; to the extent Verb (casual form),N3,114,6,⽇本語どれぐらい話せますか︖,nihongo dore gurai hanasemasu ka?,How much Japanese can you speak?
2091,53,くらい・ぐらい,,くらい・ぐらい,approximately; about; around; to the extent Verb (casual form),N3,114,7,どのくらい海外にいましたか︖,dono kurai kaigai ni imashita ka?,About how long were you abroad?
2092,53,くらい・ぐらい,,くらい・ぐらい,approximately; about; around; to the extent Verb (casual form),N3,114,8,今⽇くらいは家族と過ごそう。,kyou kurai wa kazoku to sugosou.,Let's at least spend today together as a family.
2093,54,くせに,,くせに,although~; despite the fact that~; even Verb (dictionary form),N3,117,1,背が⾼いくせに早く⾛れない。,se ga takai kuse ni hayaku hashirenai.,"Despite being tall, he cannot run fast."
2094,54,くせに,,くせに,although~; despite the fact that~; even Verb (dictionary form),N3,117,2,元気なくせに、病気のふりをしている。,"genkina kuse ni, byouki no furi o shiteiru.","Although he is healthy, he is pretending to be sick."
2095,54,くせに,,くせに,although~; despite the fact that~; even Verb (dictionary form),N3,117,3,医者でもないくせに。,isha demo nai kuse ni.,You aren't even a doctor (so don’t act like you are one).
2096,54,くせに,,くせに,although~; despite the fact that~; even Verb (dictionary form),N3,117,4,彼⼥はお⾦持ちのくせにケチだ。,kanojo wa okane mochi no kuse ni kechi da.,"Although she is rich, she is very frugal with her money."
2097,54,くせに,,くせに,although~; despite the fact that~; even Verb (dictionary form),N3,117,5,⽥中さんはお⺟さんが⽇本⼈のくせに、⽇本語が全然分からない。,"tanaka san wa okaasan ga nihonjin no kuse ni, nihongo ga zenzen wakaranai.","Although Tanaka's mother is Japanese, he doesn't understand any Japanese."
2098,54,くせに,,くせに,although~; despite the fact that~; even Verb (dictionary form),N3,117,6,彼は男のくせに⽝が怖いだ。,kare wa otoko no kuse ni inu ga kowai da.,"Even though he is a man, he is scared of dogs.."
2099,54,くせに,,くせに,although~; despite the fact that~; even Verb (dictionary form),N3,117,7,彼⼥は医者のくせにタバコを吸っている。,kare wa isha no kuse ni tabako o sutteiru.,"Even though she is a doctor, she smokes cigarettes."
2100,54,くせに,,くせに,although~; despite the fact that~; even Verb (dictionary form),N3,117,8,⼦どものくせに、⽣意気なことを⾔うな,"kodomo no kuse ni, namaikina koto o iu na.","You're just a kid, don't get too cocky."
2101,54,くせに,,くせに,although~; despite the fact that~; even Verb (dictionary form),N3,117,9,彼は新⼈のくせに、態度が悪い。,"kare wa shinjin no kuse ni, taido ga warui.","Although he's new, he has a pretty bad attitude."
2102,55,まるで,,まるで,as if; as though; just like Verb (casual form) + よう,N3,119,1,合格した︕まるで夢のようだ。,goukaku shita! marude yume no you da.,I passed! It’s like a dream!
2103,55,まるで,,まるで,as if; as though; just like Verb (casual form) + よう,N3,119,2,すごい︕まるで魔法のようだ︕,sugoi! maru de mayou no you da!,Amazing! It's just like magic!
2104,55,まるで,,まるで,as if; as though; just like Verb (casual form) + よう,N3,119,3,あの⼥の⼈は、美しくて、優しくて、まるで天使のようだ。,"ano onna no hito wa, utsukushikute, yasashikute, marude tenshi no you da.",That lady is beautiful and kind like an angel.
2105,55,まるで,,まるで,as if; as though; just like Verb (casual form) + よう,N3,119,4,彼の⽇本語はまるで⽇本⼈が話しているように聞こえる。,kare no nihongo wa marude nihonjin ga hanashite iru you ni kikoeru.,His Japanese is so natural that he sounds like a native speaker.
2106,55,まるで,,まるで,as if; as though; just like Verb (casual form) + よう,N3,119,5,最近できたロボットは、まるで本物の⼈間のように動きます。,"saikin dekita robotto wa, marude honmono no ningen no youni ugoki masu.",Recently made robots move just like real humans.
2107,55,まるで,,まるで,as if; as though; just like Verb (casual form) + よう,N3,119,6,あの⼆⼈はまるで兄弟のようによく似ている。,ano futari wa marude kyoudai no youni yoku niteiru.,Those two look so much alike that they could be twins.
2108,55,まるで,,まるで,as if; as though; just like Verb (casual form) + よう,N3,119,7,この湖は⽔がきれいで、まるで透明なガラスのようだ。,"kono mizuumi wa mizu ga kirei de, marude toumei na garasu no you da.",This lake’s water is so pure that it looks like transparent glass.
2109,55,まるで,,まるで,as if; as though; just like Verb (casual form) + よう,N3,119,8,壊れた⾞を修理してもらったら、まるで新⾞のようになりました。,"kowareta kuruma o shuuri shite morattara, marude shinsha no youni narimashita.","I fixed my broken car, and now it's as if it's brand new."
2110,56,まさか,,まさか,there's no way; that's impossible; you must まさか Negative clause,N3,121,1,まさかそうなるとは思わなかった。,masaka sou naru to wa omowanakatta.,That's the last thing I expected.
2111,56,まさか,,まさか,there's no way; that's impossible; you must まさか Negative clause,N3,121,2,僕はまさかそんなことはできないよ。,boku wa masaka sonna koto wa dekinai yo.,I could never do such a thing.
2112,56,まさか,,まさか,there's no way; that's impossible; you must まさか Negative clause,N3,121,3,私はまさかここで彼に会えるとは思わなかった。,watashi wa masaka koko de kare ni aeru to wa omowana katta.,I never thought that I could see him here.
2113,56,まさか,,まさか,there's no way; that's impossible; you must まさか Negative clause,N3,121,4,まさかカギをなくしたのではないでしょうね︕,masaka kagi o nakushita no dewa nai deshou ne.,You surely haven't lost the key!
2114,56,まさか,,まさか,there's no way; that's impossible; you must まさか Negative clause,N3,121,5,まさか彼⼥がそんなことを⾔ったとは思えない。,masaka kanojo ga sonna koto o itta to wa omoenai.,She could not possibly of said such a thing.
2115,56,まさか,,まさか,there's no way; that's impossible; you must まさか Negative clause,N3,121,6,まさかあれは私たちの探している家じゃないだろう。,masaka are wa watashi tachi no sagashite iru ie janai darou.,Surely that wouldn't be the house we're looking for.
2116,56,まさか,,まさか,there's no way; that's impossible; you must まさか Negative clause,N3,121,8,まさか、彼⼥があんな⼤発⾒をするなんて、誰も考えていなかった。,"masaka, kanojo ga anna daihakken o suru nan te, dare mo kangaete inakatta.","This can't be true, no one thought that she would make such a big breakthrough."
2117,57,めったに〜ない,,めったに〜ない,hardly; rarely; seldom めったに Verb (ない form),N3,123,1,彼はめったに本を読まない。,kare wa metta ni hon o yomanai.,He rarely reads books.
2118,57,めったに〜ない,,めったに〜ない,hardly; rarely; seldom めったに Verb (ない form),N3,123,2,彼⼥はめったに遊びに来ない。,kanojo wa metta ni asobi ni konai.,She rarely comes to see me.
2119,57,めったに〜ない,,めったに〜ない,hardly; rarely; seldom めったに Verb (ない form),N3,123,3,彼はめったに泣かない。,kare wa metta ni nakanai.,He rarely cries.
2120,57,めったに〜ない,,めったに〜ない,hardly; rarely; seldom めったに Verb (ない form),N3,123,4,このところでは滅多に雪が降りません。,kono tokoro dewa metta ni yuki ga furimasen.,It rarely snows in this area.
2121,57,めったに〜ない,,めったに〜ない,hardly; rarely; seldom めったに Verb (ない form),N3,123,5,忙しくて滅多に休みが取れない。,isogashi kute mettani yasumi ga torenai.,I’m so busy that I can hardly take time off work.
2122,57,めったに〜ない,,めったに〜ない,hardly; rarely; seldom めったに Verb (ない form),N3,123,6,彼⼥は週末に出勤することは滅多にない。,kanojo wa shuumatsu ni shukkin suru koto wa metta ni nai.,She seldom works weekends.
2123,57,めったに〜ない,,めったに〜ない,hardly; rarely; seldom めったに Verb (ない form),N3,123,7,滅多に褒めない先⽣に褒められて嬉しい。,mettani homenai sensei ni homerarete ureshii.,I feel so happy to be praised by the teacher who seldom praises anyone.
2124,57,めったに〜ない,,めったに〜ない,hardly; rarely; seldom めったに Verb (ない form),N3,123,8,こんなチャンスは滅多にないよ。,konna chansu wa metta ni nai yo.,You won’t have a second chance like this.
2125,58,も〜ば〜も,,も〜ば〜も,and; also; as well; either/or; neither/nor Verb（ば form),N3,125,1,本を読むのが好きな⼈もいれば、嫌いな⼈もいます。,"hon o yomu no ga sukina hito mo ireba, kiraina hito mo imasu.","If there are people who like to read books, there will also be people who dislike it."
2126,58,も〜ば〜も,,も〜ば〜も,and; also; as well; either/or; neither/nor Verb（ば form),N3,125,2,学⽣の態度もわるければ教師の態度もわるい。,gakusei no taido mo warukereba kyoushi no taido mo warui.,"If the student's attitude is bad, then the teacher's attitude will also be bad."
2127,58,も〜ば〜も,,も〜ば〜も,and; also; as well; either/or; neither/nor Verb（ば form),N3,125,3,⼈⽣は楽しいこともあれば、苦しいこともある。,"jinsei wa tanoshii koto mo areba, kurushii koto mo aru.","In life, there are both ups and downs."
2128,58,も〜ば〜も,,も〜ば〜も,and; also; as well; either/or; neither/nor Verb（ば form),N3,125,4,彼は⽇本語もできれば英語もできる。,kare wa nihongo mo dekireba eigo mo dekiru.,He can speak both English and Japanese.
2129,58,も〜ば〜も,,も〜ば〜も,and; also; as well; either/or; neither/nor Verb（ば form),N3,125,5,あのメキシコ料理屋の⾷べ物は、値段も安ければ味もいいです。,"ano mekishiko ryouriya no tabemono wa, nedan mo yasu kereba aji mo ii desu.",That Mexican restaurant has cheap prices and also the food tastes good.
2130,58,も〜ば〜も,,も〜ば〜も,and; also; as well; either/or; neither/nor Verb（ば form),N3,125,6,私の彼⽒はタバコも吸わなければ、お酒も飲まない。,"watashi no kareshi wa tabako mo suwana kereba, osake mo nomanai.",My boyfriend neither smokes nor drinks.
2131,58,も〜ば〜も,,も〜ば〜も,and; also; as well; either/or; neither/nor Verb（ば form),N3,125,7,どこかへ旅⾏に⾏きたいけど、時間もなければ、お⾦もない。,"doko ka e ryokou ni ikitai kedo, jikan mo nakereba, okane mo nai.","I want to go travelling somewhere, but I have neither time nor money."
2132,58,も〜ば〜も,,も〜ば〜も,and; also; as well; either/or; neither/nor Verb（ば form),N3,125,9,⽗はお酒も飲めばたばこも吸うので、健康が⼼配だ。,"chichi wa osake mo nomeba tabako mo suu node, kenkou ga shinpai da.",My father not only drinks wine but also smokes. I’m really worried about his health.
2133,59,もしかしたら,,もしかしたら,perhaps; maybe; perchance; by any chance,N3,127,1,もしかしたら、明⽇⾏けないかもしれない。,"moshika shitara, ashita ikenai kamo shirenai.",I might not be able to come tomorrow.
2134,59,もしかしたら,,もしかしたら,perhaps; maybe; perchance; by any chance,N3,127,2,もしかしたら病気かもしれない。,moshika shitara byouki kamoshirenai.,I might be sick.
2135,59,もしかしたら,,もしかしたら,perhaps; maybe; perchance; by any chance,N3,127,3,もしかしたら彼は気が変わるかもしれません。,moshika shitara kare wa ki ga kawaru kamoshire masen.,He might change his mind.
2136,59,もしかしたら,,もしかしたら,perhaps; maybe; perchance; by any chance,N3,127,4,もしかすると彼の話はうそかもしれない。,moshika suruto kare no hanashi wa uso kamo shirenai.,It's possible his story may be a lie.
2137,59,もしかしたら,,もしかしたら,perhaps; maybe; perchance; by any chance,N3,127,5,もしかするとあそこに座っている⼈は有名な⼈かもしれない。,moshika suruto asoko ni suwatte iru hito wa yuumei na hito kamo shirenai.,That person sitting there could be a celebrity.
2138,59,もしかしたら,,もしかしたら,perhaps; maybe; perchance; by any chance,N3,127,6,もしかしたら彼は会社をやめたかもしれない。,moshika shitara kare wa kaisha o yameta kamoshirenai.,Perhaps he has quit his job.
2139,59,もしかしたら,,もしかしたら,perhaps; maybe; perchance; by any chance,N3,127,7,もしかしたら今⽇彼⼥に会えるかもしれない。,moshika shitara kyou kanojo ni aeru kamoshirenai.,I might be able to meet her today.
2140,59,もしかしたら,,もしかしたら,perhaps; maybe; perchance; by any chance,N3,127,8,もしかすると、それは偽物かもしれない。,"moshika suruto, sore wa nisemono kamo shirenai.",That might be a fake.
2141,60,もしも〜たら,,もしも〜たら,if; in the case; supposing~ もしも Verb (た form) + ら,N3,129,1,もしも明⽇は晴れたらピクニックに⾏きましょう。,moshimo ashita wa haretara pikunikku ni ikimashou.,"If it's sunny tomorrow, let's go out for a picnic."
2142,60,もしも〜たら,,もしも〜たら,if; in the case; supposing~ もしも Verb (た form) + ら,N3,129,2,もしも⽇本に⾏けたら、⼤阪の友達に会いたいです。,"moshimo nihon ni iketara, oosaka no tomodachi ni aitai desu.","If I could go to Japan, I would like to meet my friends in Osaka."
2143,60,もしも〜たら,,もしも〜たら,if; in the case; supposing~ もしも Verb (た form) + ら,N3,129,3,もしも試験を受けたら、合格したいです。,"moshimo shiken o uketara, goukaku shitai desu.","In the case that I take the exam, I would like to pass."
2144,60,もしも〜たら,,もしも〜たら,if; in the case; supposing~ もしも Verb (た form) + ら,N3,129,4,もしも地震が起きたら、この家は丈夫だから倒れない。,"moshimo jishin ga okitara, kono ie wa joubu da kara taorenai.","In the case that an earthquake happens, this house is strong and will not collapse."
2145,60,もしも〜たら,,もしも〜たら,if; in the case; supposing~ もしも Verb (た form) + ら,N3,129,6,もしも時間があったら、ダンスを習いたいです。,"moshimo jikan ga attara, dansu o naraitai desu.","If I had the time, I would like to learn to dance."
2146,60,もしも〜たら,,もしも〜たら,if; in the case; supposing~ もしも Verb (た form) + ら,N3,129,7,もしも私が本当のことを話したら、彼は怒るだろう。,"moshimo watashi ga hontou no koto o hanashi tara, kare wa okoru darou.","If I tell the truth, he will get angry."
2147,60,もしも〜たら,,もしも〜たら,if; in the case; supposing~ もしも Verb (た form) + ら,N3,129,8,もしも願いが１つだけ叶うとしたら、どんな願い事をしますか。,"moshimo negai ga hitotsu dake kanau to shitara, donna negaigoto o shimasu ka.","If you could have any 1 wish granted, what would you wish for?"
2148,61,向け,むけ,向け (むけ),intended for; aimed at~,N3,131,1,初⼼者向けのコースがありますか。,shoshinsha muke no koosu ga arimasu ka.,Do you have a course for beginners?
2149,61,向け,むけ,向け (むけ),intended for; aimed at~,N3,131,2,この映画は⼦供向けなので、⼤⼈は⾒てもつまらない。,"kono eiga wa kodomo muke nano de, otona wa mitemo tsumaranai.","That movie is targeted for children, so it will be boring for adults who watch it."
2150,61,向け,むけ,向け (むけ),intended for; aimed at~,N3,131,3,この家は、部屋が多くて、ファミリー向けだ。,"kono ie wa, heya ga ookute, famirii muke da.",This house has a lot of rooms and is targeted towards families.
2151,61,向け,むけ,向け (むけ),intended for; aimed at~,N3,131,4,最近は、男性向けの料理教室が⼈気だ。,saikin wa dansei muke no ryouri kyoushitsu ga ninki da.,"Lately, cooking classes for men are popular."
2152,61,向け,むけ,向け (むけ),intended for; aimed at~,N3,131,5,ピアノ初⼼者向けのいい曲を知りませんか。,piano shoshinsha muke no ii kyoku o shiri masen ka?,Do you know any good songs suitable for beginner piano players?
2153,61,向け,むけ,向け (むけ),intended for; aimed at~,N3,131,6,⼦供向けの絵本コーナーは、１３番の棚にあります。,"kodomo muke no ehon koonaa wa, 13 ban no tana ni arimasu.",The children's picture book corner is at shelf number 13.
2154,62,向き,むき,向き (むき),suitable for~,N3,133,1,この本は初⼼者向きである。,kono hon wa shoshinsha muki de aru.,This book is suitable for beginners.
2155,62,向き,むき,向き (むき),suitable for~,N3,133,2,その映画は⼦供向きだ。,kono eiga wa kodomo muki da.,This movie is suitable for children.
2156,62,向き,むき,向き (むき),suitable for~,N3,133,3,このスキー場は初⼼者向きです。,kono sukii jou wa shoshinsha muki desu.,This ski resort is suitable for beginners.
2157,62,向き,むき,向き (むき),suitable for~,N3,133,4,このプレゼントは10歳の⼥の⼦向きだ。,kono purezento wa 10 sai no onna no ko muki da.,This present is suitable for a 10 year old girl.
2158,62,向き,むき,向き (むき),suitable for~,N3,133,5,若い⼥性向きの⼩説を書いています。,wakai josei muki no shousetsu o kaiteimasu.,I'm writing a short novel for young women.
2159,62,向き,むき,向き (むき),suitable for~,N3,133,6,こういう本は若い読者向きではない。,kouiu hon wa wakai dokusha uki dewa nai.,These kinds of books are not suitable for young readers.
2160,62,向き,むき,向き (むき),suitable for~,N3,133,7,この⾷堂にはランチは安くて量が多く、学⽣向きだ。,"kono shokudou ni wa ranchi wa yasuku te ryou ga ooku, gakusei muki da.",This cafeteria's lunch is suitable for students as it is cheap with large portions.
2161,62,向き,むき,向き (むき),suitable for~,N3,133,8,彼は⻘少年向きの本をたくさん持っている。,kare wa seishounen muki no hon o takusan motteiru.,He has a lot of books made for young people.
2162,63,むしろ,,むしろ,rather; instead; better むしろ phrase,N3,135,1,私はむしろ⼀⼈で⾏きたい。,watashi wa mushiro hitori de ikitai.,I would rather go alone.
2163,63,むしろ,,むしろ,rather; instead; better むしろ phrase,N3,135,2,私はむしろ電⾞で⾏くだろう。,watashi wa mushiro densha de iku darou.,I would likely rather go by train.
2164,63,むしろ,,むしろ,rather; instead; better むしろ phrase,N3,135,4,遅くまで残業するより、むしろ早く帰ってしっかり頭と体を休んだほ,"うが、効率がいい。 osoku made zangyou suru yori, mushiro hayaku kaette shikkari atama to karada o yasunda hou ga kouritsu ga ii.","Rather than working late with overtime, it's more effecient to head home early and rest ones mind and body."
2165,63,むしろ,,むしろ,rather; instead; better むしろ phrase,N3,135,5,彼はいつも優しくないから、急に優しくなるとうれしいというより、,"むしろこわい。 kare wa itsumo yasashikunai kara, kyuu ni yasashiku naru to ureshii toiu yori, mushiro kowai.","He's normally not nice so when he suddenly become nice, rather than feeling happy, I was more so scared."
2166,63,むしろ,,むしろ,rather; instead; better むしろ phrase,N3,135,6,⾃由な考え⽅が必要とされる仕事は、⼤⼈よりむしろ⼩さい⼦供の⽅,"が得意かもしれません。 jiyuu na kangae kata ga hitsuyou to sareru shigoto wa, otona yori mushiro chiisai kodomo no hou ga tokui kamo shiremasen.",For a job that requires more freedom of thought a small child might be more suited than an adult.
2167,63,むしろ,,むしろ,rather; instead; better むしろ phrase,N3,135,7,観光客向けの商品より、むしろ地元の⼈がよく買う物の⽅が、お⼟産,"にはお勧めです。 kankoukyaku muke no shouhin yori, mushiro jimoto no hito ga yoku kaumono no hou ga, omiyage niwa osusume desu.","Rather than an item targeted towards tourist, something that locals often buy would be a better souvenir."
2168,64,ながらも,,ながらも,but; although; despite Verb ます (stem form),N3,137,1,狭いながらも、このマンションは⼤好きだ。,"semai nagara mo, kono manshon wa daisuki da.","Despite it being small, I love this apartment."
2169,64,ながらも,,ながらも,but; although; despite Verb ます (stem form),N3,137,2,残念ながらも、今⽇のイベントに⾏けません。,"zannen nagara mo, kyou no ibento ni ikemasen.","Unfortunately, I will not be able to go to today's event."
2170,64,ながらも,,ながらも,but; although; despite Verb ます (stem form),N3,137,3,うちは貧しいながらも、家族の仲がいいし、幸せだ。,"uchi wa mazushii nagara mo, kazoku no naka ga ii shi, shiawase da.","Even though my family is poor, we get along well and are happy."
2171,64,ながらも,,ながらも,but; although; despite Verb ます (stem form),N3,137,4,アナちゃんは⼦どもながらも、いろんなことを知っている。,"ana chan wa kodomo nagara mo, ironna koto o shitteiru.","Although Anna-chan is just a child, she knows quite a lot of various things."
2172,64,ながらも,,ながらも,but; although; despite Verb ます (stem form),N3,137,6,悪いことだと知っていながら、彼⼥は平気で嘘をつく。,"warui koto dato shittei nagara, kanojo wa heiki de uso o tsuku.","Despite knowing what she's doing is wrong, she just plain lied about it."
2173,64,ながらも,,ながらも,but; although; despite Verb ます (stem form),N3,137,7,彼の⾔葉は厳しいながらも温かい。,kare no kotoba wa kibishii nagara mo atatakai.,His words are strict but kind.
2174,64,ながらも,,ながらも,but; although; despite Verb ます (stem form),N3,137,8,彼は少ないながらも持ち合わせていた⾦を全部私にくれた。,kare wa sukunai nagara mo mochiawasete ita kane o zenbu watashi ni kureta.,He gave me what little money he had on him.
2175,65,ないことはない,,ないことはない,can do~; is not impossible to~ Verb (ない form),N3,139,1,⾛れば間に合わないことはないよ。急ごう︕,hashireba ma ni awanai koto wa nai yo. Isogou!,We can still make it if we run. Let’s hurry up!
2176,65,ないことはない,,ないことはない,can do~; is not impossible to~ Verb (ない form),N3,139,2,嬉しくないことはないが、1位が良かった。,"ureshikunai koto wa nai ga, 1 i ga yokatta.","It's not that I'm not happy, but I would have liked to of been 1st place."
2177,65,ないことはない,,ないことはない,can do~; is not impossible to~ Verb (ない form),N3,139,3,⾞を運転できないことはないんですが、ほとんどしません。,"kuruma o unten dekinai koto wa nain desuga, hotondo shimasen.","It’s not that I can’t drive, I just don’t do it very often."
2178,65,ないことはない,,ないことはない,can do~; is not impossible to~ Verb (ない form),N3,139,4,鶏⾁は、⾷べないことはないですが、あまり好きではありません。,"toriniku wa, tabenai koto wa nai desuga, amari suki dewa arimasen.","It's not that I don't eat chicken, I just don't like it that much."
2179,65,ないことはない,,ないことはない,can do~; is not impossible to~ Verb (ない form),N3,139,5,できないこともないですけど、少し時間をいただきたいです。,"dekinai koto mo nai desu kedo, sukoshi jikan o itadakitai desu.","It's not that I can't do it, but I would like to have some more time."
2180,66,ないと,,ないと,must do; unless/if you don't~ Verb (ない form),N3,141,1,もう⾏かないと...,mou ikanai to.,I have to go now...
2181,66,ないと,,ないと,must do; unless/if you don't~ Verb (ない form),N3,141,2,宿題をやらないと。,shukudai o yaranai to.,I have to do my homework.
2182,66,ないと,,ないと,must do; unless/if you don't~ Verb (ない form),N3,141,3,もう暗くなって、帰らないと。,"mou kuraku natte, kaeranai to.","It's already gotten dark, I need to head home."
2183,66,ないと,,ないと,must do; unless/if you don't~ Verb (ない form),N3,141,4,早くしないと間に合わないよ。,hayaku shinai to maniawanai yo.,"If you don't hurry, you won't make it in time."
2184,66,ないと,,ないと,must do; unless/if you don't~ Verb (ない form),N3,141,5,早く寝ないと、明⽇起きられないよ。,"hayaku nenai to, ashita okirarenai yo.","If you don't go to bed early, you won't be able to get up tomorrow."
2185,66,ないと,,ないと,must do; unless/if you don't~ Verb (ない form),N3,141,6,この値段より安くないと買わない。,kono nedan yori yasuku nai to kawanai.,I won't buy it unless it is cheaper than this price.
2186,66,ないと,,ないと,must do; unless/if you don't~ Verb (ない form),N3,141,8,この機会を取らないと他⼈に取られますよ。,kono kikai o toranai to tanin ni toraremasu yo.,"If you don't seize this opportunity, it will be taken by someone else."
2187,67,なかなか,,なかなか,quite~; pretty~; rather~; just not ~ Noun,N3,143,1,なかなか⾯⽩そうです。,nakanaka omoshiro sou desu.,That sounds quite interesting.
2188,67,なかなか,,なかなか,quite~; pretty~; rather~; just not ~ Noun,N3,143,2,彼はなかなか本を読む。,kare wa nakanaka hon o yomu.,He reads quite a lot of books.
2189,67,なかなか,,なかなか,quite~; pretty~; rather~; just not ~ Noun,N3,143,3,この料理はなかなか美味しいですね。,kono ryouri wa nakanaka oishii desu ne.,This food is quite good.
2190,67,なかなか,,なかなか,quite~; pretty~; rather~; just not ~ Noun,N3,143,4,彼らはなかなか⼿ごわい相⼿ですね。,karera wa nakanaka tegowai aite desu ne.,They are pretty tough opponents.
2191,67,なかなか,,なかなか,quite~; pretty~; rather~; just not ~ Noun,N3,143,5,なかなかのドレスですね。君にとても似合うと思うよ。,nakanaka no doresu desu ne. kimi ni totemo niau to omou yo.,"It's quite a nice dress, I think it suits you well."
2192,67,なかなか,,なかなか,quite~; pretty~; rather~; just not ~ Noun,N3,143,6,⾞のエンジンがなかなかかからない。,kuruma no enjin ga nakanaka kakaranai.,I can't seem to get the car to start.
2193,67,なかなか,,なかなか,quite~; pretty~; rather~; just not ~ Noun,N3,143,7,バスを待つだけなのになかなか時間がかかりそうです。,basu o matsu dake nano ni nakanaka jikan ga kakari sou desu.,"I am just waiting for the bus, but it seems like it's going to take quite some time.."
2194,67,なかなか,,なかなか,quite~; pretty~; rather~; just not ~ Noun,N3,143,8,もう来るはずなんですが、なかなかバスが来ませんね。,"mou kuru hazu nan desu ga, nakanaka basu ga kimasen ne.","It should have arrived already, but the bus doesn't seem to be coming."
2195,68,なんか・なんて・など,,なんか・なんて・など,give examples; show modesty; make light,N3,145,1,試験も近いし、テレビなど⾒ている暇はない。,"shiken mo chikai shi, terebi nado miteiru hima wa nai.",Exams are close and I don't have time to do things like watch TV.
2196,68,なんか・なんて・など,,なんか・なんて・など,give examples; show modesty; make light,N3,145,3,彼は私なんかよりすごい⼈だよ。,kare wa watashi nanka yori sugoi hito da yo.,He is a much better man than I am.
2197,68,なんか・なんて・など,,なんか・なんて・など,give examples; show modesty; make light,N3,145,4,彼は私などには⽬もくれようとしないだろう。,kare wa watashi nado ni me mo kureyou to shinai darou.,He would never bother to notice (someone like) me.
2198,68,なんか・なんて・など,,なんか・なんて・など,give examples; show modesty; make light,N3,145,5,カラオケなんか⾏きたくない,karaoke nanka ikitakunai,I don't really want to go to karaoke..
2199,68,なんか・なんて・など,,なんか・なんて・など,give examples; show modesty; make light,N3,145,6,納⾖なんて嫌いだ。,nattou nannte kirai da.,I really hate natto (Japanese fermented soybean)
2200,68,なんか・なんて・など,,なんか・なんて・など,give examples; show modesty; make light,N3,145,7,お前の話なんか誰が信じるもんか。,omae no hanashi nanka dare ga shinjiru mon ka.,Who's going to believe you're story?
2201,68,なんか・なんて・など,,なんか・なんて・など,give examples; show modesty; make light,N3,145,8,幽霊なんかいるもんか。,yuurei nanka iru mon ka.,How could anyone believe in ghosts!
2202,69,直す,なおす,直す (なおす),to do something again; to do over,N3,147,1,この作⽂はミスが多いから、書き直したほうがいいよ。,"kono sakubun wa misu ga ooi kara, kakinaoshita hou ga ii yo.","This essay has a lot of mistakes, so you should do a rewrite."
2203,69,直す,なおす,直す (なおす),to do something again; to do over,N3,147,2,彼に電話を掛け直すようにお願いしてもらえますか。,kare ni denwa o kake naosu you ni onegai shite moraemasu ka.,Could you ask him to call me back?
2204,69,直す,なおす,直す (なおす),to do something again; to do over,N3,147,3,私はその仕事をやり直すことになる。,watashi wa sono shigoto o yarinaosu koto ni naru.,I ended up having to do that job over again.
2205,69,直す,なおす,直す (なおす),to do something again; to do over,N3,147,4,家が古くなってきたので、建て直そうと思っています。,"ie ga furukute kita node, tatenaosou to omotte imasu.","This house is starting to get old, so I am thinking to have it rebuilt."
2206,69,直す,なおす,直す (なおす),to do something again; to do over,N3,147,5,あなたはその⽅法を分かりやすく書き直すべきです。,anata wa sono houhou o wakari yasuku kakinaosu beki desu.,You should rewrite that methodology so that it is easier to understand.
2207,69,直す,なおす,直す (なおす),to do something again; to do over,N3,147,6,彼は⼈⽣をもう⼀度やり直す決⼼をした。,kare wa jinsei o mou ichido yarinaosu kesshin o shita.,He decided to start his life over again.
2208,69,直す,なおす,直す (なおす),to do something again; to do over,N3,147,7,その提案はもう⼀度⾒直してください。,sono teian wa mou ichido minaoshite kudasai.,Please review your proposal one more time.
2209,69,直す,なおす,直す (なおす),to do something again; to do over,N3,147,8,転職を考えていたが、先輩の話を聞いて、考え直すことにした。,"tenshoku o kangaete ita ga, senpai no hanashi o kiite, kangaenaosu koto ni shita.","I was thinking about changing jobs, but after listening to my senior, I decided to"
2210,70,なるべく,,なるべく,as much as possible なるべく action,N3,149,1,なるべく気をつけてください。,naru beku ki o tsukete kudasai.,Be as careful as you can!
2211,70,なるべく,,なるべく,as much as possible なるべく action,N3,149,2,なるべく運動すべきです。,naru beku undou subeki desu.,You should exercise as much as possible.
2212,70,なるべく,,なるべく,as much as possible なるべく action,N3,149,3,ミーティングは、なるべく早い時間に初めてもらいたいです。,"miitiingu wa, naru beku hayai jikan ni hajimete moraitai desu.",I'd like to start the meeting as early as possible.
2213,70,なるべく,,なるべく,as much as possible なるべく action,N3,149,4,寝る前にはなるべくストレッチをしてから、寝るようにしましょう。,"neru mae niwa naru beku sutorecchi o shite kara, neru youni shimashou.",Let's try to stretch before going to bed as much as possible.
2214,70,なるべく,,なるべく,as much as possible なるべく action,N3,149,7,貯⾦するために、なるべく外⾷をしないようにしています。,"choukin suru tame ni, naru beku gaishoku o shinai youni shite imasu.","In order to save money, I'm doing my best to not eat out."
2215,71,なぜなら,,なぜなら,because; the reason is; if you want to know Result なぜなら（ば） reason,N3,151,1,なぜかというと、私は本が好きだからです。,"naze ka to iu to, watashi wa hon ga suki dakara desu.",The reason is because I like books.
2216,71,なぜなら,,なぜなら,because; the reason is; if you want to know Result なぜなら（ば） reason,N3,151,2,なぜなら彼は病気だったからです。,nazenara kare wa byouki datta kara desu.,The reason is because he was sick.
2217,71,なぜなら,,なぜなら,because; the reason is; if you want to know Result なぜなら（ば） reason,N3,151,3,買いたいけど買えません。なぜならばお⾦がないからです。,kaitai kedo kaemasen. naze naraba okane ga nai kara desu.,"I wan't to buy it, but I cannot. The reason is because I have no money."
2218,71,なぜなら,,なぜなら,because; the reason is; if you want to know Result なぜなら（ば） reason,N3,151,4,学校を変えた。なぜなら、サッカー部がなかったからだ。,"gakkou o kaeta. nazenara, sakkaa bu ga nakatta kara desu.",I changed schools because there was no soccer club at my old school.
2219,71,なぜなら,,なぜなら,because; the reason is; if you want to know Result なぜなら（ば） reason,N3,151,7,私は獣医になりたい。なぜなら私は動物が⼤好きだからです。,watashi wa juui ni naritai. nazenara watashi wa doubutsu ga daisuki dakara desu.,I want to become a veterinarian because I love animals.
2220,71,なぜなら,,なぜなら,because; the reason is; if you want to know Result なぜなら（ば） reason,N3,151,8,私は数学が好きです、なぜなら数学は最も得意な科⽬だからです。,"watashi wa suugaku ga suki desu, nazenara suugaku wa mottomo tokui na kamoku",dakara desu.
2221,72,んだって,,んだって,I hear that; heard that~ Verb (casual),N3,153,1,彼、彼⼥ができたんだって。,"kare, kanojo ga dekita ndatte.",I heard he got a girlfriend.
2222,72,んだって,,んだって,I hear that; heard that~ Verb (casual),N3,153,2,知らないんだって。,shiranai nda tte.,They said that they did not know.
2223,72,んだって,,んだって,I hear that; heard that~ Verb (casual),N3,153,3,クリスさんがJLPTのN2合格したんだって。,kurisu san ga JLPT no N2 goukaku shita nda tte.,I heard that Chris passed the JLPT N2!
2224,72,んだって,,んだって,I hear that; heard that~ Verb (casual),N3,153,4,妹が結婚しているんだって。,imouto ga kekkon shiteiru ndatte.,I heard that my sister is going to get married.
2225,72,んだって,,んだって,I hear that; heard that~ Verb (casual),N3,153,5,この店のカレー、美味しいんだって。,"kono mise no karee, oishii ndatte.",I heard that this restaurant has good curry.
2226,72,んだって,,んだって,I hear that; heard that~ Verb (casual),N3,153,6,聞いた︖トムさんは卒業したら国に帰るんだって。,kiita? tomu san wa sotsugyou shitara kuni ni kaeru datte.,Did you hear? Tom is heading back to his home country after graduation.
2227,72,んだって,,んだって,I hear that; heard that~ Verb (casual),N3,153,7,明⽇はめちゃくちゃ寒くなるんだって。出かける時に上着を着てね。,ashita wa mechakucha samuku narun datte. dekakeru toki ni uwagi o kite ne.,I heard tomorrow is going to get much worse. Make sure to to wear a jacket when you
2228,72,んだって,,んだって,I hear that; heard that~ Verb (casual),N3,153,9,試験の範囲は、教科書の100ページから150ページまでなんですって。,"shiken no hani wa, kyoukasho no hyaku peeji kara hyaku go juu peeji made nan desu",tte.
2229,73,に違いない,にちがいない,に違いない (にちがいない),I’m sure/ certain; no doubt that Verb (casual form),N3,155,1,それは痛いに違いない。,sore wa itai ni chigai nai.,I bet that hurts.
2230,73,に違いない,にちがいない,に違いない (にちがいない),I’m sure/ certain; no doubt that Verb (casual form),N3,155,2,彼はまだ寝ているに違いない。,kare wa mada neteiru ni chigai nai.,I'm sure he's still sleeping.
2231,73,に違いない,にちがいない,に違いない (にちがいない),I’m sure/ certain; no doubt that Verb (casual form),N3,155,3,トムさんは⾞を７台も持っているから、お⾦持ちに違いない。,"tomu san wa kuruma o 7 dai mo motte iru kara, o kanemochi ni chigai nai.","Tom has 7 cars, so there's no doubt he's rich."
2232,73,に違いない,にちがいない,に違いない (にちがいない),I’m sure/ certain; no doubt that Verb (casual form),N3,155,4,あのレストランはいつも⼈が多いから、⼈気があるに違いない。,"ano resutoran wa itsumo hito ga ooii kara, ninki ga aru ni chigainai.",That restuarant is always full of people so it's definitely a popular place.
2233,74,に反して,にはんして,に反して (にはんして),against; contrary to; in contrast to,N3,157,1,彼の話は事実に反する。,kare no hanashi wa jijitsu ni hansuru.,What he has said is contrary to the facts.
2234,74,に反して,にはんして,に反して (にはんして),against; contrary to; in contrast to,N3,157,2,予想に反して彼は成功した。,yosou ni hanshite kare wa seikou shita.,"Contrary to my expectation, he succeeded."
2235,74,に反して,にはんして,に反して (にはんして),against; contrary to; in contrast to,N3,157,3,社内でタバコを吸うのは社の規則に反する。,shanai de tabako o suu no wa sha no kisoku ni han suru.,Smoking in the office is against company rules.
2236,74,に反して,にはんして,に反して (にはんして),against; contrary to; in contrast to,N3,157,4,予想に反して、試験はとても簡単だった。,"yosou ni hanshite, shiken wa totemo kantan datta.","Contrary to my expectations, the test was very easy."
2237,74,に反して,にはんして,に反して (にはんして),against; contrary to; in contrast to,N3,157,6,彼らは彼の意志に反して酒を飲ませた。,karera wa kare no ishi ni hanshite sake o nomaseta.,They made him drink against his will.
2238,74,に反して,にはんして,に反して (にはんして),against; contrary to; in contrast to,N3,157,7,私の希望に反して、海外⽀社への転勤を命じられた。,"watashi no kibou ni hanshite, kaigai shisha e no tenkin o meijirareta.","Against my wishes, I was ordered to transfer to our overseas branch."
2239,74,に反して,にはんして,に反して (にはんして),against; contrary to; in contrast to,N3,157,8,それは私の主義に反する。,sore wa watashi no shugi ni han suru.,That goes against my principles.
2240,75,にかけて,,にかけて,over (a period); through~; concerning~;,N3,159,1,テニスにかけては、彼に勝てる⼈はいない。,"tenisu ni kakete wa, kare ni kateru hito wa inai.",There is no one who can beat him in tennis.
2241,75,にかけて,,にかけて,over (a period); through~; concerning~;,N3,159,2,マンガにかけては、私より詳しい⼈はいません。,"manga ni kakete wa, watashi yori kuwashii hito wa imasen.","Regarding manga, there is nobody who knows as much as I do."
2242,75,にかけて,,にかけて,over (a period); through~; concerning~;,N3,159,3,私はギターにかけては誰よりも詳しい。,watashi wa gitaa ni kakete wa dare yori mo kuwashii.,I am more knowledgeable about guitar than anyone.
2243,75,にかけて,,にかけて,over (a period); through~; concerning~;,N3,159,4,弟は勉強はできないが、泳ぎにかけては誰にも負けない。,"otouto wa benkyou wa dekinai ga, oyogi ni kaketewa dare nimo makenai.","Though my little brother’s not good at studying, he won’t lose to anyone at swimming."
2244,75,にかけて,,にかけて,over (a period); through~; concerning~;,N3,159,5,漢字の知識にかけては誰にも負けない⾃信がある。,kanji no chishiki ni kakete wa dare nimo makenai jishin ga aru.,I have confidence that I won't lose to anyone regarding knowledge of kanji.
2245,75,にかけて,,にかけて,over (a period); through~; concerning~;,N3,159,6,彼はパソコンにかけて何の故障でも直せます。,kare wa pasokon ni kakete nan no koshou demo naosemasu.,He can fix anything that's broken related to computers.
2246,75,にかけて,,にかけて,over (a period); through~; concerning~;,N3,159,7,私は、状況の変化にすばやく対応することにかけては、⾃信がある。,"watashi wa, joukyou no henka ni subayaku taiou suru koto ni kakete wa, jishin ga aru.",I have confidence in my ability to swiftly deal with any situation changes.
2247,75,にかけて,,にかけて,over (a period); through~; concerning~;,N3,159,8,名誉にかけても君との約束を守る。,meiyo ni kaketemo kimi to no yakusoku o mamoru.,I swear on my pride that I will keep the promise that i made with you.
2248,75,にかけて,,にかけて,over (a period); through~; concerning~;,N3,159,9,弁護⼠の信⽤にかけてもあなたの権利を守ります。,bengoshi no shinyou ni kaketemo anata no kenri o mamori masu.,I swear on my honor as a lawyer that I will be protecting your rights.
2249,76,にかわって にかわり,,にかわって にかわり,instead of~; replacing~; on behalf of~,N3,163,1,弟は、⺟にかわってご飯を作った。,"otouto wa, haha ni kawatte gohan o tsukutta.",My little brother made dinner instead of my mom.
2250,76,にかわって にかわり,,にかわって にかわり,instead of~; replacing~; on behalf of~,N3,163,2,部⻑にかわり、私は会議に参加しました。,"buchou ni kawari, watashi wa kaigi ni sanka shimashita.",I participated in the meeting instead of my manager.
2251,76,にかわって にかわり,,にかわって にかわり,instead of~; replacing~; on behalf of~,N3,163,4,⽗にかわって⼀⾔お礼を申し上げます。,chichi ni kawatte hitokoto orei o moushi agemasu.,I will say a word of thanks in place of my father.
2252,76,にかわって にかわり,,にかわって にかわり,instead of~; replacing~; on behalf of~,N3,163,5,来週の出張は⼤阪にかわって、京都に⾏くことになりました。,"raishuu no shucchou wa oosaka ni kawatte, kyouto ni iku koto ni narimashita.",Next week's business trip was changed from Osaka to Kyoto.
2253,76,にかわって にかわり,,にかわって にかわり,instead of~; replacing~; on behalf of~,N3,163,6,出張中の部⻑にかわって、私がごあいさつさせていただきます。,shucchou chuu no buchou ni kawatte watashi ga aisatsu sasete itadakimasu.,Please accept my greetings in place of my boss who is currently away on a business
2254,76,にかわって にかわり,,にかわって にかわり,instead of~; replacing~; on behalf of~,N3,163,8,兄にかわり、私は家庭の経営を受け⼊れました。,"ani ni kawari, watashi wa katei no keiei o ukeiremashita.",I inherited the family business instead of my brother.
2255,77,にくらべて,,にくらべて,compared to~; in comparison to~,N3,165,1,昨⽇に⽐べて、今⽇は少し寒いね。,"kinou ni kurabete, kyou wa sukoshi samui ne.",It's a bit cold today compared to yesterday.
2256,77,にくらべて,,にくらべて,compared to~; in comparison to~,N3,165,2,ロンドンはパリに⽐べると⼤きい。,rondon wa pari ni kuraberu to ookii.,"London is large, compared with Paris."
2257,77,にくらべて,,にくらべて,compared to~; in comparison to~,N3,165,3,以前に⽐べて、彼の⽇本語は上⼿になった。,"izen ni kurabete, kare no nihongo wa jouzu ni natta.",His Japanese is better than before.
2258,77,にくらべて,,にくらべて,compared to~; in comparison to~,N3,165,4,⽇本はアメリカや中国に⽐べれば⼩さな国です。,nihon wa amerika ya chuugoku ni kurabereba chiisana kuni desu.,"Compared with America or China, Japan is a small country."
2259,77,にくらべて,,にくらべて,compared to~; in comparison to~,N3,165,5,東京に⽐べて、⼤阪のほうが物価が安い。,"toukyou ni kurabete, oosaka no hou ga bukka ga yasui.","In comparison to Tokyo, prices in Osaka are cheaper."
2260,77,にくらべて,,にくらべて,compared to~; in comparison to~,N3,165,6,アメリカでの⽣活は、⽇本に⽐べてどのような違いがありましたか︖,"amerika de no seikatsu wa, nihon ni kurabete dono you na chigai ga arimashita ka︖",How was life in America different from life in Japan?
2261,77,にくらべて,,にくらべて,compared to~; in comparison to~,N3,165,8,男性に⽐べて、⼥性の⽅が⼀般的に寿命が⻑いそうです。,"dansei ni kurabete, josei no kata ga ippanteki ni jumyou ga nagai sou desu.",Women generally have longer lifespans compared to men.
2262,77,にくらべて,,にくらべて,compared to~; in comparison to~,N3,165,9,⼗年前に⽐べて今の⽣活はなんと豊かでしょう。,juunen mae ni kurabete ima no seikatsu wa nanto yutaka deshou.,How rich is life today compared to ten years ago?
2263,78,に慣れる,になれる,に慣れる (になれる),to be used to something,N3,167,1,私は⽇本の⽣活に慣れるまでが⼤変だった。,watashi wa nihon no seikatsu ni nareru made ga taihen datta.,It was tough before I got used to life in Japan.
2264,78,に慣れる,になれる,に慣れる (になれる),to be used to something,N3,167,2,私は早起きするのに慣れていない。,watashi wa hayaoki suru no ni nareteinai.,I am not used to getting up early.
2265,78,に慣れる,になれる,に慣れる (になれる),to be used to something,N3,167,3,あなたはすぐに新しい⼤学⽣活に慣れるだろう。,anata wa sugu ni atarashii daigaku seikatsu ni nareru darou.,You'll soon get used to your new college life before you know it!
2266,78,に慣れる,になれる,に慣れる (になれる),to be used to something,N3,167,4,彼は⼀⼈暮らしに慣れている。,kare wa hitorigurashi ni nareteiru.,He is used to living alone.
2267,78,に慣れる,になれる,に慣れる (になれる),to be used to something,N3,167,5,彼は新しい会社で働くことに慣れるだろう。,kare wa atarashii kaisha de hataraku koto ni nareru darou.,He probably is used to working at the new company.
2268,78,に慣れる,になれる,に慣れる (になれる),to be used to something,N3,167,6,外国⼈が⽇本の⾷事に慣れることは難しい。,gaikokujin ga nihon no shokuji ni nareru koto wa muzukashii.,It is difficult for foreigners to get used to Japanese food.
2269,78,に慣れる,になれる,に慣れる (になれる),to be used to something,N3,167,7,私がここの⽣活に慣れるのは時間がかかりそうです。,watashi ga koko no seikatsu ni nareru no wa jikan ga kakari sou desu.,It will take some time for me to get used to life here.
2270,78,に慣れる,になれる,に慣れる (になれる),to be used to something,N3,167,8,あなたは道路の右側を運転することにすぐに慣れるでしょう。,anata wa douro no migigawa o unten suru koto ni sugu ni nareru deshou.,You will soon get used to driving on the right side of the road.
2271,79,において における,,において における,in; at (place); regarding~; as for~; in,N3,169,1,私は全てにおいて頑張ります。,watashi wa subete ni oite ganbarimasu.,I do my best with everything.
2272,79,において における,,において における,in; at (place); regarding~; as for~; in,N3,169,2,当時においては、海外旅⾏など夢のようなことだった。,"touji ni oite wa, kaigai ryokou nado yume no youna koto datta.","Back then, traveling abroad was like a dream."
2273,79,において における,,において における,in; at (place); regarding~; as for~; in,N3,169,3,だいたいにおいて春に⾬がよく降る。,daitai ni oite haru ni ame ga yoku furu.,It generally rains a lot in Spring.
2274,79,において における,,において における,in; at (place); regarding~; as for~; in,N3,169,4,今度のオリンピックは東京において開催される。,kondo no orinpikku wa toukyou ni oite kaisai sareru.,The upcoming Olympics will be held in Tokyo.
2275,79,において における,,において における,in; at (place); regarding~; as for~; in,N3,169,6,⾞内における携帯電話のご利⽤はご遠慮ください。,shanai ni okeru keitaidenwa no go riyou wa go enryo kudasai.,Please refrain from using mobile phones inside the car.
2276,79,において における,,において における,in; at (place); regarding~; as for~; in,N3,169,7,中学校における英語教育は今でも問題だらけだ。,chuugakkou ni okeru eigo kyouiku wa ima demo mondai darake da.,English education in junior high school is still full of problems.
2277,79,において における,,において における,in; at (place); regarding~; as for~; in,N3,169,8,彼らは⽇本におけるビートルズだ。,karera wa nihon ni okeru biitoruzu da.,They are The Beetles of Japan.
2278,79,において における,,において における,in; at (place); regarding~; as for~; in,N3,169,9,彼は我々の事業における販売部⾨の責任者だ。,kare wa wareware no jigyou ni okeru hanbai bumon no sekininsha da.,He's in charge of the sales end of our business.
2279,79,において における,,において における,in; at (place); regarding~; as for~; in,N3,169,10,その事故は彼の⾞の運転における不注意によるものであった。,sono jiko wa kare no kuruma no unten ni okeru fuchuui ni yoru mono de atta.,The accident was due to his careless driving of the car.
2280,80,にしたがって,,にしたがって,as; therefore; in accordance with; according,N3,171,1,暗くなるにしたがって、だんだん寒くなってきました。,"kuraku naru ni shitagatte, dandan samuku natte kimashita.",It began to get colder as it got darker.
2281,80,にしたがって,,にしたがって,as; therefore; in accordance with; according,N3,171,2,年をとるにしたがって、病気になりやすくなります。,"toshi o toru ni shitagatte, byouki ni nari yasuku narimasu.","As one gets older, it becomes easier to get sick."
2282,80,にしたがって,,にしたがって,as; therefore; in accordance with; according,N3,171,3,⽇本での⽣活に慣れるにしたがって⽇本⼈の友達が増えた。,nihon de no seikatsu ni nareru ni shitagatte nihonjin no tomodachi ga fueta.,"As I got used to life in Japan, my number of Japanese friends increased."
2283,80,にしたがって,,にしたがって,as; therefore; in accordance with; according,N3,171,4,寒くなるに従って⾵邪を引く⼈が多くなります。,samuku naru ni shitagatte kaze o hiku hito ga ooku narimasu.,"As it gets colder, people with colds will increase."
2284,80,にしたがって,,にしたがって,as; therefore; in accordance with; according,N3,171,5,パソコンの普及に従って、仕事がとてもやりやすくなった。,"pasokon no fukyuu ni shitagatte, shigoto ga totemo yari yasuiku natta.","As computers become more widespread, work become much easier."
2285,80,にしたがって,,にしたがって,as; therefore; in accordance with; according,N3,171,6,試験の⽇が近づくに従い、不安と緊張で眠れない⽇が続く。,"shiken no hi ga chikaduku ni shitagai, fuan to kinchou de nemurenai hi ga tsuduku.","As the test day nears, sleepless nights from uncertainty and nervousness continue."
2286,80,にしたがって,,にしたがって,as; therefore; in accordance with; according,N3,171,7,家族が増えるに従って、私たちは⼈の多い都市部から引っ越した。,"kazoku ga fueru ni shitagatte, watashitachi wa hito no ooi toshibu kara hikkoshita.","As our family grew, we moved out of the crowded urban area."
2287,80,にしたがって,,にしたがって,as; therefore; in accordance with; according,N3,171,9,皆さん、⾝の安全の確保し、落ち着いて指⽰に従ってください。,"minasan, mi no anzen no kakuho shi, ochitsuite shiji ni shitagatte kudasai.",Please keep yourself safe and calm and follow the instructions.
2288,80,にしたがって,,にしたがって,as; therefore; in accordance with; according,N3,171,10,⾬が激しく降った。したがって野球の試合は中⽌になった。,ame ga hageshiku futta. shitagatte yakyuu no shiai wa chuushi ni natta.,"It rained heavily, and consequently, the baseball game was called off."
2289,81,にしても,,にしても,even if; even though; regardless of Verb (casual),N3,173,1,それにしても、⽇本は良い国ですね︕,"sore ni shite mo, nihon wa yoi kuni desu ne!","Regardless, Japan is a great country!"
2290,81,にしても,,にしても,even if; even though; regardless of Verb (casual),N3,173,2,何をするにしても、よく考えてから⾏動しなさい。,"nani o suru ni shite mo, yoku kangaete kara koudou shinasai.","Regardless of what you do, make sure you think carefully before you take action."
2291,81,にしても,,にしても,even if; even though; regardless of Verb (casual),N3,173,3,どちらにしても賛成できない。,dochira ni shite mo sansei dekinai.,In either case I cannot agree.
2292,81,にしても,,にしても,even if; even though; regardless of Verb (casual),N3,173,4,今回の試験は合格したにしても、点数はあまりよくないと思う。,"konkai no shiken wa goukaku shita ni shite mo, tensuu wa amari yokunai to omou.","Even if I pass this test, I don’t think I’ll have a high score."
2293,81,にしても,,にしても,even if; even though; regardless of Verb (casual),N3,173,5,誰がやったにしても、私たち全員で責任を取らなければならない。,"dare ga yatta ni shite mo, watashi tachi zen'in de sekinin o toranakereba naranai.","Regardless of who did it, we must all take responsibility."
2294,81,にしても,,にしても,even if; even though; regardless of Verb (casual),N3,173,6,いずれにしても同じ結果になる。,izure ni shite mo onaji kekka ni naru.,Both lead to the same result.
2295,81,にしても,,にしても,even if; even though; regardless of Verb (casual),N3,173,7,どちらにしても、できるだけ早く予約した⽅がいいよ。,"dochira ni shite mo, dekiru dake hayaku yoyaku shita hou ga ii yo.","Either way, you should make the reservation as soon as possible."
2296,82,にしては,,にしては,for; considering it’s (something or someone) Verb (casual),N3,175,1,今４⽉にしては、ちょっと暑いですね。,"ima 4 gatsu ni shite wa, chotto atsui desu ne.",It's a bit hot for April.
2297,82,にしては,,にしては,for; considering it’s (something or someone) Verb (casual),N3,175,2,初めてケーキを作ったにしては、上⼿にできましたね。,"hajimete keeki o tsukutta ni shite wa, jouzu ni dekimashita ne.",You did a good job with the cake considering it was your first time.
2298,82,にしては,,にしては,for; considering it’s (something or someone) Verb (casual),N3,175,3,あの⼈は５０歳にしては、ずいぶん若く⾒える。,"ano hito wa 50 sai ni shite wa, zuibun wakaku mieru.",That person looks considerably young for 50.
2299,82,にしては,,にしては,for; considering it’s (something or someone) Verb (casual),N3,175,4,外国⼈にしては⽇本語が上⼿だ。,gaikokujin ni shite wa nihongo ga jouzu da.,"For a foreigner, his Japanese is very good."
2300,82,にしては,,にしては,for; considering it’s (something or someone) Verb (casual),N3,175,5,この⼦は⼩学⽣にしてはずいぶんしっかりしている。,kono ko wa shougakusei ni shite wa zuibun shikkari shite iru.,"For an elementary school student, this kid sure has himself in order."
2301,82,にしては,,にしては,for; considering it’s (something or someone) Verb (casual),N3,175,6,彼は勉強しなかったにしては、いい点が取れた。,"kare wa benkyou shinakatta ni shite wa, ii ten ga toreta.","For someone who didn't do their homework, he still managed to get a decent score."
2302,82,にしては,,にしては,for; considering it’s (something or someone) Verb (casual),N3,175,7,ラグビー選⼿にしては、体が⼩さいよね。,"ragubii senshu ni shite wa, karada ga chiisai yo ne.","For a rugby athlete, their body is pretty small."
2303,82,にしては,,にしては,for; considering it’s (something or someone) Verb (casual),N3,175,8,彼は、タクシー運転⼿にしては道を知らない。,"kare wa, takushii untenshu ni shite wa michi o shiranai.",He’s a taxi driver yet he doesn’t know the road.
2304,82,にしては,,にしては,for; considering it’s (something or someone) Verb (casual),N3,175,9,彼は新⼊社員にしては、電話応対が上⼿だ。,"kare wa shinnyuu shain ni shite wa, denwa outai ga jouzu da.","Considering he just entered the company, he is really good at handling phone calls."
2305,83,に対して,にたいして,に対して (にたいして),towards; against; regarding; in contrast with Noun に対して,N3,177,1,彼は⼥性に対しては優しい。,kare wa kanojo ni taishite wa yasashii.,He is kind towards her.
2306,83,に対して,にたいして,に対して (にたいして),towards; against; regarding; in contrast with Noun に対して,N3,177,2,お客さんに対して、そのような⾔葉遣いをしてはいけません。,"okyakusan ni taishite wa, sono you na kotoba dzukai o shite wa ikemasen.",You must not speak towards customers that way.
2307,83,に対して,にたいして,に対して (にたいして),towards; against; regarding; in contrast with Noun に対して,N3,177,3,私の先⽣は男の⼦に対して厳しいが、⼥の⼦に対しては優しい。,"watashi no sensei wa otokonoko ni taishite wa kibishii ga, onnanoko ni taishite wa",yasashii.
2308,83,に対して,にたいして,に対して (にたいして),towards; against; regarding; in contrast with Noun に対して,N3,177,4,⽬上の⼈に対して敬意を⽰さなければなりません。,meue no hito ni taishite keii o shimesanakereba narimasen.,We must show respect to our superiors.
2309,83,に対して,にたいして,に対して (にたいして),towards; against; regarding; in contrast with Noun に対して,N3,177,5,⼦供に対して短気を起こしてはいけない。,kodomo ni taishite tanki o okoshite wa ikenai.,You shouldn't be impatient with children.
2310,83,に対して,にたいして,に対して (にたいして),towards; against; regarding; in contrast with Noun に対して,N3,177,6,彼の意⾒に対して、反対の⼈は⼿をあげてください。,"kare no iken ni taishite, hantai no hito wa te o agete kudasai.",Raise your hand if any of you are opposed to his opinion.
2311,83,に対して,にたいして,に対して (にたいして),towards; against; regarding; in contrast with Noun に対して,N3,177,7,先⽇の会議では彼の説明に対して質問が集中した。,senjitsu no kaigi de wa kare no setsumei ni taishite shitsumon ga shuuchuu shita.,There were a lot of questions in regard to his explanation at the meeting the other day.
2312,83,に対して,にたいして,に対して (にたいして),towards; against; regarding; in contrast with Noun に対して,N3,177,8,社会⼈になると⾃分の発⾔に対して責任を持たなくてはいけない。,shakai hito ni naru to jibun no hatsugen ni taishite sekinin o motanakute wa ikenai.,"As a working adult, you have to take responsibility for your remarks."
2313,83,に対して,にたいして,に対して (にたいして),towards; against; regarding; in contrast with Noun に対して,N3,177,9,彼が考案したこのシステムに対して、すぐに抗議の声があがった。,"kare ga kouan shita kono shisutemu ni taishite, sugu ni kougi no koe ga agatta.",There was some initial resistance to his system.
2314,84,にとって,,にとって,to; for; concerning; as far as ... is concerned; Noun にとって（は/も）,N3,179,1,私にとって、漢字の勉強はとても楽しい。,"watashi ni totte, kanji no benkyou wa totemo tanoshii.","For me, studying kanji is a lot of fun!"
2315,84,にとって,,にとって,to; for; concerning; as far as ... is concerned; Noun にとって（は/も）,N3,179,2,あなたにとって、⼀番⼤切な物は何ですか︖,"anata ni totte, ichiban taisetsu na mono wa nan desu ka?",What is the most important thing for you?
2316,84,にとって,,にとって,to; for; concerning; as far as ... is concerned; Noun にとって（は/も）,N3,179,3,家族は私にとって、⼀番⼤切な物です。,"kazoku wa watashi ni totte, ichiban taisetsu na mono desu.","For me, the most important thing is family."
2317,84,にとって,,にとって,to; for; concerning; as far as ... is concerned; Noun にとって（は/も）,N3,179,4,⽔は⼈間の体にとって必要なものだ。,mizu wa ningen no karada ni totte hitsuyou na mono da.,Water is essential for the human body.
2318,84,にとって,,にとって,to; for; concerning; as far as ... is concerned; Noun にとって（は/も）,N3,179,5,スポーツ選⼿にとって、健康管理はとても重要です。,"supootsu senshu ni totte, kenkou kanri wa totemo juuyou desu.","For athletes, health management is extremely important."
2319,84,にとって,,にとって,to; for; concerning; as far as ... is concerned; Noun にとって（は/も）,N3,179,6,転校は、⼦どもにとって⼤きな変化だ。,"tenkou wa, kodomo ni totte ookina henka da.",Changing schools is a big change for a child.
2320,84,にとって,,にとって,to; for; concerning; as far as ... is concerned; Noun にとって（は/も）,N3,179,7,学⽣にとって、良い教育環境が必要です。,"gakusei ni totte, yoi kyouiku kankyou ga hitsuyou desu.",A good academic environment is essential for students.
2321,84,にとって,,にとって,to; for; concerning; as far as ... is concerned; Noun にとって（は/も）,N3,179,8,タバコの煙や匂いは、吸わない⼈にとっては苦痛だ。,"tabako no kemuri ya nioi wa, suwanai hito ni totte wa kutsuu da.","For people who do not smoke, tobacco's smoke and smell can be very painful."
2322,85,について,,について,concerning; regarding; about; on Noun について,N3,181,1,この問題についてどう思いますか。,kono mondai ni tsuite dou omoimasu ka.,What do you think about this problem?
2323,85,について,,について,concerning; regarding; about; on Noun について,N3,181,2,あなたの国についていろいろと教えてください。,anata no kuni ni tsuite iroiro to oshiete kudasai.,Please tell me more about your country.
2324,85,について,,について,concerning; regarding; about; on Noun について,N3,181,3,その事件について、知っていることを全部話してください。,"sono jiken ni tsuite, jitteiru koto o zenbu hanashite kudasai.",Please tell me everything you know regarding that incident.
2325,85,について,,について,concerning; regarding; about; on Noun について,N3,181,4,お医者さんに、今飲んでいる薬について説明をしてもらいました。,"oisha san ni, ima nondeiru kusuri ni tsuite setsumei o shite moraimashita.",I had my doctor explain to me about the medicine I am taking now.
2326,85,について,,について,concerning; regarding; about; on Noun について,N3,181,5,⼤学では国際ビジネスについて研究したいと思っています。,daigaku de wa kokusai bijinesu ni tsuite kenkyuu shitai to omotteimasu.,I am thinking about studying international business in university.
2327,85,について,,について,concerning; regarding; about; on Noun について,N3,181,6,明⽇、私は⾃分の国の料理について発表します。,"ashita, watashi wa jibun no kuni no ryouri ni tsuite happyou shimasu.","Tomorrow, I will give a presentation on food in my home country."
2328,85,について,,について,concerning; regarding; about; on Noun について,N3,181,7,私は未来について決して⼼配しない。,watashi wa mirai ni tsuite kesshite shinpai shinai.,I never worry about the future.
2329,85,について,,について,concerning; regarding; about; on Noun について,N3,181,8,ベトナムの観光地について調べています。,betonamu no kankouchi ni tsuite shirabeteimasu.,I am researching about tourist attractions in Vietnam.
2330,85,について,,について,concerning; regarding; about; on Noun について,N3,181,9,今⽇の授業では、先⽣が勉強⽅法について教えてくれました。,"kyou no jugyou de wa, sensei ga benkyou houhou ni tsuite oshiete kuremashita.",In today's class the teacher taught me about study methods.
2331,86,につれて,,につれて,as; in proportion to; with; as… then… Verb (dictionary form),N3,183,1,台⾵が近づくにつれて、どんどん⾵が強くなってきた。,"taifuu ga chikazuku ni tsurete, dondon kaze ga tsuyoku natte kita.","As the typhoon came closer, the wind gradually got stronger."
2332,86,につれて,,につれて,as; in proportion to; with; as… then… Verb (dictionary form),N3,183,2,⽇本語が上⼿になるにつれて、⽇本での⽣活が楽しくなってきた。,"nihongo ga jouzu ni naru ni tsurete, nihon de no seikatsu ga tanoshiku natte kita.","As I continued to improve my Japanese, life in Japan became more enjoyable."
2333,86,につれて,,につれて,as; in proportion to; with; as… then… Verb (dictionary form),N3,183,3,年をとるにつれて、髪の⾊が⽩くなるのは普通だ。,"toshi o toru ni tsurete, kami no iro ga shiroku naru no wa futsuu da.",It is normal for one's hair to turn white as they age.
2334,86,につれて,,につれて,as; in proportion to; with; as… then… Verb (dictionary form),N3,183,4,⼦供たちが⼤きくなるにつれ、⺟親であることが楽になってきた。,"kodomotachi ga ookiku naru ni tsure, hahaoya de aru koto ga raku ni natte kita.","As the kids get older, being a mother gets easier."
2335,86,につれて,,につれて,as; in proportion to; with; as… then… Verb (dictionary form),N3,183,5,時がたつにつれて、愛が深くなる。,"toki ga tatsu ni tsurete, ai ga fukaku naru.",Love grows with time.
2336,86,につれて,,につれて,as; in proportion to; with; as… then… Verb (dictionary form),N3,183,6,試験が近づくにつれて彼は不安になってきた。,shiken ga chikazuku ni tsurete kare wa fuan ni natte kita.,"As the exam drew near, he became more anxious."
2337,86,につれて,,につれて,as; in proportion to; with; as… then… Verb (dictionary form),N3,183,7,暗くなるにつれて、だんだん眠くなってきた。,"kuraku naru ni tsurete, dandan nemuku natte kita.",I became more and more sleepy as night fell.
2338,86,につれて,,につれて,as; in proportion to; with; as… then… Verb (dictionary form),N3,183,8,町の発展につれて、⾃然が少なくなった。,"machi no hatten ni tsurete, shizen ga sukunakunatta.","As the town developed, the areas of nature decreased."
2339,86,につれて,,につれて,as; in proportion to; with; as… then… Verb (dictionary form),N3,183,9,⼈々がより⻑⽣きするにつれて、退職する年齢は変わるだろう。,"hitobito ga yori nagaiki suru ni tsurete, taishoku suru nenrei wa kawaru darou.","As people live longer, the age of retirement will likely change."
2340,87,には,,には,for the purpose of; in order to~ Verb (dictionary form) には,N3,185,1,⽇本語が上⼿になるには、どうしたらいいですか。,"nihongo ga jouzu ni naru ni wa, dou shitara ii desu ka?",What should I do to improve my Japanese?
2341,87,には,,には,for the purpose of; in order to~ Verb (dictionary form) には,N3,185,2,図書館の本を借りるには、このカードが必要です。,"toshokan no hon o kariru ni wa, kono kaado ga hitsuyou desu.","In order to borrow a book from the library, you need this card."
2342,87,には,,には,for the purpose of; in order to~ Verb (dictionary form) には,N3,185,4,⼦供がいい⼤学に⼊れるには、私は毎⽇残業してお⾦を稼いている。,"kodomo ga ii daigaku ni haireru ni wa, watashi wa mainichi zangyou shite okane o",kaseite iru.
2343,87,には,,には,for the purpose of; in order to~ Verb (dictionary form) には,N3,185,6,私がその⼝座を解約するにはどうしたらいいか。,watashi ga sono kouza o kaiyaku suru ni wa dou shitara ii ka?,What should I do in order to close that account?
2344,87,には,,には,for the purpose of; in order to~ Verb (dictionary form) には,N3,185,7,あなたは無理だよ。その仕事をするには、すごい体⼒が要る。,"anata wa murida yo. sono shigoto o suru ni wa, sugoi tairyoku ga iru.",It's not possible for you. It takes tremendous physical strength to do that job.
2345,87,には,,には,for the purpose of; in order to~ Verb (dictionary form) には,N3,185,8,その建物が完成するにはあと1年間ぐらいかかる。,sono tatemono ga kansei suru ni wa ato 1 nenkan gurai kakaru.,It will take about another year to complete that building.
2346,88,によると によれば,,によると によれば,according to~,N3,187,1,天気予報によると、明⽇は⾬だそうです。,"tenki jouhou ni yoru to, ashita wa ame da sou desu.","According to the weather report, tomorrow it looks like it will rain."
2347,88,によると によれば,,によると によれば,according to~,N3,187,2,私の聞いたところによると、彼らは別れそうだ。,"watashi no kiita tokoro ni yoru to, karera wa wakare sou da.","According to what I heard, they have broken up."
2348,88,によると によれば,,によると によれば,according to~,N3,187,4,ニュースによれば、近頃物価が上がるそうです。,"nyuusu ni yoreba, chikagoro bukka ga agaru sou desu.","According to the news, prices are expected to rise in the near future."
2349,88,によると によれば,,によると によれば,according to~,N3,187,6,さっきの地震はテレビの速報によると震度５だそうだ。,sakki no jishin wa terebi no sokuhou ni yoru to shindo go da sou da.,"According to the quick TV report, the earthquake just now was a magnitude 5."
2350,88,によると によれば,,によると によれば,according to~,N3,187,7,この資料によれば、経営状況は毎年悪化傾向にあることがわかる。,"kono shiryou ni yore ba, keiei joukyou wa maitoshi akka keikou ni aru koto ga wakaru.","According to this material, the business situation is deteriorating every year."
2351,89,によって による,,によって による,by means of; due to; owing to; because of~,N3,189,1,それは場合による。,sore wa baai ni yoru.,That depends on the situation.
2352,89,によって による,,によって による,by means of; due to; owing to; because of~,N3,189,2,⼈によって考え⽅が違う。,hito ni yotte kangaegata ga chigau.,Everyone has a different way of thinking.
2353,89,によって による,,によって による,by means of; due to; owing to; because of~,N3,189,3,⼤雪によって、電⾞は２時間以上も遅れました。,"ooyuki ni yotte, densha wa 2 jikan ijou mo okuremashita.","Due to the heavy snow, the train was more than 2 hours late."
2354,89,によって による,,によって による,by means of; due to; owing to; because of~,N3,189,4,その薬品は⼈によっては強い副作⽤が起こる。,sono yakuhin wa hito ni yotte wa tsuyoi fukusayou ga okoru.,That medicine has strong side effects depending on the person.
2355,89,によって による,,によって による,by means of; due to; owing to; because of~,N3,189,5,これは有名な作家によって書かれた⼩説です。,kore wa yuumei na sakka ni yotte kakareta shousetsu desu.,This is a novel that was written by a famous author.
2356,89,によって による,,によって による,by means of; due to; owing to; because of~,N3,189,6,習慣は国によって異なる。,shuukan wa kuni ni yotte kotonaru.,Customs differ from one country to another.
2357,89,によって による,,によって による,by means of; due to; owing to; because of~,N3,189,7,私たちは⾔語によって思想を表現する。,watashitachi wa gengo ni yotte shisou o hyougen suru.,We express our thoughts by means of languages.
2358,89,によって による,,によって による,by means of; due to; owing to; because of~,N3,189,8,関東地⽅にかけて台⾵から北海道による被害が広がっています。,kantou chihou kara hokkaidou ni kakete taifuu ni yoru higai ga hirogatte imasu.,Typhoon damage has spread from the Kanto region to Hokkaido.
2359,89,によって による,,によって による,by means of; due to; owing to; because of~,N3,189,9,その事故は彼の⾞の運転における不注意によるものであった。,sono jiko wa kare no kuruma no unten ni okeru fuchuui ni yoru mono de atta.,The accident was due to his careless driving of the car.
2360,89,によって による,,によって による,by means of; due to; owing to; because of~,N3,189,10,増税により、⽣活は苦しくなる⼀⽅だ。,"zouzei ni yori, seikatsu wa kurushiku naru ippou da.",Tax increases are making life harder.
2361,90,のでしょうか,,のでしょうか,ask a question in a polite way Verb (casual),N3,191,1,明⽇は晴れるのでしょうか。,ashita wa hareru no deshou ka?,I wonder if it will be clear tomorrow.
2362,90,のでしょうか,,のでしょうか,ask a question in a polite way Verb (casual),N3,191,2,彼らはそれをどうするつもりなのでしょうか。,karera wa sore o dousuru tsumori na no deshou ka?,What do they plan on doing with that?
2363,90,のでしょうか,,のでしょうか,ask a question in a polite way Verb (casual),N3,191,3,私はそれを待てば良いのでしょうか。,watashi wa sore o mateba yoi no deshou ka?,Should I wait for that myself?
2364,90,のでしょうか,,のでしょうか,ask a question in a polite way Verb (casual),N3,191,4,この問題を解決するにはどうすればよいのでしょうか。,kono mondai o kaiketsu suru ni wa dousureba yoi no deshou ka?,I wonder what we should do to resolve this issue?
2365,90,のでしょうか,,のでしょうか,ask a question in a polite way Verb (casual),N3,191,5,すみません、これは正しい⾦額なのでしょうか︖,"sumimasen, kore wa tadashii kingaku na no deshou ka?","Sorry, Is this the correct amount of money?"
2366,90,のでしょうか,,のでしょうか,ask a question in a polite way Verb (casual),N3,191,6,なぜ⽇本⼈は英語が苦⼿なのでしょうか︖,naze nihonjin wa eigo ga nigate na no deshou ka?,Why are Japanese people not good with English?
2367,90,のでしょうか,,のでしょうか,ask a question in a polite way Verb (casual),N3,191,7,どうして⽇本では毎年、地震がたくさん起きるのでしょうか。,"doushite nihon de wa maitoshi, jishin ga takusan okiru no deshou ka?",Why are there a lot of earthquakes in Japan every year?
2368,90,のでしょうか,,のでしょうか,ask a question in a polite way Verb (casual),N3,191,8,あなたが⽇本に来ることは決定したのでしょうか︖,anata ga nihon ni kuru koto wa kettei shita no deshou ka?,Have you decided to come to Japan?
2369,91,をちゅうしんに,,をちゅうしんに,focused on; centered on,N3,193,1,⽂法を中⼼に、⽇本語を勉強する。,"bunpou o chuushin ni, nihongo o benkyou suru.",To study Japanese with a focus on grammar.
2370,91,をちゅうしんに,,をちゅうしんに,focused on; centered on,N3,193,2,私の⼈⽣はすべて、家族を中⼼に回っている。,"watashi no jinsei wa subete, kazoku o chuushin ni mawatteiru.",Everything in my life revolves around family.
2371,91,をちゅうしんに,,をちゅうしんに,focused on; centered on,N3,193,3,その物語は彼⼥の⼀⽣を中⼼にして書かれている。,sono monogatari wa kanojo no isshou o chuushin ni shite kakareteiru.,That story is written around her life story.
2372,91,をちゅうしんに,,をちゅうしんに,focused on; centered on,N3,193,5,この作家の作品は、若い⼥性を中⼼に読まれている。,"kono sakka no sakuhin wa, wakai josei o chuushin ni yomarete iru.",This author’s books are mostly read by young women.
2373,91,をちゅうしんに,,をちゅうしんに,focused on; centered on,N3,193,6,この店はスキー⽤品を中⼼としたスポーツ専⾨店です。,kono mise wa sukii youhin o chuushin toshita supootsu senmonten desu.,This sport store specializes in ski equipment.
2374,91,をちゅうしんに,,をちゅうしんに,focused on; centered on,N3,193,7,地球は太陽を中⼼として回っている。,chikyuu wa taiyou o chuushin toshite mawatte iru.,The Earth is revolving around the Sun.
2375,91,をちゅうしんに,,をちゅうしんに,focused on; centered on,N3,193,8,⽇本は東京を中⼼に経済が発展している。,nihon wa toukyou o chuushin ni keizai ga hatten shite iru.,The Japanese economy is expanding with Tokyo as its center.
2376,92,をはじめ,,をはじめ,for example; starting with,N3,195,1,東京には東京タワーをはじめ多くの観光地がある。,toukyou ni wa toukyou tawaa o hajime ooku no kankouchi ga aru.,"In Tokyo, there are many tourist attractions like Tokyo Tower and so on."
2377,92,をはじめ,,をはじめ,for example; starting with,N3,195,2,⽇本のアニメはドラゴンボールをはじめ、⾯⽩いものが多い。,"nihon no anime wa doragon booru o hajime, omoshiroi mono ga ooi.","There are many interesting Japanese anime, like Dragon Ball and so on."
2378,92,をはじめ,,をはじめ,for example; starting with,N3,195,3,そのポスターには私をはじめ何⼈かがサインしていた。,sono posutaa ni wa watashi o hajime nanninka ga sain shite ita.,Myself and numerous other people signed that poster.
2379,92,をはじめ,,をはじめ,for example; starting with,N3,195,4,⽇本の春は、お花⾒をはじめたくさんのイベントがある。,"nihon no haru wa, ohanami o hajime takusan no ibento ga aru.","In spring in Japan, there is cherry blossom viewing and many other events."
2380,92,をはじめ,,をはじめ,for example; starting with,N3,195,5,この本には、⽝をはじめ、⾊々な動物のことが書いてあります。,"kono hon ni wa, inu o hajime, iroirona doubutsu no koto ga kaite arimasu.","In this book, a lot of things are written about dogs and various other animals."
2381,92,をはじめ,,をはじめ,for example; starting with,N3,195,6,会議には中国をはじめ、アジアの国々が参加した。,"kaigi wa chuugoku o hajime, ajia no kuniguni ga sanka shita.",China and other Asian countries participated in the conference.
2382,92,をはじめ,,をはじめ,for example; starting with,N3,195,7,私には両親をはじめ、男の兄弟も⼥の姉弟もいないの。,"watashi ni wa ryoushin o hajime, otoko no kyoudai mo onna no kyoudai mo inai no.","I have no parents, brothers or sisters."
2383,92,をはじめ,,をはじめ,for example; starting with,N3,195,9,東京をはじめ、全国の主要都市で新製品の発売が決まった。,"toukyou o hajime, zenkoku no shuyoutoshi de shinseihin no hatsubai ga kimatta.",It’s been decided that the new product will be released in Tokyo and other major cities.
2384,93,を込めて,をこめて,を込めて (をこめて),filled with; full of,N3,197,1,彼⼥に愛を込めて⼿紙を書きました。,kanojo ni ai o komete tegami o kakimashita.,I wrote her a letter full of my love.
2385,93,を込めて,をこめて,を込めて (をこめて),filled with; full of,N3,197,2,平和への願いを込めて、この歌を作りました。,"heiwa e no negai o komete, kono uta o tsukuri mashita.",I wrote this song filled with my wish for peace.
2386,93,を込めて,をこめて,を込めて (をこめて),filled with; full of,N3,197,3,私は夫のために毎⽇愛情を込めてお弁当を作っています。,watashi wa otto no tame ni mainichi aijou o komete obentou o tsukutte imasu.,"To help support my husband, every day I make him a lunch box full of my love."
2387,93,を込めて,をこめて,を込めて (をこめて),filled with; full of,N3,197,4,彼⼥は故郷への思いを込めて、その曲を作ったそうだ。,"kanojo wa furusato e no omoi o komete, sono kyoku o tsukutta sou da.",She apparently made that song full of thoughts of her hometown.
2388,93,を込めて,をこめて,を込めて (をこめて),filled with; full of,N3,197,5,後ろのほうの⼈にも聞こえるよう、マイクを通して話した。,"ushiro no hou no hito ni mo kikoeru you, maiku o tooshite hanashita.","So the people in the back could also hear, I spoke through a microphone."
2389,93,を込めて,をこめて,を込めて (をこめて),filled with; full of,N3,197,6,私たちは本や授業を通じて、様々な知識を得ている。,"watashitachi wa hon ya jugyou o tsuujite, samazama na chishiki o eteiru.",We are gaining various information through books and class.
2390,93,を込めて,をこめて,を込めて (をこめて),filled with; full of,N3,197,7,当店の製品は全て職⼈が⼼を込めて⼿作業で作っています。,touten no seihin wa subete shokunin ga kokoro o komete tesagyou de tsukutte imasu.,"At this shop, all of our products are made by hand and full of heart by our expert"
2391,93,を込めて,をこめて,を込めて (をこめて),filled with; full of,N3,197,8,京都は代表的な観光地で、年間を通して観光者が多い。,"kyouto wa daihyoutekina kankouchi de, nenkan o tooshite kankousha ga ooi.",Kyoto is an exemplary tourist destination and throughout the year there are many
2392,94,おかげで,,おかげで,thanks to ...; owing to ...; because of ... Verb (casual),N3,201,1,彼⼥のおかげで、私は毎⽇幸せだ。,"kanojo no okage de, watashi wa mainichi shiawase da.","Thanks to her, I am happy everyday."
2393,94,おかげで,,おかげで,thanks to ...; owing to ...; because of ... Verb (casual),N3,201,2,⽇本へ来たおかげで、⽇本語が上⼿になりました。,nihon e kita okage de nihongo ga jouzu ni narimashita.,I was able to improve my Japanese because I came to Japan.
2394,94,おかげで,,おかげで,thanks to ...; owing to ...; because of ... Verb (casual),N3,201,3,先⽣のおかげでJLPT N3に合格できました。,sensei no okage de JLPT N3 ni goukaku dekimashita.,"Thanks to my teacher, I passed the JLPT N3."
2395,94,おかげで,,おかげで,thanks to ...; owing to ...; because of ... Verb (casual),N3,201,4,薬を飲んだおかげで、すっかり元気になりました。,"kusuri o nonda okage de, sukkari genki ni narimashita.",I healed up thanks to taking my medicine.
2396,94,おかげで,,おかげで,thanks to ...; owing to ...; because of ... Verb (casual),N3,201,5,⽇本語を習ったおかげで、いい仕事を⾒つけることができました。,"nihongo o naratta okage de, ii shigoto o mitsukeru koto ga dekimashita.",I was able to find a good job because I learned Japanese.
2397,94,おかげで,,おかげで,thanks to ...; owing to ...; because of ... Verb (casual),N3,201,6,友達のおかげで、私は今の彼⼥と出会うことができました。,"tomodachi no okage de, watashi wa ima no kanojo to deau koto ga dekimashita.","Thanks to my friend, I was able to meet my current girlfriend."
2398,94,おかげで,,おかげで,thanks to ...; owing to ...; because of ... Verb (casual),N3,201,7,とてもいい医者にみてもらったおかげで病気が治りました。,totemo ii isha ni mite moratta okage de byouki ga naorimashita.,"Thanks to being looked at by a very good doctor, my illness was healed."
2399,94,おかげで,,おかげで,thanks to ...; owing to ...; because of ... Verb (casual),N3,201,8,今⽇、皆さんのおかげで私の夢を実現しました。,"kyou, minasan no okage de watashi no yume o jitsugen shimashita.","Today, thanks to you all my dream became a reality."
2400,95,っぱなし,,っぱなし,leaving (something) on; leaving (something) Verb ます (stem form) っぱなし,N3,203,1,このドアはいつも開けっぱなしだ。,kono doa wa itsumo ake ppanashi da.,This door is always left open.
2401,95,っぱなし,,っぱなし,leaving (something) on; leaving (something) Verb ます (stem form) っぱなし,N3,203,2,⽔を出しっぱなしにしないでください。,mizu o dashi ppanashi ni shinaide kudasai.,Please do not leave the water running.
2402,95,っぱなし,,っぱなし,leaving (something) on; leaving (something) Verb ます (stem form) っぱなし,N3,203,3,窓を開けっぱなしで出てきた。,mado o ake ppanashi de dete kita.,I left the windows open when I went out.
2403,95,っぱなし,,っぱなし,leaving (something) on; leaving (something) Verb ます (stem form) っぱなし,N3,203,4,私は4時間⽴ちっぱなしでした。,watashi wa 4 jikan tachi ppanashi deshita.,I stood for four hours straight.
2404,95,っぱなし,,っぱなし,leaving (something) on; leaving (something) Verb ます (stem form) っぱなし,N3,203,8,夜、ドアを開けっぱなしで寝ていたら、泥棒に⼊られてしまった。,"yoru, doa o ake ppanashi de neteitara, dorobou ni hairarete shimatta.",Last night I left my door open and a robber came in while I slept.
2405,96,っぽい,,っぽい,seems like; somewhat~; -ish; easily does~; Verb ます (stem form),N3,205,1,油っぽい⾷事は好きじゃない。,abura ppoi shokuji wa suki janai.,I don't like oily foods.
2406,96,っぽい,,っぽい,seems like; somewhat~; -ish; easily does~; Verb ます (stem form),N3,205,2,私はあなたの⼦供っぽいところが好きです。,watashi wa anata no kodomo ppoi tokoro ga suki desu.,I like your childish side.
2407,96,っぽい,,っぽい,seems like; somewhat~; -ish; easily does~; Verb ます (stem form),N3,205,3,あの⼩学⽣は、⼤⼈っぽい。,"ano shougakusei wa, otona ppoi.",That elementary school student is very adult-like.
2408,96,っぽい,,っぽい,seems like; somewhat~; -ish; easily does~; Verb ます (stem form),N3,205,4,朝起きると顔が油っぽいです。,asa okiru to kao ga abura ppoi desu.,My face is oily when I wake up in the morning.
2409,96,っぽい,,っぽい,seems like; somewhat~; -ish; easily does~; Verb ます (stem form),N3,205,5,この⽜乳は⽔っぽくて、美味しくない。,kono gyuunyuu wa mizu pokkute oishikunai.,This milk is a little watery and doesn't taste very good.
2410,96,っぽい,,っぽい,seems like; somewhat~; -ish; easily does~; Verb ます (stem form),N3,205,6,この靴、デザインはいいけれど、⽣地が安っぽいね。,"kono kutsu, dezain wa ii keredo, kiji ga yasu ppoi ne.","These shoes have a nice design, but the material looks cheap."
2411,96,っぽい,,っぽい,seems like; somewhat~; -ish; easily does~; Verb ます (stem form),N3,205,7,年を取ると、忘れっぽくなる。,"toshi o toru to, wasure ppoku naru.","As one gets older, they tend to become more forgetful."
2412,96,っぽい,,っぽい,seems like; somewhat~; -ish; easily does~; Verb ます (stem form),N3,205,8,彼は怒りっぽいが良い友⼈だ。,kare wa okori ppoi ga yoi yuujin da.,He is hot-tempered but he is a good friend.
2413,96,っぽい,,っぽい,seems like; somewhat~; -ish; easily does~; Verb ます (stem form),N3,205,9,君は飽きっぽいから何事も成功しないのだ。,kimi wa akippoi kara nanigoto mo seikou shinai no da.,"You do not succeed in anything, because you are quick to lose interest."
2414,97,さえ,,さえ,even; so much as; not even Noun （で）さえ（も）,N3,208,1,そんなこと、⼦供でさえ知っている。,"sonna koto, kodomo de sae shitteiru.",Even children know that.
2415,97,さえ,,さえ,even; so much as; not even Noun （で）さえ（も）,N3,208,2,忙しすぎて、ご飯を⾷べる時間さえない。,"isogashisugite, gohan o taberu jikan sae nai.",I'm so busy I don't even have time to eat.
2416,97,さえ,,さえ,even; so much as; not even Noun （で）さえ（も）,N3,208,3,のどが痛くて、⽔さえ飲めない。,"nodo ga itakute, mizu sae nomenai.",My throat hurts so much I can't even drink water.
2417,97,さえ,,さえ,even; so much as; not even Noun （で）さえ（も）,N3,208,4,⺟はテレビが嫌いで、ニュースさえ⾒ません。,"haha wa terebi ga kirai de, nyuusu sae mimasen.",My mother hates TV's and so we don't even watch the news.
2418,97,さえ,,さえ,even; so much as; not even Noun （で）さえ（も）,N3,208,5,彼らは教室にいる時でさえも携帯を使う。,karera wa kyoushitsu ni iru toki de sae mo keitai o tsukau.,They use their cellphone even when they are in the classroom.
2419,97,さえ,,さえ,even; so much as; not even Noun （で）さえ（も）,N3,208,7,家族にさえ⾔えないこともある。,kazoku ni sae ienai koto mo aru.,"There are things I can't say, even to my own family."
2420,98,さえ〜ば,,さえ〜ば,if only; as long as Verb ます (stem form) さえすれば,N3,210,1,お⾦さえあれば幸せです。,okane sae areba shiawase desu.,I'm happy as long as I have money.
2421,98,さえ〜ば,,さえ〜ば,if only; as long as Verb ます (stem form) さえすれば,N3,210,2,薬を飲みさえすれば治ります。,kusuri o nomi sae sureba naorimasu.,You'll get better if you take your medicine.
2422,98,さえ〜ば,,さえ〜ば,if only; as long as Verb ます (stem form) さえすれば,N3,210,3,君さえいれば、私は幸せだ。,"kimi sae ireba, watashi wa shiawase da.",As long as you are here I am happy.
2423,98,さえ〜ば,,さえ〜ば,if only; as long as Verb ます (stem form) さえすれば,N3,210,4,チケットさえあれば⼊れます。,chiketto sae areba hairemasu.,All you need is a ticket to get in.
2424,98,さえ〜ば,,さえ〜ば,if only; as long as Verb ます (stem form) さえすれば,N3,210,5,メールアドレスさえあれば、誰でも登録できます。,"meeru adoresu sae areba, dare demo touroku dekimasu.",Anybody with an email address can register.
2425,98,さえ〜ば,,さえ〜ば,if only; as long as Verb ます (stem form) さえすれば,N3,210,6,お⾦さえあれば幸せというわけではない。,okane sae areba shiawase to iu wake de wa nai.,It's not true that just having money will make you happy.
2426,98,さえ〜ば,,さえ〜ば,if only; as long as Verb ます (stem form) さえすれば,N3,210,7,この問題さえ分かれば満点だったのに。,kono mondai sae wakareba manten datta no ni.,"If only I had understood this problem, I would have gotten full points.."
2427,98,さえ〜ば,,さえ〜ば,if only; as long as Verb ます (stem form) さえすれば,N3,210,8,⽝アレルギーさえなければ、家で⽝が飼えるのに。,"inu arerugii sae nakereba, ie de inu ga kaeru noni.","If only I didn't have a dog allergy, we could have a dog at our house."
2428,99,際に,さいに,際に (さいに),when; at the time of; in the case of Verb (dictionary form),N3,212,1,あなたが⽇本へ来る際には連絡ください。,anata ga nihon e kuru sai ni wa renraku kudasai.,Please contact me if you come to Japan.
2429,99,際に,さいに,際に (さいに),when; at the time of; in the case of Verb (dictionary form),N3,212,2,お帰りの際には忘れ物のないようご注意ください。,okaeri no sai niwa wasuremono no nai you gochuui kudasai.,Please don’t leave anything behind when you go home.
2430,99,際に,さいに,際に (さいに),when; at the time of; in the case of Verb (dictionary form),N3,212,3,お困りの際は、いつでもご連絡ください。,"okomari no sai wa, itsudemo go renraku kudasai.",Please contact me whenever you are in trouble.
2431,99,際に,さいに,際に (さいに),when; at the time of; in the case of Verb (dictionary form),N3,212,4,⼊院の際は、いろいろお世話になりました。,"nyuuinn no sai wa, iroiro osewa ni narimashita.",Thank you so much for everything when I was in the hospital.
2432,99,際に,さいに,際に (さいに),when; at the time of; in the case of Verb (dictionary form),N3,212,5,⼊会を申し込む際、何が必要でしょうか。,"nyuukai o moushikomu sai, nani ga hitsuyou deshou ka?",What is necessary at the time of application?
2433,99,際に,さいに,際に (さいに),when; at the time of; in the case of Verb (dictionary form),N3,212,6,免許を更新する際、写真が必要です。,"menkyo o koushin suru sai, shashin ga hitsuyou desu.","When you renew your license, a picture is necessary."
2434,99,際に,さいに,際に (さいに),when; at the time of; in the case of Verb (dictionary form),N3,212,7,留学の際には、いろいろお世話になりました。,"ryuugaku no sai ni wa, iroiro osewa ni narimashita.",Thank you for all of your help during my study abroad.
2435,99,際に,さいに,際に (さいに),when; at the time of; in the case of Verb (dictionary form),N3,212,8,お帰りの際には傘をお持ちになるのを忘れないでください。,okaeri no sai ni wa kasa o omochi ni naru no o wasurenaide kudasai.,Don't forget to take your umbrella with you when you leave.
2436,99,際に,さいに,際に (さいに),when; at the time of; in the case of Verb (dictionary form),N3,212,9,勉強の際には、静かな場所が勉強の効率を上げるのに最適である。,"benkyou no sai ni wa, shizukana basho ga benkyou no kouritsu o ageru no ni saiteki de",aru.
2437,100,最中に,さいちゅうに,最中に (さいちゅうに),while; during; in the middle of Verb (ている form),N3,214,1,⾷事の最中に⼤きな地震が起こった。,shokuji no saichuu ni ookina jishin ga okotta.,During dinner there was a big earthquake.
2438,100,最中に,さいちゅうに,最中に (さいちゅうに),while; during; in the middle of Verb (ている form),N3,214,2,私はテニスの最中に⾃分で怪我をしてしまった。,watashi wa tenisu no saichuu ni jibun de kega o shite shimatta.,I hurt myself while I was playing tennis.
2439,100,最中に,さいちゅうに,最中に (さいちゅうに),while; during; in the middle of Verb (ている form),N3,214,3,私はパリを旅⾏している最中に彼⼥に会いました。,watashi wa pari o ryokou shiteiru saichuu ni kanojo ni aimashita.,I met her while I was traveling in Paris.
2440,100,最中に,さいちゅうに,最中に (さいちゅうに),while; during; in the middle of Verb (ている form),N3,214,4,会議をしている最中に、携帯電話が鳴った。,kaigi o shiteiru saichuu ni keitai denwa ga natta.,My cell phone started to ring in the middle of the meeting.
2441,100,最中に,さいちゅうに,最中に (さいちゅうに),while; during; in the middle of Verb (ている form),N3,214,5,彼⼥は嵐の真っ最中に家を出た。,kanojo wa arashi no massaichuu ni ie o deta.,She went out of the house right in the middle of a storm.
2442,100,最中に,さいちゅうに,最中に (さいちゅうに),while; during; in the middle of Verb (ている form),N3,214,6,みんなが⼤笑いの最中彼が会議室に戻ってきた。,minna ga oowarai no saichuu kare ga kaigishitsu ni modotte kita.,He returned to the meeting room just as everyone burst out laughing.
2443,100,最中に,さいちゅうに,最中に (さいちゅうに),while; during; in the middle of Verb (ている form),N3,214,8,試合の最中に⾬が降って、結局中⽌となった。,"shiai no saichuu ni ame ga futte, kekkyoku chuushi to natta.",It started raining during the middle of the match and it ended up getting cancelled.
2444,101,さらに,,さらに,furthermore; again; more and more さらに phrase,N3,216,1,彼は⽗親よりさらに背が⾼い。,kare wa chichioya yori sara ni se ga takai.,He is even taller than his father.
2445,101,さらに,,さらに,furthermore; again; more and more さらに phrase,N3,216,3,こちらの料理には、すこし塩を⾜すと、さらに美味しくなりますよ。,"kochira no ryouri niwa, sukoshi shio o tasuto sara ni oishiku narimasu yo.","With this food, by adding a little bit of salt it will become even more delicious."
2446,101,さらに,,さらに,furthermore; again; more and more さらに phrase,N3,216,4,私はそれについてさらに知りたい。,watashi wa sore ni tsuite sarani shiritai.,I want to know even more about that.
2447,101,さらに,,さらに,furthermore; again; more and more さらに phrase,N3,216,5,彼は料理を2⼈分も⾷べた。さらに、⾷後にケーキも⾷べた。,"kare wa ryouri o futaribun mo tabeta. sarani, shokugo ni keeki mo tabeta.","He ate enough for 2 people. Furthermore, after that he also ate some cake."
2448,101,さらに,,さらに,furthermore; again; more and more さらに phrase,N3,216,8,⼀⽇⼀回で利かないので、さらに薬の量を増やした。,"ichinichi ikkai de kikanai node, sara ni kusuri no ryou o fuyashimasu.",Taking my medicine only once a day had no effect so I further increased my intake.
2449,102,さて,,さて,conjunction: well; now; then さて clause,N3,218,1,さてどうしよう。,sate dou shiyou.,What shall I do now?
2450,102,さて,,さて,conjunction: well; now; then さて clause,N3,218,2,さてクイズの時間です。,sate kuizu no jikan desu.,Now it's time for a quiz.
2451,102,さて,,さて,conjunction: well; now; then さて clause,N3,218,3,さて、昼にしましょう。,"sate, hiru ni shimashou.","Well, let's have lunch."
2452,102,さて,,さて,conjunction: well; now; then さて clause,N3,218,4,さてこの⼈は誰でしょうか。,sate kono hito wa dare deshou ka.,"Then, who is this person?"
2453,102,さて,,さて,conjunction: well; now; then さて clause,N3,218,5,さて本題にはいろうか。,sate hondai ni hairou ka.,"Well, let's get down to business."
2454,102,さて,,さて,conjunction: well; now; then さて clause,N3,218,6,さてやってみるとなるとなかなか難しいものだ。,sate yatte miru to naru to nakanaka muzukashii mono da.,"When one comes to doing it, one finds it rather difficult."
2455,102,さて,,さて,conjunction: well; now; then さて clause,N3,218,7,さてさて、やっかいな事になったものだ。,"sate sate, yakkai na koto ni natta mono da.","Well then, things have become quite troublesome.."
2456,102,さて,,さて,conjunction: well; now; then さて clause,N3,218,8,さて本論に戻りたいと思います。,sate honron ni modoritai to omoimasu.,Now I'd like to go back to the main topic.
2457,103,せいで,,せいで,because of; due to; as a result of~ Verb (casual),N3,220,1,さっきコーヒーを飲んだせいで、なかなか寝られません。,"sakki koohii o nonda sei de, nakanaka neraremasen.","Because I drank coffee a little while ago, I can't seem to fall asleep."
2458,103,せいで,,せいで,because of; due to; as a result of~ Verb (casual),N3,220,2,頭が痛い。疲れたせいかな。,atama ga itai. tsukareta sei kana.,My head hurts. Maybe it's because I am tired..
2459,103,せいで,,せいで,because of; due to; as a result of~ Verb (casual),N3,220,3,バスが遅れたせいで、授業に遅れてしまった。,"basu ga okureta sei de, jugyou ni okurete shimatta.",I was late for class because my bus was late.
2460,103,せいで,,せいで,because of; due to; as a result of~ Verb (casual),N3,220,4,あなたの失敗を、私のせいにしないでよ︕,"anata no shippai o, watashi no sei ni shinai de yo!",Don't blame me for your mistake!
2461,103,せいで,,せいで,because of; due to; as a result of~ Verb (casual),N3,220,5,体調が悪かったせいで、試験に集中できなかった。,"taichou ga warukatta sei de, shiken ni shuuchuu dekinakatta.","As a result of not feeling well, I wasn't able to concentrate on the exam."
2462,103,せいで,,せいで,because of; due to; as a result of~ Verb (casual),N3,220,6,バスが遅れたせいで、⾶⾏機に乗れなかった。,"basu ga okureta sei de, hikouki ni norenakatta.",I missed my flight because the bus was late.
2463,103,せいで,,せいで,because of; due to; as a result of~ Verb (casual),N3,220,7,⾷べすぎたせいで、ちょっと太ってしまった。,"tabesugita sei de, chotto futotte shimatta.",I've gained a bit of weight from eating too much.
2464,103,せいで,,せいで,because of; due to; as a result of~ Verb (casual),N3,220,8,ちゃんと勉強しなかったせいで、テストは合格できなかった。,"chanto benkyou shinakatta sei de, tesuto wa goukaku dekinakatta.","As a result of not studying properly, I wasn't able to pass the test."
2465,104,せいぜい,,せいぜい,at the most; at best; to the utmost Noun (period of time),N3,222,1,せいぜい頑張ろうね︕,seizei ganbarou ne!,Let's give it our all!
2466,104,せいぜい,,せいぜい,at the most; at best; to the utmost Noun (period of time),N3,222,2,せいぜい楽しんで⾏ってください。,seizei tanoshinde itte kudasai.,Enjoy yourself to the fullest!
2467,104,せいぜい,,せいぜい,at the most; at best; to the utmost Noun (period of time),N3,222,3,彼はせいぜい３０歳ぐらいだ。,kare wa seizei 30 sai gurai da.,He's 30 years old at most.
2468,104,せいぜい,,せいぜい,at the most; at best; to the utmost Noun (period of time),N3,222,4,せいぜいがんばって練習しなさい。,seizei ganbatte renshuu shinasai.,Practice as hard as you can.
2469,104,せいぜい,,せいぜい,at the most; at best; to the utmost Noun (period of time),N3,222,5,彼は稼いでもせいぜい⽉に20万円だ。,kare wa kaseidemo seizei tsuki ni 20 man en da.,"He earns no more than 200,000 yen a month."
2470,104,せいぜい,,せいぜい,at the most; at best; to the utmost Noun (period of time),N3,222,6,桜の花は数⽇、せいぜい⼀週間しか持たない。,"sakura no hana wa suujitsu, seizei isshuukan shika motanai.","Cherry blossoms last only for a few days, a week at the most."
2471,105,しばらく,,しばらく,for a moment; for a while; for the time being しばらく clause,N3,224,1,しばらくここで待てください。,shibaraku koko de mate kudasai.,Please wait here for a while.
2472,105,しばらく,,しばらく,for a moment; for a while; for the time being しばらく clause,N3,224,2,こんにちは。しばらくですね︕,konnichiwa. shibaraku desu ne!,"Hello, it's been a while!"
2473,105,しばらく,,しばらく,for a moment; for a while; for the time being しばらく clause,N3,224,3,私はしばらく暇です。,watashi wa shibaraku hima desu.,I have free time for a while.
2474,105,しばらく,,しばらく,for a moment; for a while; for the time being しばらく clause,N3,224,4,しばらく考える時間をください。,shibaraku kangaeru jikan o kudasai.,Please give me some time to think about it.
2475,105,しばらく,,しばらく,for a moment; for a while; for the time being しばらく clause,N3,224,5,しばらくお待ちくださいますか︖,shibaraku omachi kudasaimasu ka?,Could you please wait for a moment?
2476,105,しばらく,,しばらく,for a moment; for a while; for the time being しばらく clause,N3,224,6,来年からしばらく海外に住むつもりです。,rainen kara shibaraku kaigai ni sumu tsumori desu.,"From next year, I plan to live abroad for a while."
2477,105,しばらく,,しばらく,for a moment; for a while; for the time being しばらく clause,N3,224,7,祖⽗はしばらく前に亡くなりました。,sofu wa shibaraku mae ni naku narimashita.,My grandfather passed away some time ago
2478,106,しかない,,しかない,have no choice but~,N3,226,1,やるしかない。,yaru shika nai.,You just gotta do it.
2479,106,しかない,,しかない,have no choice but~,N3,226,2,卒業できなかったから、バイトをするしかない。,"sotsugyou dekinakatta kara, baito o suru shika nai.","Because I did not graduate, my only option is part time work."
2480,106,しかない,,しかない,have no choice but~,N3,226,3,パソコンが直せないから、新しいのを買うしかなかった。,"pasokon ga naosenai kara, atarashii no o kau shika nakatta.",My computer could not be fixed so I had no choice but to buy a new one.
2481,106,しかない,,しかない,have no choice but~,N3,226,4,電⾞もバスも⽌まってしまったから、歩くしかない。,"densha mo basu mo tomatte shimatta kara, aruku shika nai.","Since the train and bus are not working, there is no choice but to walk."
2482,106,しかない,,しかない,have no choice but~,N3,226,5,あの⼤学に合格したかったら、毎⽇勉強するしかないですよ。,"ano daigaku ni goukaku shitakattara, mainichi benkyou suru shika nai desu yo.","If you want to get into that university, you need to study every single day."
2483,106,しかない,,しかない,have no choice but~,N3,226,7,バスはここまでしか⾏かないので、この先は歩くしかない。,"basu wa koko made shika ikanai node, kono saki wa aruku shika nai.","The bus only comes up to here, so from here on out there is no option but to walk."
2484,107,そのために,,そのために,hence; for that reason; because of~ Goal そのため（に） action,N3,228,1,あなたは明⽇、そのための時間がありますか︖,"anata wa ashita, sono tame no jikan ga arimasu ka?",Do you have time tomorrow for that?
2485,107,そのために,,そのために,hence; for that reason; because of~ Goal そのため（に） action,N3,228,2,私はそのための時間が取れない。,watashi wa sono tame no jikan ga torenai.,I cannot take time for that.
2486,107,そのために,,そのために,hence; for that reason; because of~ Goal そのため（に） action,N3,228,3,でも、そのためには、たくさんの努⼒が必要です。,"demo, sono tame ni wa, takusan no doryoku ga hitsuyou desu.","However, a lot of effort is needed for that act."
2487,107,そのために,,そのために,hence; for that reason; because of~ Goal そのため（に） action,N3,228,4,私は留学したいです。そのためには、英語を学ぶ必要がある。,"watashi wa ryuugaku shitai desu. sono tame ni wa, eigo o manabu hitsuyou ga aru.","I want to study abroad. To that purpose, I need to learn English."
2488,107,そのために,,そのために,hence; for that reason; because of~ Goal そのため（に） action,N3,228,5,そのために英語で話せるようになりたい。,sono tame ni eigo de hanaseru you ni naritai.,I want to become able to speak English for that reason.
2489,107,そのために,,そのために,hence; for that reason; because of~ Goal そのため（に） action,N3,228,8,隣の駅で事故があったらしい。そのために電⾞がまだ着いていない。,tonari no eki de jiko ga atta rashii. so no tame ni densha ga mada tsuiteinai.,"I heard that there was an accident at the next station. Because of that, the train still"
2490,108,それとも,,それとも,or; or else それとも phrase,N3,230,1,"歩こうか, それとも⾞で⾏こうか︖","arukou ka, soretomo kuruma de ikou ka?",Shall we walk or drive?
2491,108,それとも,,それとも,or; or else それとも phrase,N3,230,2,コーヒーはホットにしますか︖それともアイスにしますか︖,koohii wa hotto ni shimasu ka? soretomo aisu ni shimasu ka?,"Do you want your coffee hot, or would you prefer iced?"
2492,108,それとも,,それとも,or; or else それとも phrase,N3,230,3,地下鉄で⾏きますか。それともJRで⾏きますか。,chikatetsu de ikimasu ka. sore tomo JR de ikimasu ka.,Will you go by subway or by the JR line?
2493,108,それとも,,それとも,or; or else それとも phrase,N3,230,4,飲み物はコーヒーにしますか︖それとも紅茶にしますか︖,nomimono wa koohii ni shimasu ka? soretomo koucha ni shimasu ka?,"For your drink, would you like coffee or tea?"
2494,108,それとも,,それとも,or; or else それとも phrase,N3,230,8,⼤学院に進学しようか、それとも就職しようか迷っています。,"daigakuin ni shingaku shiyou ka, soretomo shuushoku shiyou ka mayotteimasu.",I'm struggling to decide whether I should advance my education in graduate school or
2495,109,そうもない そうにない,,そうもない そうにない,very unlikely to~; showing no signs of~,N3,232,2,そんなことは起りそうもないですね。,sonna koto wa okorisou mo nai desu ne.,That does not seem likely to occur.
2496,109,そうもない そうにない,,そうもない そうにない,very unlikely to~; showing no signs of~,N3,232,3,このプロジェクトは⼀⼈のカでは完成できそうにない。,kono purojekkuto wa hitori no chikara dewa kansei deki sou ni nai.,With this project it doesn't look like it will be finished with only one person's power.
2497,109,そうもない そうにない,,そうもない そうにない,very unlikely to~; showing no signs of~,N3,232,5,できそうもないことを、簡単に引き受けるな。,"deki sou mo nai koto o, kantan ni hikiukeru na.",Don't take on things that you can't do easily.
2498,109,そうもない そうにない,,そうもない そうにない,very unlikely to~; showing no signs of~,N3,232,6,どう考えても彼と私が再会することはありそうもないのだ。,dou kangaete mo kare to watashi ga saikai suru koto wa arisou mo nai no da.,He and I would likely never meet again.
2499,109,そうもない そうにない,,そうもない そうにない,very unlikely to~; showing no signs of~,N3,232,7,今の私の安い給料では、何年働いても⾃分の家は買えそうもない。,"ima no watashi no yasui kyuuryou dewa, nannen hataraitemo jibun no ie wa kaesou",mo nai.
2500,109,そうもない そうにない,,そうもない そうにない,very unlikely to~; showing no signs of~,N3,232,8,この渋滞では約束の時間に間に合いそうもない。,kono juutai dewa yakusoku no jikan ni maniaisou mo nai.,"With this traffic jam, I’m not gonna make it to my appointment on time."
2501,109,そうもない そうにない,,そうもない そうにない,very unlikely to~; showing no signs of~,N3,232,9,最近、仕事が忙しくて、同窓会に⾏けそうにないよ。,"saikin shigoto ga isogashi kute, dousoukai ni ike sou ni nai yo.",I'm very busy lately so it doesn't look like I'll be able to attend the reunion party.
2502,110,すでに,,すでに,something has already been done/taken すでに clause,N3,234,1,彼らはすでに外出してしまいました。,karera wa sude ni gaishutsu shite shimai mashita.,They already went out.
2503,110,すでに,,すでに,something has already been done/taken すでに clause,N3,234,2,あなたはすでに朝ご飯を⾷べましたか︖,anata wa sude ni asagohan o tabemashita ka?,Have you already eaten breakfast?
2504,110,すでに,,すでに,something has already been done/taken すでに clause,N3,234,3,もしかしたら、彼⼥はすでにそれを送っているかもしれない。,"moshi kashi tara, kanojo wa sude ni sore o okutte iru kamo shirenai.","Perhaps, she may have sent it already."
2505,110,すでに,,すでに,something has already been done/taken すでに clause,N3,234,4,彼が駅に着いたとき、列⾞はすでに３０分前に出発していた。,"kare ga eki ni tsuita toki, ressha wa sude ni 30 pun mae ni shuppatsu shite ita.","When he arrived at the station, the train had already left 30 minutes before."
2506,110,すでに,,すでに,something has already been done/taken すでに clause,N3,234,5,"私はすでに1,000⼈以上からフォローされている。","watashi wa sude ni 1,000 nin ijou kara foroo sarete iru.","I've already been followed by more than 1,000 users."
2507,110,すでに,,すでに,something has already been done/taken すでに clause,N3,234,6,あなたはすでに明⽇の出張の準備をしてますか。,anata wa sude ni ashita no shucchou no junbi o shite imasu ka?,Have you already prepared for the business trip tomorrow?
2508,110,すでに,,すでに,something has already been done/taken すでに clause,N3,234,7,彼とはすでに10年間の付き合いである。,kare to wa sude ni 10 nen kan no tsukiai de aru.,I have been together with him for 10 years already.
2509,110,すでに,,すでに,something has already been done/taken すでに clause,N3,234,8,彼が部屋に⼊ったとき、彼⼥はすでに部屋の掃除を終わっていた。,"kare ga heya ni haitta toki, kanojo wa sude ni heya no souji o owatte ita.",She had already finished cleaning the room when he entered.
2510,111,すなわち,,すなわち,in other words; namely すなわち phrase,N3,236,1,今⽇はゆっくり休むと⾔ったけど、１時間は仕事をしました。,"kyou wa yukkuri yasumu to itta kedo, 1 jikan wa shigoto o shimashita.","I said I would rest today, but I still worked for at least an hour or so."
2511,111,すなわち,,すなわち,in other words; namely すなわち phrase,N3,236,2,⺟の⽗、すなわちわたしの祖⽗は現在６３歳です。,"haha no chichi, sunawachi watashi no sofu wa genzai rokujuusan sai desu.","My mother’s father, in other words my grandfather, is 63 years old."
2512,111,すなわち,,すなわち,in other words; namely すなわち phrase,N3,236,3,夫の兄の妻、すなわち、義理の姉は料理が上⼿で優しい⼈です。,"otto no ani no tsuma, sunawachi, giri no ane wa ryouri ga jouzu de yasashii hito desu.","My husband's older brother's wife, in other words my sister-in-law, is good at cooking"
2513,111,すなわち,,すなわち,in other words; namely すなわち phrase,N3,236,4,毎⽇7時間は寝るようにしています。,mainichi 7 jikan wa neru you ni shite imasu.,I make sure to sleep at least 7 hours every day.
2514,111,すなわち,,すなわち,in other words; namely すなわち phrase,N3,236,5,あまり時間がないだが、毎週⼀回はボランティア活動をしています。,"amari jikan ga nai daga, maishuu ikkai wa borantia katsudou o shite imasu.","I don't have much time, but I do volunteer activities at least once a week."
2515,111,すなわち,,すなわち,in other words; namely すなわち phrase,N3,236,6,体⼒テストの持久⾛では、１キロメートル、すなわち１０００メート,"ルを⾛らなければいけません。 tairyoku tesuto no jikyuusou de wa, 1 kiromeetoru, sunawachi 1000 meetoru o hashiranakereba ikemasen.","For the physical exam marathon training, you must run 1 kilometer, in other words 1,000 meters."
2516,111,すなわち,,すなわち,in other words; namely すなわち phrase,N3,236,7,私は今年の誕⽣⽇で⼆⼗歳になった。すなわちもう未成年ではないと,いうことだ。 watashi wa kotoshi no tanjoubi de hatachi ni natta. sunawachi mou miseinen dewa nai to iu koto da.,"On my birthday this year I became 20 years old (adult in Japan). In other words, I am no longer a minor."
2517,111,すなわち,,すなわち,in other words; namely すなわち phrase,N3,236,8,地球上で約12億⼈すなわち全⼈⼝の2割の⼈が⼀⽇1ドル以下の⽣活費,で暮らしていると⾔われる。 chikyuujou de yaku juuni oku nin sunawachi zenjinkou no ni wari no hito ag ichinichi ichi doru ika no seikatsuhi de kurashiteiru to iwareru.,"It is said that on the Earth there are 1.2 billion people, in other words 20% of the population that lives on less than 1 dollar a day."
2518,112,たものだ,,たものだ,used to do; would often do Verb (た form) ものだ,N3,240,1,⼦どものころはよく川で遊んだものだ。,kodomo no koro wa yoku kawa de asonda mono da.,"When I was a child, I often played at the river."
2519,112,たものだ,,たものだ,used to do; would often do Verb (た form) ものだ,N3,240,2,学⽣時代は毎⽇図書館へ通ったものだ。,gakusei jidai wa mainichi toshokan e kayotta mono da.,"When I was a student, I used to go to the library everyday."
2520,112,たものだ,,たものだ,used to do; would often do Verb (た form) ものだ,N3,240,3,⼦供の時は、よく友達とテニスをしたものだ。,"kodomo no toki wa, yoku tomodachi to tenisu o shita mono da.","When I was a child, I often played tennis with my friends."
2521,112,たものだ,,たものだ,used to do; would often do Verb (た form) ものだ,N3,240,4,⽇本へ留学した時、すしをよく⾷べたものだ。,"nihon e ryuugaku shita toki, sushi o yoku tabeta mono da.","When I studied abroad in Japan, I often ate sushi."
2522,112,たものだ,,たものだ,used to do; would often do Verb (た form) ものだ,N3,240,5,⼦供の頃は寝る前に⺟はいつも本を読んでくれたものだ。,kodomo no koro wa neru mae ni haha wa itsumo hon o yonde kureta mono da.,"When I was a child, my mother would always read a book to me before going to sleep."
2523,112,たものだ,,たものだ,used to do; would often do Verb (た form) ものだ,N3,240,6,⾼校⽣の時は、よく友達とサッカーをしたものだ。,"koukousei no toki wa, yoku tomodachi to sakkaa o shita mono da.","During my high school days, I often played soccer with my friends."
2524,112,たものだ,,たものだ,used to do; would often do Verb (た form) ものだ,N3,240,8,⼤学⽣の時は、よく友達と朝までカラオケをしたものだ。,"daigakusei no toki wa, yoku tomodachi to asa made karaoke o shita mono da.","When I was a university student, I often sang karaoke with my friends until morning."
2525,113,たとたん,,たとたん,as soon as; just as Verb (た form) とたん,N3,242,1,家を出たとたん、⾬が降ってきた。,"ie o deta totan, ame ga futte kita.",It started raining after I left my house.
2526,113,たとたん,,たとたん,as soon as; just as Verb (た form) とたん,N3,242,2,窓を開けたとたん、強い⾵が⼊ってきた。,"mado o aketa totan, tsuyoi kaze ga haittekita","As soon as I opened the window, a strong wind came in."
2527,113,たとたん,,たとたん,as soon as; just as Verb (た form) とたん,N3,242,3,旅⾏から帰ってきたとたん、⾵邪を引いてしまった。,"ryokou kara kaette kita totan, kaze o hiite shimatta.",I caught a cold just after I got back from travelling.
2528,113,たとたん,,たとたん,as soon as; just as Verb (た form) とたん,N3,242,4,疲れていたので、ベッドに⼊ったとたん、眠ってしまった。,"tsukareteita node, beddo ni haitta totan, nette shimatta.",I was really tired and fell asleep right after getting in bed.
2529,113,たとたん,,たとたん,as soon as; just as Verb (た form) とたん,N3,242,5,夏は窓を開けたとたん、蚊が⼊ってくる。,"natsu wa mado o aketa totan, ka ga haittekuru.","In summer, after opening the window mosquitoes will come inside."
2530,113,たとたん,,たとたん,as soon as; just as Verb (た form) とたん,N3,242,6,その⼆⼈は、出会ったとたんに、恋に落ちたそうです。,"sono futari wa, deatta totan ni, koi ni ochita sou desu.",Those two apparently fell in love after meeting each other.
2531,113,たとたん,,たとたん,as soon as; just as Verb (た form) とたん,N3,242,7,あの⼦は私の顔を⾒たとたん、泣き出した。どうしたのだろう。,"ano ko wa watashi no kao o mitatotan, nakidashita. doushita no darou.",That child started crying after seeing my face. I wonder what's wrong..
2532,113,たとたん,,たとたん,as soon as; just as Verb (た form) とたん,N3,242,8,ビール⼀本を飲んだとたん、顔が⾚くなった。,"biiru ippon o nonda totan, kao ga akaku natta",My face turned red after drinking only 1 beer.
2533,113,たとたん,,たとたん,as soon as; just as Verb (た form) とたん,N3,242,9,激⾟カレーを⾷べたとたん、汗が出てきた。,"gekikara karee o tabeta totan, ase ga dete kita.",I started sweating after eating the super spicy curry.
2534,114,たびに,,たびに,whenever; every time Noun + の,N3,244,1,この曲を聞くたびに、家族を思い出す。,kono kyoku o kiku tabi ni kazoku o omoidasu.,"Every time I hear this song, it reminds me of my family."
2535,114,たびに,,たびに,whenever; every time Noun + の,N3,244,2,友⼈は旅⾏のたびにお⼟産を買ってきてくれます。,yuujin wa ryokou no tabi ni omiyage o katte kite kuremasu.,"Every time my friend travels, they buy my a souvenir."
2536,114,たびに,,たびに,whenever; every time Noun + の,N3,244,3,あの⼈を会うたびに⽤事を頼まれる。,ano hito o au tabi ni youji o tanomareru.,That person asks me for favors every time I see them.
2537,114,たびに,,たびに,whenever; every time Noun + の,N3,244,4,ミスをするたびに部⻑にしかられる。,misu o suru tabi ni buchou ni shikarareru.,Every time I make a mistake my boss chews me out.
2538,114,たびに,,たびに,whenever; every time Noun + の,N3,244,5,買い物のたびに、袋をたくさんもらう。,"kaimono no tabi ni, fukuro o takusan morau.",I always get a lot of bags every time I go shopping.
2539,114,たびに,,たびに,whenever; every time Noun + の,N3,244,6,YouTubeを⾒るたびに、広告が表⽰されるのはうんざりだ。,"yuuchuubu o miru tabi ni, koukoku ga hyouji sareru no wa unzari da.",I'm sick of adds popping up every time I watch videos on YouTube.
2540,114,たびに,,たびに,whenever; every time Noun + の,N3,244,7,彼はコンビニに⾏くたびにアイスを買ってしまう。,kare wa konbini ni iku tabi ni aisu o katte shimau.,He buys ice cream every time he goes to the convenience store..
2541,114,たびに,,たびに,whenever; every time Noun + の,N3,244,8,彼⼥は会うたびに、綺麗になっていく。,"kanojo ni au tabi ni, kirei ni natte iku.",She gets more beautiful every time I see her.
2542,115,ために,,ために,for; in order to; for the benefit of; because Verb,N3,246,1,⽇本へ旅⾏をするために、貯⾦しています。,"nihon e ryokou o suru tame ni, chokin shite imasu.",I'm saving money to travel to Japan.
2543,115,ために,,ために,for; in order to; for the benefit of; because Verb,N3,246,2,彼⽒に会うために、東京に⾏きます。,"kareshi ni au tame ni, toukyou ni ikimasu.",I'm going to Tokyo to see my boyfriend.
2544,115,ために,,ために,for; in order to; for the benefit of; because Verb,N3,246,3,今度の⾯接のために、このスーツを買いました。,"kondo no mensetsu no tame ni, kono suutsu o kaimashita.",I bought this suit for my upcoming interview.
2545,115,ために,,ために,for; in order to; for the benefit of; because Verb,N3,246,4,健康のために、毎朝に⾛っています。,"kenkou no tame ni, mai asa ni hashitteimasu.","For my health, I go running every morning."
2546,115,ために,,ために,for; in order to; for the benefit of; because Verb,N3,246,6,来週の試験のため、漢字を勉強しておきました。,"raishuu no shiken no tame, kanji o benkyou shite okimashita.",I studied my kanji in preparation for next week's exam.
2547,115,ために,,ために,for; in order to; for the benefit of; because Verb,N3,246,7,別に彼のために作ったわけではない。,betsu ni kare no tame ni tsukutta wake dewa nai.,It’s not like I made this for him.
2548,115,ために,,ために,for; in order to; for the benefit of; because Verb,N3,246,8,来年から⼀⼈暮らしするために、お⾦を貯めています。,"rainen kara hitori gurashi suru tame ni, okane o tameteimasu.",I will live alone from next year and so I am saving money.
2549,115,ために,,ために,for; in order to; for the benefit of; because Verb,N3,246,9,私の⽗は東京に⾏ったため、ここにはいない。,"watashi no chichi wa toukyou ni itta tame, koko ni wa inai.","My father went to Tokyo, so he is not here."
2550,115,ために,,ために,for; in order to; for the benefit of; because Verb,N3,246,10,私は⾎圧が低かったため、倒れそうになった。,"watashi wa ketsuatsu ga hikukatta tame, taoresou ni natta.","Since my blood pressure was low, I thought I was going to collapse."
2551,115,ために,,ために,for; in order to; for the benefit of; because Verb,N3,246,11,今⽇は暑かったため、私は何もする気にならなかった。,"kyou wa atsukatta tame, watashi wa nanimo suru ki ni naranakatta.",I didn't feel like doing anything today because it was hot.
2552,116,確かに,たしかに,確かに (たしかに),"surely, certainly 確かに phrase",N3,249,1,それは確かにそのように⾒えます。,sore wa tashika ni sono you ni miemasu.,That certainly looks that way.
2553,116,確かに,たしかに,確かに (たしかに),"surely, certainly 確かに phrase",N3,249,2,私は確かに少し疲れている。,watashi wa tashika ni sukoshi tsukareteiru.,I'm certainly a little tired..
2554,116,確かに,たしかに,確かに (たしかに),"surely, certainly 確かに phrase",N3,249,3,僕は、彼⼥の⾔うことが確かに正しいと思う。,"boku wa, kanojo no iu koto ga tashika ni tadashii to omou.",I think what she's saying is correct.
2555,116,確かに,たしかに,確かに (たしかに),"surely, certainly 確かに phrase",N3,249,4,確かに君の責任ではない。,tashika ni kimi no sekinin de wa nai.,I'm sure that's no fault of yours.
2556,116,確かに,たしかに,確かに (たしかに),"surely, certainly 確かに phrase",N3,249,5,彼は確かに⽴派な⼈だと思う。,kare wa tashika ni rippa na hito da to omou.,I’m sure he’s a wonderful person.
2557,116,確かに,たしかに,確かに (たしかに),"surely, certainly 確かに phrase",N3,249,6,確かに、このペンはとても書きやすいです。,"tashika ni, kono pen wa totemo kaki yasui desu.",This pen is certainly very easy to write with.
2558,116,確かに,たしかに,確かに (たしかに),"surely, certainly 確かに phrase",N3,249,7,確かに⼼は重要ですが、体も⼀緒に取り込む必要があります。,"tashika ni kokoro wa juuyou desu ga, karada mo issho ni torikomu hitsuyou ga",arimasu.
2559,116,確かに,たしかに,確かに (たしかに),"surely, certainly 確かに phrase",N3,249,8,私が話をした学⽣たちからも、確かにそういう印象を受けた。,"watashi ga hanashi o shita gakuseitachi kara mo, tashika ni sou iu inshou o uketa.",That was certainly the sense I got from talking to the students.
2560,116,確かに,たしかに,確かに (たしかに),"surely, certainly 確かに phrase",N3,249,9,⼈⽣には確かに⾼い地位よりめざす価値のあることがたくさんある。,jinsei ni wa tashika ni takai chii yori mezasu kachi no aru koto ga takusan aru.,There is far more to life than climbing the career ladder.
2561,117,たて,,たて,just done; freshly done; newly done Verb ます (stem form) たて,N3,251,1,焼きたてのパンは美味しいよ。ちょっと⾷べてみる︖,yaki tate no pan wa oishii yo. chotto tabete miru?,Freshly baked bread is delicious. Do you want to try some?
2562,117,たて,,たて,just done; freshly done; newly done Verb ます (stem form) たて,N3,251,2,あのスーパーは取りたての新鮮な野菜を売っている。,ano suupaa wa tori tate no shinsei na yasai o utte iru.,That supermarket sells freshly picked vegetables.
2563,117,たて,,たて,just done; freshly done; newly done Verb ます (stem form) たて,N3,251,3,やっぱり料理はできたてが美味しいね。,yappari ryouri wa dekitate ga oishii ne.,"As expected, freshly cooked food is delicious!"
2564,117,たて,,たて,just done; freshly done; newly done Verb ます (stem form) たて,N3,251,4,これは炊きたてのご飯です。温かいうちに⾷べなさい。,kore wa taki tate no gohan desu. atatakai uchi ni tabenasai.,This is freshly made rice. Please eat while it is still warm.
2565,117,たて,,たて,just done; freshly done; newly done Verb ます (stem form) たて,N3,251,5,⺟の作りたてのご飯はいい匂いがする。,haha no tsukuri tate no gohan wa ii nioi ga suru.,My mother's freshly made dinner smells really good.
2566,117,たて,,たて,just done; freshly done; newly done Verb ます (stem form) たて,N3,251,6,この出来たての豚かつはさくさくしていますね。,kono deki tate no tonkatsu wa sakusaku shite imasu ne.,This freshly made pork cutlet is really nice and crispy.
2567,117,たて,,たて,just done; freshly done; newly done Verb ます (stem form) たて,N3,251,7,牧場ではしぼりたてのミルクを飲むことができる。,bokujou de wa shibori tate no miruku o nomu koto ga dekiru.,"At the farm, you can drink freshly squeezed milk."
2568,117,たて,,たて,just done; freshly done; newly done Verb ます (stem form) たて,N3,251,8,この壁はペンキを塗りたてだよ。気をつけてください。,kono kabe wa penki o nuri tate da yo. ki o tsukete kudasai.,This wall is freshly painted. Please be careful.
2569,118,たとえ〜ても,,たとえ〜ても,even if… is the case Verb (て form) + も,N3,253,1,たとえ彼は忙しくても来るよ。,tatoe kare wa isogashikutemo kuru yo.,"Even if he is busy, he will come."
2570,118,たとえ〜ても,,たとえ〜ても,even if… is the case Verb (て form) + も,N3,253,2,たとえ明⽇⾬が降っても私は出かけるつもりです。,tatoe ashita ame ga futtemo watashi wa dekakeru tsumori desu.,"Even if it rains, I plan to go out tomorrow."
2571,118,たとえ〜ても,,たとえ〜ても,even if… is the case Verb (て form) + も,N3,253,3,たとえ君が何を⾔っても私の気持ちは変わらない。,tatoe kimi ga nani o ittemo watashi no kimochi wa kawaranai.,"No matter what you say, my feelings won't change."
2572,118,たとえ〜ても,,たとえ〜ても,even if… is the case Verb (て form) + も,N3,253,4,私は親にたとえ反対されても留学したいです。,watashi wa oya ni tatoe hantai sare temo ryuugaku shitai desu.,"Even if my parents are against it, I want to study abroad."
2573,118,たとえ〜ても,,たとえ〜ても,even if… is the case Verb (て form) + も,N3,253,5,たとえ元気じゃなくても、家族への⼿紙には元気だと書きます。,"tatoe genki janakute mo, kazoku e no tegami ni wa genki da to kakimasu.","Even if I’m not well, I will write that I’m well in a letter to my family."
2574,118,たとえ〜ても,,たとえ〜ても,even if… is the case Verb (て form) + も,N3,253,6,たとえ両親に反対されても、彼と結婚します。,"tatoe ryoushin ni hantai sarete mo, kare to kekkon shimasu.","I will marry him, even if my parents are opposed to it."
2575,118,たとえ〜ても,,たとえ〜ても,even if… is the case Verb (て form) + も,N3,253,7,たとえ給料が⾼くてもあんな仕事はしたくない。,tatoe kyuuryou ga takakute mo anna shigoto wa shitakunai.,"Even if the salary were high, I wouldn't want to do that kind of job."
2576,118,たとえ〜ても,,たとえ〜ても,even if… is the case Verb (て form) + も,N3,253,8,たとえ仕事がつまらなくてもあまり⽂句を⾔わないほうがいい。,tatoe shigoto ga tsumaranakute mo amari monku o iwanai hou ga ii.,"Even if your job is boring, you shouldn’t complain about it too much."
2577,119,例えば,たとえば,例えば (たとえば),for example,N3,255,1,⽇本の⾷べ物は美味しいです。例えば、すしはすごく美味しい︕,"nihon no tabemono wa oishii desu. tatoeba, sushi wa sugoku oishii!","Japanese food is delicious, for example, sushi is so delicious!"
2578,119,例えば,たとえば,例えば (たとえば),for example,N3,255,2,私にはたくさん趣味がある。例えば⿂釣り、登⼭です。,"watashi ni wa takusan shumi ga aru. tatoeba sakana tsuri, tozan desu.","I have many hobbies, fishing and climbing for example."
2579,119,例えば,たとえば,例えば (たとえば),for example,N3,255,3,私は例えばイタリアやスペインなど外国へ⾏きたい。,watashi wa tatoeba itaria ya supein nado gaikoku e ikitai.,"I want to go abroad, for instance, to Italy and Spain."
2580,119,例えば,たとえば,例えば (たとえば),for example,N3,255,4,外国、例えばアメリカへ⾏ったことがありますか。,"gaikoku, tatoeba amerika e itta koto ga arimasu ka?","Have you visited any foreign countries, say America?"
2581,119,例えば,たとえば,例えば (たとえば),for example,N3,255,5,彼は不思議な⽣物、例えばヘビのような⽣物が好きです。,"kare wa fushigina seibutsu, tatoeba hebi no you na seibutsu ga suki desu.","He likes strange animals, things like snakes, for example."
2582,119,例えば,たとえば,例えば (たとえば),for example,N3,255,6,私はうるさい⾳楽は好きではない。例えばロックのような。,watashi wa urusai ongaku wa suki dewa nai. tatoeba rokku no youna.,"I don't like noisy music, such as rock."
2583,119,例えば,たとえば,例えば (たとえば),for example,N3,255,7,⽇本ではきれいな都市がたくさんあります。例えば京都、奈良だ。,"nihon dewa kirei na toshi ga takusan arimasu. tatoeba kyouto, nara da.","Japan is full of beautiful cities. Kyoto and Nara, for example."
2584,119,例えば,たとえば,例えば (たとえば),for example,N3,255,8,彼の部屋に⾊んなものがある。例えば、ゲーム機、ジムの物など。,"kare no heya ni iron na mono ga aru. tatoeba, geemuki, jimu no mono nado.","There are various things in his room. For example, game consoles, gym items, etc."
2585,120,たって,,たって,"even if; even though; no matter how Verb (casual, past)",N3,257,1,タクシーに乗ったって間に合わないよ。,takushii ni nottatte ma ni awanai yo.,"Even if you take a taxi, you won't make it in time."
2586,120,たって,,たって,"even if; even though; no matter how Verb (casual, past)",N3,257,2,いくら広くたって、駅から遠い部屋には住みたくない。,"ikura hiroku tatte, eki kara tooi heya ni wa sumita kunai.","It doesn't matter how spacious it may be, I don't want to live in a place far from the"
2587,120,たって,,たって,"even if; even though; no matter how Verb (casual, past)",N3,257,3,今回のテストは失敗したって、また次のテストを頑張ればいいだよ。,"konkai no tesuto wa shippai shi tatte, mata tsugi no tesuto o ganbareba ii yo.","Even if you fail this exam, just focus on doing your best on the next one."
2588,120,たって,,たって,"even if; even though; no matter how Verb (casual, past)",N3,257,4,うちの⼦はいくら注意したって、悪い癖が治らない。,"uchi no ko wa ikura chuui shitatte, warui kuse ga naoranai.","No matter how many times i warn my kid, he just won’t change his bad habits."
2589,120,たって,,たって,"even if; even though; no matter how Verb (casual, past)",N3,257,5,この⾔葉はいくら調べたって、辞書には出てこないだ。,"kono kotoba wa ikura shirabe tatte, jisho ni wa dete konai da.","No matter how hard I try to look up this word, it won't show up in the dictionary."
2590,120,たって,,たって,"even if; even though; no matter how Verb (casual, past)",N3,257,6,いくら叫んだって、誰も来ないよ。,"ikura sakendatte, daremo konai yo.","No matter how much you scream, no one is coming."
2591,120,たって,,たって,"even if; even though; no matter how Verb (casual, past)",N3,257,7,あんないい男は世界中どこを探したっていないんだぞ。,anna ii otoko wa sekaijuu doko o sagashitatte inain da zo.,"Even if you search, there aren’t many great guys like that out there."
2592,120,たって,,たって,"even if; even though; no matter how Verb (casual, past)",N3,257,8,どんなに努⼒したって、結果が出なければ認めてもらえないんだ。,"donna ni doryoku shitatte, kekka ga denakereba mitomete morae nainda.","It doesn't matter how hard I try, they won't approve until I show real results."
2593,121,てばかりいる,,てばかりいる,only; nothing but~ Verb (て form) ばかりいる,N3,259,1,この猫は寝てばかりいます。,kono neko wa nete bakari imasu.,This cat does nothing but sleep.
2594,121,てばかりいる,,てばかりいる,only; nothing but~ Verb (て form) ばかりいる,N3,259,2,あの⼦が泣いてばかりいる。,ano ko ga naite bakari iru.,That child does nothing but cry.
2595,121,てばかりいる,,てばかりいる,only; nothing but~ Verb (て form) ばかりいる,N3,259,3,⽢いものを⾷べてばかりいると、太りますよ︕,"amai mono o tabete bakari iru to, futorimasu yo!","If you keep only eating sweets, you're going to gain weight."
2596,121,てばかりいる,,てばかりいる,only; nothing but~ Verb (て form) ばかりいる,N3,259,4,最近彼はコンピューターを使ってばかりいる。,saikin kare wa konpyuutaa o tsukatte bakari iru.,"Lately, he does nothing but use his computer."
2597,121,てばかりいる,,てばかりいる,only; nothing but~ Verb (て form) ばかりいる,N3,259,5,テレビを⾒てばかりいると、⽬が悪くなりますよ。,"terebi o mite bakari iru to, me ga waruku narimasu yo.","If you keep watching TV all the time, your eyes are going to go bad."
2598,121,てばかりいる,,てばかりいる,only; nothing but~ Verb (て form) ばかりいる,N3,259,6,息⼦は仕事もしないで遊んでばかりいます。,musuko wa shigoto mo shinai de asonde bakari imasu.,My son doesn't work and just plays around all the time.
2599,121,てばかりいる,,てばかりいる,only; nothing but~ Verb (て form) ばかりいる,N3,259,7,そんなに働いてばかりいては体を壊しますよ。,sonna ni hataraite bakari itewa karada o kowashimasu yo.,You're going to destroy your body if you keep working all the time like that.
2600,121,てばかりいる,,てばかりいる,only; nothing but~ Verb (て form) ばかりいる,N3,259,8,彼は家でふざけてばかりいるけど、仕事ではまじめな⼈です。,"kare wa ie de fuzakete bakari iru kedo, shigoto de wa majimena hito desu.","He is constantly goofing off at home, but at work he's a very serious person."
2601,122,てごらん,,てごらん,(please) try to; (please) look Verb (て form) ごらん(なさい),N3,261,1,もう⼀度やってごらん。,mou ichido yatte goran.,Try it one more time.
2602,122,てごらん,,てごらん,(please) try to; (please) look Verb (て form) ごらん(なさい),N3,261,2,もう⼀度⾔ってごらん。,mou ichido itte goran.,Please say that once more.
2603,122,てごらん,,てごらん,(please) try to; (please) look Verb (て form) ごらん(なさい),N3,261,3,これは美味しいから、⾷べてごらん。,"kore wa oishii kara, tabete goran.","This tastes really good, so please eat it."
2604,122,てごらん,,てごらん,(please) try to; (please) look Verb (て form) ごらん(なさい),N3,261,4,ほら、⾒てごらん。空に虹が出ているよ。,"hora, mite goran. sora ni niji ga dete iru yo.","Look, there's a rainbow in the sky!"
2605,122,てごらん,,てごらん,(please) try to; (please) look Verb (て form) ごらん(なさい),N3,261,5,分からなかったら、先⽣に聞いてごらん。,"wakaranakattara, sensei ni kiite goran.","If you don’t understand, you should ask your teacher."
2606,122,てごらん,,てごらん,(please) try to; (please) look Verb (て form) ごらん(なさい),N3,261,6,苦くないからちょっと飲んでごらん。,nigakunai kara chotto nonde goran.,"It's not bitter, try drinking some."
2607,122,てごらん,,てごらん,(please) try to; (please) look Verb (て form) ごらん(なさい),N3,261,7,その⾔葉を辞書で調べてごらんなさい。,sono kotoba o jisho de shirabete goran nasai.,Look up that word in the dictionary.
2608,122,てごらん,,てごらん,(please) try to; (please) look Verb (て form) ごらん(なさい),N3,261,8,君が彼の⽴場に⽴ってごらんなさい。,kimi ga kare no tachiba ni tatte gorannasai.,Try putting yourself in his position.
2609,123,てはじめて,,てはじめて,not until; only after [x] did I Verb (てform) はじめて,N3,263,1,⽇本に来てはじめてラーメンを⾷べた。,nihon ni kite hajimete raamen o tabeta.,I had never eaten ramen before coming to Japan.
2610,123,てはじめて,,てはじめて,not until; only after [x] did I Verb (てform) はじめて,N3,263,2,⽇本語を勉強してはじめて、勉強の楽しさが分かった。,"nihongo o benkyou shite hajimete, benkyou no tanoshisa ga wakatta.",Only after I started studying Japanese did I realize the joys of studying.
2611,123,てはじめて,,てはじめて,not until; only after [x] did I Verb (てform) はじめて,N3,263,3,試験に落ちてはじめて、ちゃんと勉強しないといけないと思った。,"shiken ni ochite hajimete, chanto benkyou shinaito ikenai to omotta.",I felt like I really needed to start studying seriously after failing that exam.
2612,123,てはじめて,,てはじめて,not until; only after [x] did I Verb (てform) はじめて,N3,263,5,海外に⾏ってはじめて、⾃分の世界の狭さを知った。,"kaigai ni itte hajimete, jibun no sekai no semasa o shitta.","Only after going abroad, did I realize how small my world was."
2613,123,てはじめて,,てはじめて,not until; only after [x] did I Verb (てform) はじめて,N3,263,6,⾃分の⼦供が出来てはじめて、⼤⼈になった気がした。,"jibun no kodomo ga dekite hajimete, otona ni natta ki ga shita.",I did not feel like I had become an adult until I had my own child.
2614,123,てはじめて,,てはじめて,not until; only after [x] did I Verb (てform) はじめて,N3,263,7,⻭医者に⾏ってはじめて、⾍⻭があることを知った。,"haisha ni itte hajimete, mushiba ga aru koto o shitta.",I didn't know I had a cavity until I went to the dentist.
2615,123,てはじめて,,てはじめて,not until; only after [x] did I Verb (てform) はじめて,N3,263,8,社会⼈になってはじめて、責任感を持つようになった。,"shakaijin ni natte hajimete, sekininkan o motsu you ni natta.",I didn't feel a sense of responsibility until I became a working adult.
2616,124,てからでないと,,てからでないと,must first do; cannot do without first doing,N3,265,1,親の許可をもらってからでなければ、⽇本への留学が出来ない。,"oya no kyoka o moratte kara denakereba, nihon e no ryuugaku ga dekinai.","You must first get your parent's permission, otherwise you will not be able to study"
2617,124,てからでないと,,てからでないと,must first do; cannot do without first doing,N3,265,2,⼿続きしてからでないと、図書館の本は借りられない。,"tetsuzuki shite kara de nai to, toshokan no hon wa karirarenai.","Unless you follow the procedures, you cannot borrow books from the library."
2618,124,てからでないと,,てからでないと,must first do; cannot do without first doing,N3,265,3,この件については、上司と相談してからでないと、決められません。,"kono ken ni tsuite wa, joushi to soudan shite kara denai to, kimeraremasen.",I can't decide on this without consulting my manager.
2619,124,てからでないと,,てからでないと,must first do; cannot do without first doing,N3,265,5,実物を⾒てからでないと、買うかどうか決められません。,"jitsubutsu o mite kara denai to, kau ka dou ka kimeraremasen.",I can't decide whether to buy or not without first seeing the item in person.
2620,124,てからでないと,,てからでないと,must first do; cannot do without first doing,N3,265,7,証拠をつかんでからでないと、彼を逮捕することはできない。,"shouko o tsukande kara denai to, kare o taiho suru koto wa dekinai.","We must first obtain some evidence, otherwise we will not be able to arrest him."
2621,124,てからでないと,,てからでないと,must first do; cannot do without first doing,N3,265,8,論⽂をきちんとチェックしてからでないと低い点を受けるよ。,ronbun o kichinto chekku shite kara denai to hikui ten o ukeru yo.,"If you don't have your thesis properly checked first, you are going to get a low score.."
2622,125,てしょうがない・てしかたがない,,てしょうがない・てしかたがない,can't help but~; very; extremely Verb (て form),N3,267,1,私はそれが気になってしょうがない。,watashi wa sore ga ki ni natte shou ga nai.,I can't help thinking about that.
2623,125,てしょうがない・てしかたがない,,てしょうがない・てしかたがない,can't help but~; very; extremely Verb (て form),N3,267,2,今⽇は寒くてしょうがない。,kyou wa samukute shou ga nai.,It's simply too cold today.
2624,125,てしょうがない・てしかたがない,,てしょうがない・てしかたがない,can't help but~; very; extremely Verb (て form),N3,267,3,今⽇は何もすることがなくて、暇で仕⽅がない。,"kyou wa nanimo suru koto ga nakute, hima de shikata ga nai.",I have nothing to do today and am very bored.
2625,125,てしょうがない・てしかたがない,,てしょうがない・てしかたがない,can't help but~; very; extremely Verb (て form),N3,267,4,お⾦をくれて、嬉しくてしょうがない。,"o kane o kurete, ureshikute shou ga nai.",I was given some money and feel so happy.
2626,125,てしょうがない・てしかたがない,,てしょうがない・てしかたがない,can't help but~; very; extremely Verb (て form),N3,267,5,バスで⾏くのは、時間がかかってしょうがない。,"basu de iku no wa, jikan ga kakatte shou ga nai.","Going by bus takes more time, but it can't be helped."
2627,125,てしょうがない・てしかたがない,,てしょうがない・てしかたがない,can't help but~; very; extremely Verb (て form),N3,267,7,最近はやることがないので、毎⽇が暇でしかたがない。,"saikin wa yaru koto ga nai node, mainichi ga hima de shikata ga nai.","I have nothing to do lately and am bored everyday, but it can't be helped."
2628,126,て済む,てすむ,て済む (てすむ),sufficient by; no problem to; resolve by~ Verb (て form),N3,269,1,その夜は何の事故もなくて済んだ。,sono yoru nan no jiko mo nakute sunda.,The night passed without any accidents.
2629,126,て済む,てすむ,て済む (てすむ),sufficient by; no problem to; resolve by~ Verb (て form),N3,269,2,⾦で済む事ならいくらでも出す。,kane de sumu koto nara ikura demo dasu.,"If money can resolve this, I will give any amount."
2630,126,て済む,てすむ,て済む (てすむ),sufficient by; no problem to; resolve by~ Verb (て form),N3,269,3,ちょうど熱が出たから、学校⾏かなくて済んだ。,"choudo netsu ga deta kara, gakkou ikanakute sunda.",I had a fever and so I didn't go to school.
2631,126,て済む,てすむ,て済む (てすむ),sufficient by; no problem to; resolve by~ Verb (て form),N3,269,4,"スマホの修理に出したが、2,000円で済んだ。","sumaho no shuuri ni dashita ga, 2,000 en de sunda.","I submitted my smatphone for repairs and got by with 2,000 yen."
2632,126,て済む,てすむ,て済む (てすむ),sufficient by; no problem to; resolve by~ Verb (て form),N3,269,5,少しお時間いただけませんか、５分で済みますから。,"sukoshi ojikan itadakemasen ka, 5 fun de sumimasu kara.",Could you please wait a little bit longer? 5 minutes should be sufficient.
2633,126,て済む,てすむ,て済む (てすむ),sufficient by; no problem to; resolve by~ Verb (て form),N3,269,6,予約だったら、わざわざ店に⾏かなくても、電話１本で済むよ。,"yoyaku dattara, wazawaza mise ni ikanakutemo, denwa ippon de sumu yo.","If you need to make a reservation, there's no need to go all the way to the shop, it can"
2634,126,て済む,てすむ,て済む (てすむ),sufficient by; no problem to; resolve by~ Verb (て form),N3,269,7,これでこれ以上の義務を負わなくて済む。,kore de kore ijou no gimu o owanakute sumu.,That absolves me from further responsibility.
2635,126,て済む,てすむ,て済む (てすむ),sufficient by; no problem to; resolve by~ Verb (て form),N3,269,8,台⾵が近づいてきているから、明⽇は学校に⾏かなくて済みそうだ。,"taifuu ga chikazuite kiteiru kara, ashita gakkou ni ikanakute sumi sou da.","The typhoon is getting closer, so it looks like we won't need to go to school tomorrow."
2636,127,てはいけないから,,てはいけないから,in order to not~; to prevent a negative Verb (て form) + は,N3,271,1,⾬が降るといけないから傘を持って⾏きなさい。,ame ga furu to ikenai kara kasa o motte ikinasai.,"It would be no good if it rains, so please take an umbrella with you."
2637,127,てはいけないから,,てはいけないから,in order to not~; to prevent a negative Verb (て form) + は,N3,271,2,バスに乗り遅れるといけないから、すぐ出発したほうがいい。,"basu ni nori okureru to ikenai kara, sugu shuppatsu shita hou ga ii.",You'd better head out right away so you don't miss the bus.
2638,127,てはいけないから,,てはいけないから,in order to not~; to prevent a negative Verb (て form) + は,N3,271,3,道に迷うといけないから、地図をもって⾏きなさい。,"michi ni mayou to ikenai kara, chizu o motte ikinasai.",Take a map with you in case you get lost.
2639,127,てはいけないから,,てはいけないから,in order to not~; to prevent a negative Verb (て form) + は,N3,271,4,彼が怒ってはいけないから本当の事は⾔わなかった。,kare ga okotte wa ikenai kara hontou no koto wa iwana katta.,I didn't tell him the truth for fear he would be angry.
2640,127,てはいけないから,,てはいけないから,in order to not~; to prevent a negative Verb (て form) + は,N3,271,5,⾵邪を引くといけないから、マフラーをして出かけなさい。,"kaze o hiku to ikenai kara, mafuraa o shite dekakenasai.",Please wear a scarf when you go out so that you don't catch a cold.
2641,127,てはいけないから,,てはいけないから,in order to not~; to prevent a negative Verb (て form) + は,N3,271,6,彼は寝てしまうといけないから、ブラックコーヒーを何杯も飲んだ。,"kare wa nete shimau to ikenai kara, burakku koohii o nanbai mo nonda.",He drank multiple cups of black coffee so as not to fall asleep.
2642,127,てはいけないから,,てはいけないから,in order to not~; to prevent a negative Verb (て form) + は,N3,271,7,彼⼥は体重が増えてはいけないからダイエットをしている。,kanojo wa taijuu ga fuete wa ikenai kara daietto o shite iru.,She is on a diet in order to not gain weight.
2643,127,てはいけないから,,てはいけないから,in order to not~; to prevent a negative Verb (て form) + は,N3,271,8,失敗するといけないから予備にするものが必要だ。,shippai suru to ikenai kara yobi ni suru mono ga hitsuyou da.,"It would not be good if we fail, so we need to take some proper preparations."
2644,128,ている場合じゃない,ているばあいじゃない,ている場合じゃない (ているばあいじゃない),this is no time to be doing~,N3,273,1,今は笑っている場合ではない。,ima wa waratteiru baai dewa nai.,This is not an occasion for laughter.
2645,128,ている場合じゃない,ているばあいじゃない,ている場合じゃない (ているばあいじゃない),this is no time to be doing~,N3,273,2,今は悲しんでいる場合ではない。,ima wa kanashindeiru baai dewa nai.,This is no time to be sad.
2646,128,ている場合じゃない,ているばあいじゃない,ている場合じゃない (ているばあいじゃない),this is no time to be doing~,N3,273,3,冗談を⾔っている場合じゃない︕,joudan o itteiru baai janai!,This is no time to be saying jokes!
2647,128,ている場合じゃない,ているばあいじゃない,ている場合じゃない (ているばあいじゃない),this is no time to be doing~,N3,273,4,しっかりして︕泣いている場合ではない。,shikkari shite! naitteiru baai dewa nai.,Hold yourself together! This is not a time to be crying.
2648,128,ている場合じゃない,ているばあいじゃない,ている場合じゃない (ているばあいじゃない),this is no time to be doing~,N3,273,6,今は携帯を触っている場合じゃない。早く宿題をやりなさい。,ima wa keitai o sawatte iru baai janai. hayaku shukudai o yari nasai.,This is no time to be touching your smartphone. Hurry up and do your homework.
2649,128,ている場合じゃない,ているばあいじゃない,ている場合じゃない (ているばあいじゃない),this is no time to be doing~,N3,273,7,もうすぐ⼤学の試験でしょう。今は遊んでいる場合じゃないよ。,mou sugu daigaku no shiken deshou. ima wa asondeiru baai janai yo.,"You have your university exam coming up soon, right? This is no time for you to be"
2650,129,的,てき,的 (てき),change noun into na-adjective (-ish; -like; -,N3,275,1,私は基本的になんでも⾷べます。,watashi wa kihon teki ni nan demo tabemasu.,"Basically, I eat everything."
2651,129,的,てき,的 (てき),change noun into na-adjective (-ish; -like; -,N3,275,2,これは政治的な集会だ。,kore wa seijitekina shuukai da.,This is a political meeting.
2652,129,的,てき,的 (てき),change noun into na-adjective (-ish; -like; -,N3,275,3,彼⼥は⾦銭的な理由で退学しました。,kanojo wa kinsen teki na riyuu de taigaku shimashita.,She dropped out of school for monetary reasons.
2653,129,的,てき,的 (てき),change noun into na-adjective (-ish; -like; -,N3,275,4,健康的にこういう⾷べ物は体に良くないよ。,kenkou teki ni kouiu tabemono wa karada ni yokunai yo.,"Health-wise, these kinds of foods are not good for the body."
2654,129,的,てき,的 (てき),change noun into na-adjective (-ish; -like; -,N3,275,5,その考え⽅は論理的にダメだと思いますよ。,sono kangae kata wa ronri teki ni dame da to omoimasu yo.,"Logically, I think that way of thinking is not good."
2655,129,的,てき,的 (てき),change noun into na-adjective (-ish; -like; -,N3,275,6,私は仕事を辞めてから精神的とても楽になった。,watashi wa shigoto o yamete kara seishin teki ni totemo raku ni natta.,I've been very relaxed mentally since I quit my job.
2656,129,的,てき,的 (てき),change noun into na-adjective (-ish; -like; -,N3,275,7,もっと具体的なアイディアを出して下さい。,motto gutai teki na aidea o dashite kudasai.,Please give me more specific ideas.
2657,129,的,てき,的 (てき),change noun into na-adjective (-ish; -like; -,N3,275,8,その⾔葉は⼀般的に会話で使われていないよ。,sono kotoba wa ippan teki ni kaiwa de tsukawarete inai yo.,That word is generally not used in conversation.
2658,129,的,てき,的 (てき),change noun into na-adjective (-ish; -like; -,N3,275,9,⽇本は経済的に強⼒な国家になった。,nihon wa keizaiteki ni kyouka na kokka ni natta.,Japan has economically become a powerful nation.
2659,130,ても始まらない,てもはじまらない,ても始まらない (てもはじまらない),even if you... it’s no use; there is no point Verb (て form) + も 始まらない,N3,277,1,今さらそんなことを⾔っても始まらない。,imasara sonna koto o ittemo hajimaranai.,It is no use talking about that now.
2660,130,ても始まらない,てもはじまらない,ても始まらない (てもはじまらない),even if you... it’s no use; there is no point Verb (て form) + も 始まらない,N3,277,2,待っていても始まらないので、もう帰りましょう。,"matteitemo hajimaranai node, mou kaerimashou.","Waiting here isn't gonna do any good, let's just head home."
2661,130,ても始まらない,てもはじまらない,ても始まらない (てもはじまらない),even if you... it’s no use; there is no point Verb (て form) + も 始まらない,N3,277,3,その件は話し合っても始まらない。,sono ken wa hanashiattemo hajimaranai.,There is no point in discussing this matter.
2662,130,ても始まらない,てもはじまらない,ても始まらない (てもはじまらない),even if you... it’s no use; there is no point Verb (て form) + も 始まらない,N3,277,4,⾃分で考えても始まらないので、先⽣に聞いてみよう。,"jibun de kangaetemo hajimaranai node, sensei ni kiite miyou.","It's no good thinking about this on my own, so I'll try asking the teacher."
2663,130,ても始まらない,てもはじまらない,ても始まらない (てもはじまらない),even if you... it’s no use; there is no point Verb (て form) + も 始まらない,N3,277,5,⽂句を⾔っても始まらないだろ。,monku o ittemo hajimaranai daro.,Complaining won't change anything.
2664,130,ても始まらない,てもはじまらない,ても始まらない (てもはじまらない),even if you... it’s no use; there is no point Verb (て form) + も 始まらない,N3,277,6,⾔っておくが、私に怒っても始まらないよ。,"itte oku ga, watashi ni okotte mo hajimaranai yo.",I'm telling you it will do you no good to be angry at me.
2665,130,ても始まらない,てもはじまらない,ても始まらない (てもはじまらない),even if you... it’s no use; there is no point Verb (て form) + も 始まらない,N3,277,7,今まさら担当者を責めても始まらない。,imasara tantousha o semetemo hajimaranai.,It’s no use blaming the person in charge now.
2666,130,ても始まらない,てもはじまらない,ても始まらない (てもはじまらない),even if you... it’s no use; there is no point Verb (て form) + も 始まらない,N3,277,8,今さら後悔しても始まらないし、次のことを考えよう。,"ima sara koukai shitemo hajimaranai shi, tsugi no koto o kangaeyou.","It's too late to regret things now, let's think about the next step."
2667,131,てもかまわない,,てもかまわない,it doesn't matter if ~ Verb (て form),N3,279,1,⾬が降っても構わない。,ame ga futtemo kamawanai.,I don't mind if it rains.
2668,131,てもかまわない,,てもかまわない,it doesn't matter if ~ Verb (て form),N3,279,2,君が何をしても構わないよ。,kimi ga nani o shitemo kamawanai yo.,I don't mind what you do.
2669,131,てもかまわない,,てもかまわない,it doesn't matter if ~ Verb (て form),N3,279,3,今帰っても構いませんか︖,ima kaettemo kamaimasenka?,Do you mind if I leave now?
2670,131,てもかまわない,,てもかまわない,it doesn't matter if ~ Verb (て form),N3,279,4,間違いをしても構わない。,machigai o shitemo kamawanai.,Don't worry about making mistakes.
2671,131,てもかまわない,,てもかまわない,it doesn't matter if ~ Verb (て form),N3,279,5,嫌なら来なくても構わない。,iya nara konaku temo kamawanai.,I don't mind you not coming if you really don't want to.
2672,131,てもかまわない,,てもかまわない,it doesn't matter if ~ Verb (て form),N3,279,6,私は毎⽇それを⾷べてもかまわない。,watashi wa mainichi sore o tabetemo kamawanai.,I wouldn't mind eating that everyday.
2673,131,てもかまわない,,てもかまわない,it doesn't matter if ~ Verb (て form),N3,279,7,ここでタバコを吸っても構いませんか︖,koko de tabako o suttemo kamaimasenka?,Do you mind if I smoke here?
2674,131,てもかまわない,,てもかまわない,it doesn't matter if ~ Verb (て form),N3,279,8,初⼼者でも構いませんので、気になる⽅はご連絡ください。,"shoshinsha demo kamaimasen no de, ki ni naru kata wa go renraku kudasai.","It doesn't matter if you are a beginner, anyone who is interested please contact us."
2675,131,てもかまわない,,てもかまわない,it doesn't matter if ~ Verb (て form),N3,279,9,返事はしなくても構いませんよ。,henji wa shinakutemo kamaimasen yo.,You don't have to answer / it doesn't matter if you reply or not
2676,132,てもしょうがない てもしかたがない,,てもしょうがない てもしかたがない,there's no point to~; it's no use to~; it Verb (て form) + も,N3,281,1,そこへ⾏ってもしかたがない。,soko e itte mo shikata ga nai.,It is no use going there.
2677,132,てもしょうがない てもしかたがない,,てもしょうがない てもしかたがない,there's no point to~; it's no use to~; it Verb (て form) + も,N3,281,2,こんなことをしていても仕⽅がないだろう。,konna koto o shite itemo shikata ga nai darou.,I don't think this will get us anywhere.
2678,132,てもしょうがない てもしかたがない,,てもしょうがない てもしかたがない,there's no point to~; it's no use to~; it Verb (て form) + も,N3,281,3,どうにもならないことを、悩んでいてもしょうがないよ。,"dou ni mo naranai koto o, nayandeitemo shou ga nai yo.",There's no point in worrying about things beyond our control.
2679,132,てもしょうがない てもしかたがない,,てもしょうがない てもしかたがない,there's no point to~; it's no use to~; it Verb (て form) + も,N3,281,4,全然勉強していないんだから、落ちてもしかたないよ。,"zenzen benkyou shiteinai n dakara, ochitemo shikata nai yo.","I haven't been studying at all, so there's no helping it if I end up failing."
2680,132,てもしょうがない てもしかたがない,,てもしょうがない てもしかたがない,there's no point to~; it's no use to~; it Verb (て form) + も,N3,281,5,そんなに健康のことを⼼配しても仕⽅がない。,sonna ni kenkou no koto o shinpai shitemo shikata ga nai.,There is no sense in your worrying about your health so much.
2681,132,てもしょうがない てもしかたがない,,てもしょうがない てもしかたがない,there's no point to~; it's no use to~; it Verb (て form) + も,N3,281,6,テストは明⽇だし、今から焦って勉強してもしかたがない。,"tesuto wa ashita dashi, ima kara asette benkyou shitemo shikata ga nai.","The test is tomorrow, so it's no use to get flustered and start studying now."
2682,132,てもしょうがない てもしかたがない,,てもしょうがない てもしかたがない,there's no point to~; it's no use to~; it Verb (て form) + も,N3,281,7,今⽇中に結論はでないだろうし、これ以上続けてもしかたあるまい。,"kyou juu ni ketsuron wa denai darou shi, kore ijou tsuzuke temo shikata aru mai.","The conclusion will likely not be reached today, so there's no point to continue on like"
2683,132,てもしょうがない てもしかたがない,,てもしょうがない てもしかたがない,there's no point to~; it's no use to~; it Verb (て form) + も,N3,281,8,空席があるのに⽴っていてもしょうがない。,kuuseki ga aru no ni tatteitemo shou ga nai.,There is no sense in standing when there are seats available.
2684,133,といえば,,といえば,speaking of; when you talk of; when you say;,N3,283,1,ベトナムと⾔えば、バイクが多いですね。,"betonamu to ieba, baiku ga ooi desu ne.","Speaking of Vietnam, there are a lot of bikes."
2685,133,といえば,,といえば,speaking of; when you talk of; when you say;,N3,283,2,⼤阪の⾷べ物と⾔えば、たこ焼きです。,"oosaka no tabemono to ieba, takoyaki desu.","Speaking of Osaka food, takoyaki comes to mind."
2686,133,といえば,,といえば,speaking of; when you talk of; when you say;,N3,283,3,本と⾔えばこれを読んだか︖,hon to ieba kore o yonda ka?,"Speaking of books, have you read this one?"
2687,133,といえば,,といえば,speaking of; when you talk of; when you say;,N3,283,4,⽇本の夏と⾔えば、とても暑いです︕,"nihon no natsu to ieba, totemo atsui desu!","Speaking of summer in Japan, it's extremely hot!"
2688,133,といえば,,といえば,speaking of; when you talk of; when you say;,N3,283,5,外国語と⾔えば、中国語を話せますか。,"gaikokugo to ieba, chuugokugo o hanasemasu ka?","Speaking of foreign languages, can you speak Chinese?"
2689,133,といえば,,といえば,speaking of; when you talk of; when you say;,N3,283,6,⽇本と⾔えば、ラーメンとお寿司が名物です。,"nihon to ieba, raamen to osushi ga meibutsu desu.","Speaking of Japan, it's famous foods are ramen and sushi."
2690,133,といえば,,といえば,speaking of; when you talk of; when you say;,N3,283,7,彼はどちらかと⾔えばケチなほうだ。,kare wa dochira ka to ieba kechi na hou da.,He's a bit on the stingy side.
2691,133,といえば,,といえば,speaking of; when you talk of; when you say;,N3,283,8,春と⾔えば、卒業の季節だ。,"haru to ieba, sotsugyou no kisetsu da.","Speaking of spring, it's graduation season (in Japan)."
2692,134,といい たらいい,,といい たらいい,it would be nice if; should; I hope~ Verb (casual) + と,N3,285,1,あなたが気にいるといいな。,anata ga ki ni iru to ii na.,I hope you like it.
2693,134,といい たらいい,,といい たらいい,it would be nice if; should; I hope~ Verb (casual) + と,N3,285,2,⾒れたらいいね。,mirare tara ii ne.,I hope I can see it.
2694,134,といい たらいい,,といい たらいい,it would be nice if; should; I hope~ Verb (casual) + と,N3,285,3,明⽇晴れるといいな。,ashita hareru to ii na.,I hope the weather will clear up tomorrow.
2695,134,といい たらいい,,といい たらいい,it would be nice if; should; I hope~ Verb (casual) + と,N3,285,4,旅⾏中は⾬が降らないといいなあ。,ryokouchuu wa ame ga furanai to ii naa.,I hope it doesn't rain during our trip.
2696,134,といい たらいい,,といい たらいい,it would be nice if; should; I hope~ Verb (casual) + と,N3,285,5,いつか⽇本で出会えたらいいな。,itsu ka nihon de deaetara to ii na.,I hope we can meet in Japan one day.
2697,134,といい たらいい,,といい たらいい,it would be nice if; should; I hope~ Verb (casual) + と,N3,285,6,⾵邪ひいちゃった。早く良くなるといいんだけど。,kaze hiichatta. hayaku yokunaru to ii n dakedo.,"I caught a cold, I hope I can recover quickly."
2698,134,といい たらいい,,といい たらいい,it would be nice if; should; I hope~ Verb (casual) + と,N3,285,7,痩せたかったら、この薬を飲むといいですよ。,"yasetakattara, kono kusuri o nomu to ii desu yo.","If you want to lose weight, you should take this medicine."
2699,134,といい たらいい,,といい たらいい,it would be nice if; should; I hope~ Verb (casual) + と,N3,285,8,勉強に疲れたら、チョコレートを⾷べるといいですよ。,"benkyou ni tsukaretara, chokoreeto o taberu to ii desu yo.","If you're tired from studying, you should eat some chocolate."
2700,134,といい たらいい,,といい たらいい,it would be nice if; should; I hope~ Verb (casual) + と,N3,285,9,もう少し給料を上げてくれたらいいのだが。,mou sukoshi kyuuryou o agete kuretara ii no da ga.,I wish they would raise my salary..
2701,135,といっても,,といっても,although I say; although one might say~ Verb (casual form),N3,287,1,今週は忙しい、といっても先週ほどじゃない。,"konshuu wa isogashii, to itte mo senshuu hodo janai.","I’m busy this week, but not as much as last week."
2702,135,といっても,,といっても,although I say; although one might say~ Verb (casual form),N3,287,2,私は料理ができるといっても、卵焼きぐらいです。,"watashi wa ryouri ga dekiru to itte mo, tamagoyaki gurai desu.","Although I said that I can cook, I can only make fried eggs."
2703,135,といっても,,といっても,although I say; although one might say~ Verb (casual form),N3,287,3,会社の社⻑といっても、社員は４⼈だけですよ。,"kaisha no shachou to ittemo, shain wa 4 nin dake desu yo.","Although he may be the company president, there are only 4 employees."
2704,135,といっても,,といっても,although I say; although one might say~ Verb (casual form),N3,287,4,⽇本で⽣活したことがあるといっても、実は１ヶ⽉だけなんです。,"nihon de seikatsu shita koto ga aru to ittemo, jitsu wa 1 kagetsu dake nan desu.","Although I have experience living in Japan, it was only for one month."
2705,135,といっても,,といっても,although I say; although one might say~ Verb (casual form),N3,287,6,私は⽇本語ができると⾔っても、簡単な会話のレベルくらいです。,"watashi wa nihongo ga dekiru to ittemo, kantan na kaiwa no reberu kurai desu.","When I say I can speak Japanese, I am only at about basic conversational level."
2706,135,といっても,,といっても,although I say; although one might say~ Verb (casual form),N3,287,7,宝くじに当たったと⾔っても500円だけですよ。,takarakuji ni atatta to itte mo 500en dake desu yo.,"Although it can be said I won the lottery, it was only 500 yen.."
2707,135,といっても,,といっても,although I say; although one might say~ Verb (casual form),N3,287,8,海外で⽣活したことがあると⾔っても、実は１か⽉だけなんです。,"kaigai de seikatsu shita koto ga aru to ittemo, jitsu wa ikkagetsu dake nandesu.","Although I say I've studied abroad before, it was actually only for one month."
2708,136,ということだ,,ということだ,I heard~; it means that~; in other words~ Verb (dictionary form),N3,289,1,ニュースによると、明⽇は⾬が降るということだ。,"nyuusu ni yoru to, ashita wa ame ga furu to iu koto da.",I heard on the news that it will rain tomorrow.
2709,136,ということだ,,ということだ,I heard~; it means that~; in other words~ Verb (dictionary form),N3,289,2,先ほど、⼭⽥さんから電話があって、少し遅れるとのことです。,"saki hodo, yamada san kara denwa ga atte, sukoshi okureru to no koto desu.",I heard Mr. Yamada called earlier and said he would be a bit late.
2710,136,ということだ,,ということだ,I heard~; it means that~; in other words~ Verb (dictionary form),N3,289,3,⽥中さんは熱があるので、明⽇は⾏けないとのことだ。,"tanaka san wa netsu ga aru node, ashita wa ikenai to no koto da.","Mr. Tanaka has a fever, so it doesn't seem like he will be able to go tomorrow."
2711,136,ということだ,,ということだ,I heard~; it means that~; in other words~ Verb (dictionary form),N3,289,5,先輩は来⽉で会社を辞めるとのことですが、その話は本当ですか。,"senpai wa raigetsu de kaisha o yameru to no koto desu ga, sono hanashi wa hontou",desu ka?
2712,136,ということだ,,ということだ,I heard~; it means that~; in other words~ Verb (dictionary form),N3,289,6,物価は来⽉からさらに上がるということだ。,bukka wa raigetsu kara sarani agaru to iu koto da.,I heard that prices will rise again even higher next month.
2713,136,ということだ,,ということだ,I heard~; it means that~; in other words~ Verb (dictionary form),N3,289,7,試験の結果は８５％、つまり合格ということだ。,"shiken no kekka wa 85%, tsumari goukaku to iu koto da.","Your test score was 85%. In other words, you passed."
2714,136,ということだ,,ということだ,I heard~; it means that~; in other words~ Verb (dictionary form),N3,289,8,彼の姿は今⽇も⾒えない。つまりまたサボったってことだ。,kare no sugata wa kyou mo mienai. tsumari mata sabotta tte koto da.,"I haven't see him around at all today either. In other words, he is skipping work again."
2715,136,ということだ,,ということだ,I heard~; it means that~; in other words~ Verb (dictionary form),N3,289,11,独⾝でい続けるのは⼀⼈で寂しく死ぬということだ。,dokushin de itsuzukeru no wa hitori de sabishiku shinu to iu koto da.,Continuing on single as you are now means you will die sad and alone.
2716,137,というのは,,というのは,this means~; the meaning of … is~; reason,N3,292,5,禁煙というのはたばこを吸ってはいけないということです。,kinen toiu nowa tabako o suttewa ikenai toiu koto desu.,"The word ""kinen"" means no smoking is allowed."
2717,137,というのは,,というのは,this means~; the meaning of … is~; reason,N3,292,6,僕は卵を⾷べないんです。というのは、アレルギーがあるんですよ。,"boku wa tamago o tabenain desu. toiu nowa, arerugii ga arun desu yo.",I don't eat eggs. That is to say I have an egg allergy.
2718,137,というのは,,というのは,this means~; the meaning of … is~; reason,N3,292,7,私は⾁を⾷べません。というのは、菜⾷主義だからです。,"watashi wa niku o tabemasen. toiu nowa, saishoku shugi dakara desu.",I don't eat meat. That is to say I am a vegetarian.
2719,138,というと,,というと,speaking of; when you talk of; when you,N3,294,1,桜というと、花⾒だ。,"sakura to iu to, hanami da.","Speaking of cherry blossoms, flower viewing comes to mind."
2720,138,というと,,というと,speaking of; when you talk of; when you,N3,294,2,⼈気があるアニメというと、ワンピースだ。,"ninki no aru anime to iu to, wanpiisu da.","Speaking of popular anime, One Piece comes to mind."
2721,138,というと,,というと,speaking of; when you talk of; when you,N3,294,3,⽇本料理というと、すしが⼀番有名だ。,"nihon ryouri to iu to, sushi ga ichiban yuumei da.","Speaking of Japanese food, sushi is the most popular."
2722,138,というと,,というと,speaking of; when you talk of; when you,N3,294,4,どちらかというと暇です。,dochiraka to iu to hima desu.,"If anything, I'm bored."
2723,138,というと,,というと,speaking of; when you talk of; when you,N3,294,5,デトロイト市と⾔うと、どんなイメージをしますか︖,"detoroito shi to iu to, donna imeeji o shimasuka?","When you think of Detroit city, what image do you have?"
2724,138,というと,,というと,speaking of; when you talk of; when you,N3,294,6,⽇本の都会と⾔うと、東京と⼤阪でしょう。,"nihon no tokai to iu to, toukyo to oosaka deshou.","Speaking of Japan's big cities, Tokyo and Osaka come to mind."
2725,138,というと,,というと,speaking of; when you talk of; when you,N3,294,7,⽇本というと、美味しいものの天国だ。,"nihon to iu to, oishii mono no tengoku da.","Speaking of Japan, it's a delicious food paradise!"
2726,138,というと,,というと,speaking of; when you talk of; when you,N3,294,8,海外で⼈気のあるアニメというとドラゴンボールでしょう︕,kaigai de ninki no aru anime to iu to doragon booru deshou!,"When thinking of anime that is popular abroad, surely Dragon Ball comes to mind!"
2727,139,というより,,というより,rather than~ Verb (casual),N3,296,1,彼はかっこいいというよりかわいい。,kare wa kakkoii to iu yori kawaii.,He is more cute than cool.
2728,139,というより,,というより,rather than~ Verb (casual),N3,296,2,彼は学者というよりは教師だ。,kare wa gakusha to iu yori kyoushi da.,He is more a teacher than a scholar.
2729,139,というより,,というより,rather than~ Verb (casual),N3,296,3,私の仕事は、仕事というより趣味に近い。,"watashi no shigoto wa, shigoto toiu yori shumi ni chikai.",My job is more of a hobby than a job.
2730,139,というより,,というより,rather than~ Verb (casual),N3,296,4,うちの⼦はこれができないというより、やる気がないと思う。,uchi no ko wa kore ga dekinai toiu yori yaruki ga nai to omou.,"It's not that my child can't do this, but rather they just don't have the motivation to do"
2731,139,というより,,というより,rather than~ Verb (casual),N3,296,5,今⽇は涼しいというより寒いくらいだった。,kyou wa suzushii to iu yori samui kurai datta.,"Rather than cool, today was more on the cold side."
2732,139,というより,,というより,rather than~ Verb (casual),N3,296,6,今はラーメンというよりうどんが⾷べたい気分だ。,ima wa raamen toiu yori udon ga tabetai kibun desu.,Now I'm more in the mood for udon than for ramen.
2733,139,というより,,というより,rather than~ Verb (casual),N3,296,7,彼は彼⽒というより、夫だ。,"kare wa kareshi to iu yori, otto da.",He is more a husband than a boyfriend.
2734,139,というより,,というより,rather than~ Verb (casual),N3,296,8,私はあなたが許せないというよりは、⾃分が許せない。,"watashi wa anata ga yurusenai to iu yori wa, jibun ga yurusenai.","It's not that I can't forgive you, but rather I cannot forgive myself."
2735,140,とみえる とみえて,,とみえる とみえて,it seems that~ Verb (casual),N3,298,1,彼は病気だとみえる。,kare wa byouki da to mieru.,He appears to be sick.
2736,140,とみえる とみえて,,とみえる とみえて,it seems that~ Verb (casual),N3,298,2,彼は運が向いてきたと⾒える。,kare wa un ga muite kita to mieru.,Luck seems to be heading his way.
2737,140,とみえる とみえて,,とみえる とみえて,it seems that~ Verb (casual),N3,298,3,⼭⽥さんは忙しいとみえて、このごろ電話もしてこない。,"yamada san wa isogashii to miete, kono goro denwa mo shite konai.","Mr. Yamada seems busy now, which may be why he hasn't called."
2738,140,とみえる とみえて,,とみえる とみえて,it seems that~ Verb (casual),N3,298,4,⾬が降ったとみえて、道が濡れている。,"amega futta to miete, michi ga nureteiru.","It seems that it just rained, as the road is wet."
2739,140,とみえる とみえて,,とみえる とみえて,it seems that~ Verb (casual),N3,298,5,彼は苦労したとみえて、実際の年齢より⽼けて⾒える。,"kare wa kurou shita to miete, jissai no nenrei yori fukete mieru.",He seems as if he has worked very hard through his life since he looks older than his
2740,140,とみえる とみえて,,とみえる とみえて,it seems that~ Verb (casual),N3,298,6,彼は⽇本語の勉強が真剣になってきたと⾒える。,kare wa nihongo no benkyou ga shinken ni nattekita to mieru.,He seems to have started to get more serious with his Japanese studies.
2741,141,とすれば・としたら・とすると,,とすれば・としたら・とすると,in the case of~; assuming~; if A then B Verb (casual),N3,300,1,選ぶとすれば、僕はこれだな。,"erabu to sureba, boku wa kore da na.","If I were to choose, I would go with this."
2742,141,とすれば・としたら・とすると,,とすれば・としたら・とすると,in the case of~; assuming~; if A then B Verb (casual),N3,300,2,そこまで歩いていくとすれば、40分くらいかかるだろう。,"soko made aruite iku to sureba, 40 pun kurai kakaru darou.","If we go by walking, it will likely take about 40 minutes."
2743,141,とすれば・としたら・とすると,,とすれば・としたら・とすると,in the case of~; assuming~; if A then B Verb (casual),N3,300,3,もし⾞を買い換えるとすれば、次はアメリカの⾞が欲しい。,"moshi kuruma o kaikaeru to sureba, tsugi wa amerika no kuruma ga hoshii.","If I were to buy a new car, I would want to get an American car."
2744,141,とすれば・としたら・とすると,,とすれば・としたら・とすると,in the case of~; assuming~; if A then B Verb (casual),N3,300,4,⼀⽇25時間だとしたら、何をしますか︖,"ichinichi 25 jikan da to shitara, nani o shimasu ka?","If there were 25 hours in a day, what would you do?"
2745,141,とすれば・としたら・とすると,,とすれば・としたら・とすると,in the case of~; assuming~; if A then B Verb (casual),N3,300,5,電⾞で⾏くとしたら、時間はどのくらいかかりますか。,"densha de iku to shitara, jikan wa dono kurai kakarimasu ka?","Assuming we go by train, about how much time will it take?"
2746,141,とすれば・としたら・とすると,,とすれば・としたら・とすると,in the case of~; assuming~; if A then B Verb (casual),N3,300,6,その話が本当だとしたら、嬉しいです︕,"sono hanashi ga hontou da to shitara, ureshii desu.","If that story is true, then I'd be really happy!"
2747,141,とすれば・としたら・とすると,,とすれば・としたら・とすると,in the case of~; assuming~; if A then B Verb (casual),N3,300,7,その話が本当だとすると、⼤変なことだ。,"sono hanashi ga hontou da to suru to, taihen na koto da.","If that story is true, then that's pretty serious.."
2748,141,とすれば・としたら・とすると,,とすれば・としたら・とすると,in the case of~; assuming~; if A then B Verb (casual),N3,300,8,これを航空便で送るとするといくらかかりますか︖,kore o koukuubin de okuru to suru to ikura kakarimasu ka?,How much would it cost to send this by airmail?
2749,141,とすれば・としたら・とすると,,とすれば・としたら・とすると,in the case of~; assuming~; if A then B Verb (casual),N3,300,9,彼が犯⼈だとすると、犯罪を犯した動機は何だろう。,"kare ga hannin da to suru to, nanzai o okashita douki wa nandarou.","If we assume that he is the culprit, then what is his motive?"
2750,142,と共に,とともに,と共に (とともに),together with; at the same time as; as well Verb (dictionary form),N3,302,1,私の⼈⽣は、ギターと共にある。,"watashi no jinsei wa, gitaa to tomo ni aru.",I spend my life together with my guitar.
2751,142,と共に,とともに,と共に (とともに),together with; at the same time as; as well Verb (dictionary form),N3,302,2,春が近づくと共に、少しずつ暖かくなってきた。,"haru ga chikaduku to tomo ni, sukoshi zutsu atatakaku natte kita.","As spring grows nearer, it's gradually getting a bit warmer."
2752,142,と共に,とともに,と共に (とともに),together with; at the same time as; as well Verb (dictionary form),N3,302,3,私は政府と共に仕事をする。,watashi wa seifu to tomo ni shigoto o suru.,I will work together with the government.
2753,142,と共に,とともに,と共に (とともに),together with; at the same time as; as well Verb (dictionary form),N3,302,4,私は家族と共に⼆年間外国で暮らした。,watashi wa kazoku to tomo ni ninenkan gaikoku de kurashita.,I lived abroad together with my family for two years.
2754,142,と共に,とともに,と共に (とともに),together with; at the same time as; as well Verb (dictionary form),N3,302,5,私は共に戦ってくれる⼈を探している。,watashi wa tomo ni tatakatte kureru hito o sagashiteiru.,I'm looking for people who will fight together with me.
2755,142,と共に,とともに,と共に (とともに),together with; at the same time as; as well Verb (dictionary form),N3,302,6,ゲームでは、仲間と共に敵を倒していくのが⾯⽩い。,"geemu dewa, nakama to tomo ni teki o taoshite iku noga omoshiroi.","In games, being able to work together with my friends to defeat enemies is fun /"
2756,142,と共に,とともに,と共に (とともに),together with; at the same time as; as well Verb (dictionary form),N3,302,7,世界はスマートフォンの普及と共に、⼤きく変化した。,"sekai wa sumaatofon no fukyuu to tomo ni, ookiku henka shita.",The world has changed dramatically with the spread of smartphones.
2757,142,と共に,とともに,と共に (とともに),together with; at the same time as; as well Verb (dictionary form),N3,302,8,学校に⾏く途中で、ふと今⽇は⺟の誕⽣⽇だったことを思い出した。,"gakkou ni iku tochuu de, futo kyou wa haha no tanjoubi datta koto o omoidashita.",On my way to school I suddenly remembered that today was my mother's birthday.
2758,143,ところで,,ところで,by the way~ ところで new topic,N3,306,1,ところで、今どこにいるの︖,"tokoro de, ima doko ni iru no?","By the way, where are you now?"
2759,143,ところで,,ところで,by the way~ ところで new topic,N3,306,2,ところで⼤阪に⾏ったことある︖,tokoro de oosaka ni itta koto aru?,"By the way, have you ever been to Osaka?"
2760,143,ところで,,ところで,by the way~ ところで new topic,N3,306,3,もうすぐ卒業ですね。ところで、就職はどうしますか。,"mousugu sotsugyou desune. tokoro de, shuushoku wa dou shimasuka?","You're about to graduate, right? By the way, what are you doing for job hunting?"
2761,143,ところで,,ところで,by the way~ ところで new topic,N3,306,6,俺は来年⽇本に留学する。ところで、君はどうするの︖,"ore wa reinen nihon ni ryuugaku suru. tokoro de, kimi wa dousuru no?","I will study abroad in Japan next year. By the way, what about you?"
2762,143,ところで,,ところで,by the way~ ところで new topic,N3,306,7,今から昼ご飯を⾷べに⾏く。ところで、あなたも⼀緒に⾏く︖,"imakara hiru gohan o tabeni iku. tokoro de, anata mo issho ni iku?",I am about to head out to eat. Would you like to join me?
2763,144,ところが,,ところが,even so; however; even though~ Expectation ところが result,N3,308,1,今⽇は晴れだと思っている。ところが、⾬だ。,"kyou wa hare da to omotteiru. tokoro ga, ame da.","I thought today would be sunny. However, it is raining.."
2764,144,ところが,,ところが,even so; however; even though~ Expectation ところが result,N3,308,3,私はチームの勝利を信じていた。ところが、負けてしまった。,"watashi wa chiimu no shouri o shinjiteita. tokoroga, makete shimatta.","I believed our team would win. However, they lost."
2765,144,ところが,,ところが,even so; however; even though~ Expectation ところが result,N3,308,4,彼は⾮常に頭がいい。ところが⼤学に⼊れなかった。,kare wa hijou ni atama ga ii. tokoro ga daigaku ni hairenakatta.,"He’s very smart. Even so, he couldn’t get into college."
2766,144,ところが,,ところが,even so; however; even though~ Expectation ところが result,N3,308,5,⽇本での⽣活は⼤変だと思った。ところが、すぐに慣れました。,"nihon deno seikatsu wa taihen dato omotta. tokoro ga, suguni naremashita.","I thought life in Japan would be difficult, but I got used to it right away."
2767,144,ところが,,ところが,even so; however; even though~ Expectation ところが result,N3,308,7,みんなは彼が勝つと思っていた。ところが簡単に負けてしまった。,minna wa kare ga katsu to omotte ita. tokoro ga kantan ni makete shimatta.,"Everyone thought he would win, but he easily lost."
2768,145,とおりに,,とおりに,in the same way as; in the way; as~ Verb (dictionary form),N3,310,1,彼は⾔われたとおりにした。,kare wa iwareta toori ni shita.,He did as he was told.
2769,145,とおりに,,とおりに,in the same way as; in the way; as~ Verb (dictionary form),N3,310,2,彼は時間どおりにやって来た。,kare wa jikan doori ni yatte kita.,He arrived on time.
2770,145,とおりに,,とおりに,in the same way as; in the way; as~ Verb (dictionary form),N3,310,3,すべてはスケジュールどおりに進んでいる。,subete wa sukejuuru doori ni susundeiru.,Everything is going according to schedule.
2771,145,とおりに,,とおりに,in the same way as; in the way; as~ Verb (dictionary form),N3,310,4,じゃあ、先⽣が書くとおりに、⼀緒に漢字を書いてください。,"jaa, sensei ga kaku toori ni, isshoni kanji o kaite kudasai.","Let's get started, please write the kanji character together as the teacher draws it."
2772,145,とおりに,,とおりに,in the same way as; in the way; as~ Verb (dictionary form),N3,310,5,先⽣が⾔ったとおり、試験が難しかった。,"sensei ga itta toori, shiken ga muzukashikatta.","The exam was difficult, just as the teacher said it would be."
2773,145,とおりに,,とおりに,in the same way as; in the way; as~ Verb (dictionary form),N3,310,6,天気が晴れってきた。予報どおりだ。,tenki ga harette kita. yohou doori da.,The weather started to clear up. The weather forecast was right.
2774,145,とおりに,,とおりに,in the same way as; in the way; as~ Verb (dictionary form),N3,310,7,何もかも、私の願ったとおりになりました。,"nanimo kamo, watashi no negatta toori ni narimashita.",Everything turned out as I had hoped.
2775,145,とおりに,,とおりに,in the same way as; in the way; as~ Verb (dictionary form),N3,310,8,店員さんがかいてくれた地図のとおりに来たが、道に迷った。,"ten'in san ga kaite kureta chizu no toori ni kita ga, michi ni mayotta.","I followed the map that the employee drew for me, but ended up getting lost."
2776,145,とおりに,,とおりに,in the same way as; in the way; as~ Verb (dictionary form),N3,310,9,先⽣が書くとおりに、⼀緒に漢字を書いてください。,"sensei ga kaku toori ni, isshoni kanji o kaite kudasai.",Please write the kanji together along with the teacher in the way they write it.
2777,145,とおりに,,とおりに,in the same way as; in the way; as~ Verb (dictionary form),N3,310,10,⼭⽥さんの⾔ったとおりに、昨⽇の夜、街ではお祭りがありました。,"yamada san no itta toori ni, kinou no yoru, machi de wa matsuri ga arimashita.","Just as Mr. Yamada said, last night there was a festival in town."
2778,146,通す,とおす,通す (とおす),to do until the end; to continually do;,N3,312,1,やると決めたことは最後までやり通すべきだ。,yaru to kimeta koto wa saigo made yari toosu beki da.,"When you decide to do something, you should see it through to the end."
2779,146,通す,とおす,通す (とおす),to do until the end; to continually do;,N3,312,2,終電を出てしまったので、１時間かけて家まで歩き通した。,"shuuden o dete shimatta node, 1 jikan kakete ie made aruki tooshita.","The last train left, so I walked home for an hour."
2780,146,通す,とおす,通す (とおす),to do until the end; to continually do;,N3,312,4,ひと晩飲み通しに飲んだ。,hitoban nomitooshi ni nonda.,We kept drinking all night.
2781,146,通す,とおす,通す (とおす),to do until the end; to continually do;,N3,312,5,こんな⻑い⼩説は⼀⽇で読み通せない。,konna nagai shousetsu wa ichinichi de yomi toosenai.,You can't read such a long novel in a day.
2782,146,通す,とおす,通す (とおす),to do until the end; to continually do;,N3,312,6,上司にバレないように、仕事のミスを隠し通した。,"joushi ni barenai you ni, shigoto no misu o kakushi tooshita.","In order to not have my boss find out, I covered up my mistake at work."
2783,146,通す,とおす,通す (とおす),to do until the end; to continually do;,N3,312,7,今⽇のハイキングは⻑かった。⼭頂まで４時間歩き通した。,kyou no haikingu wa nagakatta. sanchou made 4 jikan aruki tooshita.,Today's hiking was long. I hiked continually for 3 hours to the peak.
2784,146,通す,とおす,通す (とおす),to do until the end; to continually do;,N3,312,8,追い求めると決めた夢は最後まで追い求め通すつもりだ。,oimotomeru to kimeta yume wa saigo made oimotome toosu tsumori da.,I plan to pursue the dream I decided on pursuing until the end.
2785,147,として,,として,as~; in the role of~ Noun として,N3,314,1,彼は教師として働いている。,kare wa kyoushi toshite hataraiteiru.,He has been working as a teacher.
2786,147,として,,として,as~; in the role of~ Noun として,N3,314,2,僕の友⼈としては君ばかりだ。,boku no yuujin toshite aw kimi bakari da.,You are the only friend I have.
2787,147,として,,として,as~; in the role of~ Noun として,N3,314,3,ナイフとして⽤いられている。,naifu toshite mochi irareteiru.,It can be used as a knife.
2788,147,として,,として,as~; in the role of~ Noun として,N3,314,4,彼⼥は、歌⼿として最近活躍しています。,"kanojo wa, kashu toshite saikin katsuyaku shite imasu.",She is active as a singer lately.
2789,147,として,,として,as~; in the role of~ Noun として,N3,314,5,私は留学⽣として⽇本に来ました。,watashi wa ryuugakusei toshite nihon ni kimashita.,I came to Japan as a study abroad student.
2790,147,として,,として,as~; in the role of~ Noun として,N3,314,6,同じ⽇本⼈として彼を応援して⾏きたいです。,onaji nihonjin toshite kare o ouen shite ikitai desu.,I want to support him as a fellow Japanese person.
2791,147,として,,として,as~; in the role of~ Noun として,N3,314,7,私の⽣まれた町はお茶の町として知られている。,watashi no umareta machi wa ocha no machi toshite shirarete iru.,The village I was born in is known as a village of tea.
2792,148,とても〜ない,,とても〜ない,cannot possibly be; hardly~ とても Verb (ない form),N3,316,1,そんなこと、私にはとても出来ない。,"sonna koto, watashi niwa totemo dekinai.",There's no way I could do something like that.
2793,148,とても〜ない,,とても〜ない,cannot possibly be; hardly~ とても Verb (ない form),N3,316,2,この本の漢字は難しいので私にはとても読めない。,kono hon no kanji wa muzukashii no de watashi ni wa totemo yomenai.,The kanji in this book is difficult so I can barely read it.
2794,148,とても〜ない,,とても〜ない,cannot possibly be; hardly~ とても Verb (ない form),N3,316,5,⼀度にこんなにたくさんの単語はとても覚えられません。,ichido ni konna ni takusan no tango wa totemo oboerare masen.,I could not possibly memorize so much vocabulary at once.
2795,148,とても〜ない,,とても〜ない,cannot possibly be; hardly~ とても Verb (ない form),N3,316,6,⻭が痛くてご飯はとても⾷べられなかった。,ha ga itakute gohan wa totemo taberare nakatta.,My tooth hurt and so I could hardly eat anything.
2796,148,とても〜ない,,とても〜ない,cannot possibly be; hardly~ とても Verb (ない form),N3,316,7,こんな難しい問題は私だけでとても解けません。,konna muzukashii mondai wa watashi dake de totemo tokemasen.,I can't solve this kind of difficult problem just by myself.
2797,149,とは限らない,とはかぎらない,とは限らない (とはかぎらない),not necessarily so; is not always true Verb (casual),N3,318,1,先⽣の答えがいつも正しいとは限りません。,sensei no kotae ga itsumo tadashii towa kagirimasen.,The teacher's answers are not always correct.
2798,149,とは限らない,とはかぎらない,とは限らない (とはかぎらない),not necessarily so; is not always true Verb (casual),N3,318,2,こういう⾳楽は誰でも好きだとは限らない。,kouiu ongaku wa dare demo suki da towa kagiranai.,This sort of music is not necessarily liked by everyone.
2799,149,とは限らない,とはかぎらない,とは限らない (とはかぎらない),not necessarily so; is not always true Verb (casual),N3,318,3,お⾦持ちになれば、必ず幸せになるとは限りません。,"okanemochi ni nareba, kanarazu shiawase ni naru towa kagirimasen.",Becoming rich doesn't necessarily make you happy.
2800,149,とは限らない,とはかぎらない,とは限らない (とはかぎらない),not necessarily so; is not always true Verb (casual),N3,318,4,いい⼤学を卒業したから、いい会社に⼊れるとは限らない。,"ii daigaku o sotsugyou shita kara, ii kaisha ni haireru towa kagiranai.",Just because you graduated from a good university doesn't mean you'll be able to get
2801,150,つい,,つい,accidentally; unintentionally; by mistake つい clause (often てしまう form),N3,320,1,料理がおいしくてつい⾷べ過ぎた。,ryouri ga oishikute tsui tabe sugita.,The food was so good that I ate too much.
2802,150,つい,,つい,accidentally; unintentionally; by mistake つい clause (often てしまう form),N3,320,2,彼⼥の前でつい他の⼥の⼦がかわいいって⾔ってしまった。,kanojo no mae de tsui hoka no onnano ko ga kawaii tte itte shimatta.,"Without thinking, I said some other girl was cute right in front of my girlfriend."
2803,150,つい,,つい,accidentally; unintentionally; by mistake つい clause (often てしまう form),N3,320,4,ゲームをつい夢中になってしまって、宿題ができなかった。,"geemu o tsui muchuu ni natte shimatte, shukudai ga dekinakatta.",I became so absorbed in the game that I couldn't do my homework.
2804,150,つい,,つい,accidentally; unintentionally; by mistake つい clause (often てしまう form),N3,320,5,ダイエット中だが、ケーキを⾒てつい⾷べてしまった。,"daiettochuu da ga, keeki o mite tsui tabete shimatta.","Although I'm in the middle of a diet, I saw a cake and ended up eating it.."
2805,150,つい,,つい,accidentally; unintentionally; by mistake つい clause (often てしまう form),N3,320,6,友達と約束したけど、つい秘密を漏らしてしまった。,"tomodachi to yakusoku shita kedo, tsui himitsu o morashite shimatta.","Although I made a promise with my friend, I revealed their secret without thinking.."
2806,150,つい,,つい,accidentally; unintentionally; by mistake つい clause (often てしまう form),N3,320,8,⽗に怒られるのが怖かったので、つい嘘を⾔ってしまった。,"chichi ni okorareru no ga kowakatta node, tsui uso o itte shimatta.",I was afraid of my father getting angry and ended up lying to him.
2807,151,ついに,,ついに,finally ~; at last ~; in the end ついに phrase,N3,322,1,ついに着いたのだ︕,tsui ni tsuita no da!,I finally arrived!
2808,151,ついに,,ついに,finally ~; at last ~; in the end ついに phrase,N3,322,2,⾬はついにやんだ。,ame wa tsui ni yanda.,The rain stopped at last.
2809,151,ついに,,ついに,finally ~; at last ~; in the end ついに phrase,N3,322,3,冬はついに終わった。,fuyu wa tsui ni owatta.,At long last the winter was over.
2810,151,ついに,,ついに,finally ~; at last ~; in the end ついに phrase,N3,322,4,ついにオリンピックが始まる。,tsui ni orinpikku ga hajimaru.,The Olympics will finally begin.
2811,151,ついに,,ついに,finally ~; at last ~; in the end ついに phrase,N3,322,5,⼆⼈はついに離婚した。,futari wa tsui ni rikon shita.,They got divorced in the end.
2812,151,ついに,,ついに,finally ~; at last ~; in the end ついに phrase,N3,322,6,私はついに仕事が決まりました。,watashi wa tsui ni shigoto ga kimarimashita.,I finally got a job.
2813,151,ついに,,ついに,finally ~; at last ~; in the end ついに phrase,N3,322,7,ついに彼⼥は問題を解決した。,tsui ni kanojo wa mondai o kaiketsu shita.,"At last, she solved the problem."
2814,151,ついに,,ついに,finally ~; at last ~; in the end ついに phrase,N3,322,8,ついに借りていた本を読みました。,tsui ni karite ita hon o yomimashita.,I finally read the book that I was borrowing.
2815,152,ついでに,,ついでに,"while, incidentally, at the same time, on the Verb (dictionary form)",N3,324,1,買い物のついでに、本屋に寄りました。,"kaimono no tsuide ni, honya ni yorimashita.",I stopped by a book store while shopping.
2816,152,ついでに,,ついでに,"while, incidentally, at the same time, on the Verb (dictionary form)",N3,324,2,コンビニに⾏くなら、ついでにお茶も買ってきてくれない︖,"konbini in iku nara, tsuide ni ocha mo katte kurenai?","If you're already going to the convenience store, could you please also buy me some"
2817,152,ついでに,,ついでに,"while, incidentally, at the same time, on the Verb (dictionary form)",N3,324,3,仕事へ⾏くついでに駅まで送ってあげるよ。,shigoto e iku tsuide ni eki made okutte ageru yo.,I'll give you a lift to the station on my way to work.
2818,152,ついでに,,ついでに,"while, incidentally, at the same time, on the Verb (dictionary form)",N3,324,4,出かけるの︖それならついでにゴミを出してくれる︖,dekakeru no? sore nara tsuide ni gomi o dashite kureru?,"Are you heading out? If so, could you please also take out the garbage when you go?"
2819,152,ついでに,,ついでに,"while, incidentally, at the same time, on the Verb (dictionary form)",N3,324,5,引っ越しのついでに、新しい家具を買いたいです。,"hikkoshi no tsuide ni, atarashii kagu o kaitai desu.","While I am moving, I want to buy some new furniture."
2820,152,ついでに,,ついでに,"while, incidentally, at the same time, on the Verb (dictionary form)",N3,324,6,散歩のついでに、この⼿紙を出してくれませんか。,"sanpo no tuide ni, kono tegami o dashite kuremasen ka?","Since you are going for a walk, could you please mail this letter for me?"
2821,152,ついでに,,ついでに,"while, incidentally, at the same time, on the Verb (dictionary form)",N3,324,7,⾃分のご飯を作るついでに、友達のご飯も作った。,"jibun no gohan o tsukuru tsuide ni, tomodachi no gohan mo tsukutta.","While I made my own meal, I also made some for my friend."
2822,152,ついでに,,ついでに,"while, incidentally, at the same time, on the Verb (dictionary form)",N3,324,8,郵便局へ⾏ったついでに、葉書を買った。,"yuubinkyoku e itta tsuide ni, hagaki o katta.","Since I went to the post office, I bought a postcard."
2823,153,つまり,,つまり,in other words; in summary; in short Clause つまり alternative explanation,N3,326,1,彼は獣医、つまり、動物の医者です。,"kare wa juui, tsumari, doubutsu no isha desu.","He’s a veterinarian. In other words, he’s an animal doctor."
2824,153,つまり,,つまり,in other words; in summary; in short Clause つまり alternative explanation,N3,326,2,彼⼥は姉の娘だ。つまり、私にとっては姪です。,"kanojo wa ane no musume da. tsumari, watashi ni totte wa mei desu.","She is my sister's daughter. In other words, my niece."
2825,153,つまり,,つまり,in other words; in summary; in short Clause つまり alternative explanation,N3,326,3,⺟の兄、つまり僕の伯⽗は、⼤学の先⽣です。,"haha no ani, tsumari boku no oji wa, daigaku no sensei desu.","My mother's older brother, in other words, my uncle, is a college professor."
2826,153,つまり,,つまり,in other words; in summary; in short Clause つまり alternative explanation,N3,326,4,彼⼥はその⽇の前⽇、つまり５⽉５⽇に彼に会った。,"kanojo wa sono hi no senjitsu, tumari 5 gatsu ituka ni kare ni atta.","She met him the day before, that is to say May fifth."
2827,153,つまり,,つまり,in other words; in summary; in short Clause つまり alternative explanation,N3,326,5,彼は今⽇から１週間後、つまり１２⽉１０⽇に帰ってくる。,"kare wa kyou kara isshuukan go, tsumari 12 gatsu tooka ni kaette kuru.","He will be back a week from today, that is, on December 10."
2828,153,つまり,,つまり,in other words; in summary; in short Clause つまり alternative explanation,N3,326,6,つまり、うちの学校の⽣徒だということ︖,"tsumari, uchi no gakkou no seito da to iu koto?",You mean you’re a student at my school?
2829,153,つまり,,つまり,in other words; in summary; in short Clause つまり alternative explanation,N3,326,7,祖⺟は⽿が遠い、つまり、⽿が少し不⾃由なのだ。,"sobo wa mimi ga tooi, tsumari, mimi ga sukoshi fujiyuu na no da.",My grandmother is hard of hearing. In other words she is slightly deaf.
2830,153,つまり,,つまり,in other words; in summary; in short Clause つまり alternative explanation,N3,326,9,⺟は天⽂学、つまり星に関する科学を研究しています。,"haha wa tenmongaku, tsumari hoshi ni kan suru kagaku o kenkyuu shiteimasu.","My mother studies astronomy, or the science of stars."
2831,154,つもりだった,,つもりだった,I thought I~; I believe I~; was planning to~; Verb (ている form),N3,328,1,⾔ったつもりだった。,itta tsumori datta.,I thought I said it.
2832,154,つもりだった,,つもりだった,I thought I~; I believe I~; was planning to~; Verb (ている form),N3,328,2,私はそのメールを送ったつもりだった。,watashi sono wa meeru o okutta tsumori datta.,I'm sure I sent that email.
2833,154,つもりだった,,つもりだった,I thought I~; I believe I~; was planning to~; Verb (ている form),N3,328,3,コーヒーを注⽂したつもりだった。,koohii o chuumon shita tsumori datta.,I'm sure I ordered a coffee..
2834,154,つもりだった,,つもりだった,I thought I~; I believe I~; was planning to~; Verb (ている form),N3,328,4,それは予約したつもりだった。,sore wa yoyaku shita tsumori datta.,I thought I had made the reservation.
2835,154,つもりだった,,つもりだった,I thought I~; I believe I~; was planning to~; Verb (ている form),N3,328,5,名前を書いたつもりだったが、書いていなかったようだ。,"namae o kaita tsumori datta ga, kaite inakatta you da.","I thought I wrote my name down, but apparently I did not."
2836,154,つもりだった,,つもりだった,I thought I~; I believe I~; was planning to~; Verb (ている form),N3,328,6,返事をしたつもりだったが、送れていなかった。,"henji o shita tsumori datta ga, okurete inakatta.","I thought I had responded, but I had not sent it."
2837,154,つもりだった,,つもりだった,I thought I~; I believe I~; was planning to~; Verb (ている form),N3,328,7,あれ、カバンの中に⼊れたつもりなのに、弁当がない。,"are, kaban no naka ni ireta tsumori nano ni, bentou ga nai.","Oh no.. I thought I put my lunch box in my bag, but it's not in there.."
2838,154,つもりだった,,つもりだった,I thought I~; I believe I~; was planning to~; Verb (ている form),N3,328,8,僕は冗談に⾔ったつもりなのに彼は真⾯⽬にとった。,boku wa joudan ni itta tsumori nano ni kare wa majime ni totta.,"I said it to him as a joke, but he took it seriously."
2839,155,つもりで,,つもりで,with the intention of doing~ Verb (た form),N3,330,1,冗談のつもりで⾔ったのです。,joudan no tsumori de itta no desu.,I meant it to be a joke.
2840,155,つもりで,,つもりで,with the intention of doing~ Verb (た form),N3,330,2,私は死んだつもりで働いた。,watashi wa shinda tsumori de hataraita.,I worked as if there were no tomorrow.
2841,155,つもりで,,つもりで,with the intention of doing~ Verb (た form),N3,330,3,彼はそれをどんなつもりで⾔ったのだと思いますか。,kare wa sore o donna tsumori de itta no da to omoimasu ka.,What do you think he meant by that?
2842,155,つもりで,,つもりで,with the intention of doing~ Verb (た form),N3,330,4,旅⾏に⾏ったつもりでお⾦をためている。,ryokou ni itta tsumori de okane o tameteiru.,I'm saving up money to go on a trip.
2843,155,つもりで,,つもりで,with the intention of doing~ Verb (た form),N3,330,5,私たちは常にお客様の⽴場になったつもりで⾏動します。,watashitachi wa tsuneni okyakusama no tachiba ni natta tsumori de koudou shimasu.,We always behave with the intent of taking the customer's point of view.
2844,155,つもりで,,つもりで,with the intention of doing~ Verb (た form),N3,330,7,死んだつもりで⼀⽣懸命働けば、それくらいの借⾦は1年で返せる。,"shinda tsumori de isshoukenmei hatarakeba, sore kurai no shakkin wa ichi nen de",kaeseru.
2845,156,うちに,,うちに,while; before~ Verb (casual form),N3,332,1,明るいうちに、帰りましょう。,"akarui uchi ni, kaerimashou.",Let's head home while it's still light outside.
2846,156,うちに,,うちに,while; before~ Verb (casual form),N3,332,2,忘わすれないうちに、メモをしておこう。,"wasurenai uchi ni, memo o shite okou.",Let's write a memo before you forget.
2847,156,うちに,,うちに,while; before~ Verb (casual form),N3,332,3,これはまだ温かいうちに早く⾷べてください。,kore wa mada atatakai uchi ni hayaku tabete kudasai.,Please eat this while it is still warm.
2848,156,うちに,,うちに,while; before~ Verb (casual form),N3,332,4,桜がきれいなうちにお花⾒に⾏きましょう。,sakura ga kireina uchini ohanami ni ikimashou.,Let's go and watch the Sakura cherry blossoms while they are beautiful.
2849,156,うちに,,うちに,while; before~ Verb (casual form),N3,332,5,両親が元気なうちに旅⾏に連れていきたい。,ryoushin ga genkina uchini ryokou ni tsureteikitai.,I want to take my parents on a trip while they are still energetic.
2850,156,うちに,,うちに,while; before~ Verb (casual form),N3,332,6,若いうちに⼀⽣懸命勉強しなさい。,wakai uchini isshoukenmei benkyou shinasai.,Study to your absolute best while you are young.
2851,156,うちに,,うちに,while; before~ Verb (casual form),N3,332,7,⼦供が寝ているうちに掃除をしてしまいましょう。,kodomo ga neteiru uchini souji o shiteshimaimashou.,Let's clean up while the children are sleeping.
2852,156,うちに,,うちに,while; before~ Verb (casual form),N3,332,8,⾬が降らないうちに、帰りましょう。,"ame ga furanai uchi in, kaerimashou.",Let's head home now while the rain is stopped.
2853,156,うちに,,うちに,while; before~ Verb (casual form),N3,332,9,独⾝のうちに、たくさん遊んでおきたい。,"dokushin no uchi ni, takusan asonde okitai.",I want to enjoy life as much as I can while I am still single.
2854,157,上で,うえで,上で (うえで),upon; after; when; for; in order to Verb (dictionary form),N3,334,1,外国語を勉強する上で辞書はなくてはならないものだ。,gaikokugo o benkyousuru uede jisho wa nakutewa naranai monoda.,"In order to study a foreign language, you need to have a dictionary."
2855,157,上で,うえで,上で (うえで),upon; after; when; for; in order to Verb (dictionary form),N3,334,2,仕事をする上で⼤切なのは、周りとのコミュニケーションです。,"shigoto o suru ue de taisetsu na no wa, mawari no komyunikeeshon desu.","In order to do one's job, what's important is communication with those around you."
2856,157,上で,うえで,上で (うえで),upon; after; when; for; in order to Verb (dictionary form),N3,334,3,この薬は説明書をよく読んだ上で、ご使⽤ください。,"kono kusuri wa setsumeisho o yoku yonda ue de, go shiyou kudasai.",Please use this medicine after reading the instructions carefully.
2857,157,上で,うえで,上で (うえで),upon; after; when; for; in order to Verb (dictionary form),N3,334,4,実物を⾒た上で買うかどうか決めるつもりだ。,jitsubutsu o mita uede kauka douka kimeru tsumorida.,"Once I see the real thing in person, I will decide whether to buy or not."
2858,157,上で,うえで,上で (うえで),upon; after; when; for; in order to Verb (dictionary form),N3,334,5,留学の件は家族と相談した上でご返事いたします。,ryuugaku no ken wa kazoku to soudan shita ue de go henji itashimasu.,"Regarding the study abroad, once you consult with your family I will give my answer."
2859,157,上で,うえで,上で (うえで),upon; after; when; for; in order to Verb (dictionary form),N3,334,6,⼯事計画は、周辺住⺠との話し合いの上で決められるべきだ。,"kouji keikaku wa, shuuhen juumin to no hanashiai no ue de kimerareru beki da.",The construction plan should be decided after discussing with the local residents.
2860,157,上で,うえで,上で (うえで),upon; after; when; for; in order to Verb (dictionary form),N3,334,7,契約の内容をご確認の上で、サインをお願いいたします。,"keiyaku no naiyou o go kakunin no ue de, sain o onegai itashimasu.",Please sign once you confirm the contents of the contract.
2861,157,上で,うえで,上で (うえで),upon; after; when; for; in order to Verb (dictionary form),N3,334,8,予約の時間を確認の上で、ご来店ください。,"yoyaku no jikan o kakunin no ue de, go raiten kudasai.",Please visit us after confirming the reservation time.
2862,157,上で,うえで,上で (うえで),upon; after; when; for; in order to Verb (dictionary form),N3,334,9,この書類に署名の上、窓⼝に提出してください。,"kono shorui ni shomei no ue, madoguchi ni teishutsu shite kudasai.",Please sign these papers and bring them to the counter.
2863,158,上に,うえに,上に (うえに),as well; besides; in addition to; not only… Verb (casual),N3,337,1,今⽇は曇っている上に⾵が強いので、とても寒く感じられる。,"kyou wa kumotteiru ue ni kaze ga tsuyoi node, totemo samuku kanjirareru.","Today in addition to being cloudy, the wind is strong and so it feels very cold."
2864,158,上に,うえに,上に (うえに),as well; besides; in addition to; not only… Verb (casual),N3,337,3,このパソコンは安い上に、機能も多いので、最近とても売れている。,"kono pasokon wa yasui ue ni, kinou mo ooi no de, saikin totemo urete iru.","This computer is not only cheap, but it has a lot of functionality, so lately it has been"
2865,158,上に,うえに,上に (うえに),as well; besides; in addition to; not only… Verb (casual),N3,337,4,この⼿続きは、⾯倒な上に時間もかかるので、皆がいやがっている。,"kono tetsuduki wa, mendou na ue ni jikan mo kakaru no de, minaga iyagatte iru.",This procedure is troublesome and time consuming so everyone hates it.
2866,158,上に,うえに,上に (うえに),as well; besides; in addition to; not only… Verb (casual),N3,337,5,この町は、地下鉄が通った上に、デパートもできて、便利になった。,"kono machi wa, chikatetsu ga tootta ue ni, depaato mo dekite, benri ni natta.",This town has become convenient now is connected by subway and in addition has
2867,158,上に,うえに,上に (うえに),as well; besides; in addition to; not only… Verb (casual),N3,337,6,この仕事は危険な上に、給料も低いし、最悪だ。,"kono shigoto wa kiken na ue ni, kyuuryou mo hikui shi, saiaku da.","This job is not only dangerous, but the salary is low, so it's pretty much the worst."
2868,159,は別として,はべつとして,は別として (はべつとして),aside from; apart from; except for; whether Noun,N3,339,1,彼⼥の料理は⾒た⽬は別として、味はとても美味しい。,"kanojo no ryouri wa mitame wa betsu toshite, aji wa totemo oishii.","Apart from the appearance, her food tastes very good."
2869,159,は別として,はべつとして,は別として (はべつとして),aside from; apart from; except for; whether Noun,N3,339,2,天気は別として、それは楽しいピクニックだった。,"tenki wa betsu toshite, sore wa tanoshii pikunikku datta.","Apart from the weather, it was a fun picnic."
2870,159,は別として,はべつとして,は別として (はべつとして),aside from; apart from; except for; whether Noun,N3,339,3,⼤⾬や⼤雪の⽇は別として、私は毎⽇ランニングをしている。,"ooame ya ooyuki no hi wa betsu toshite, watashi wa mainichi ranningu o shiteiru.","Apart from days with heavy rain and heavy snow, I run every day."
2871,159,は別として,はべつとして,は別として (はべつとして),aside from; apart from; except for; whether Noun,N3,339,4,野球は別として私はすべてのスポーツが好きだ。,yakyuu wa betsu toshite watashi wa subete no supotsu ga suki da.,"I like all sports, aside from baseball."
2872,159,は別として,はべつとして,は別として (はべつとして),aside from; apart from; except for; whether Noun,N3,339,5,合格できるかどうかは別として、チャレンジしてみることは⼤切だ。,"goukaku dekiru ka dou ka wa betsu toshite, charenji shite miru koto wa taisetu da.","Regardless of whether or not you can pass, it's important to challenge yourself."
2873,159,は別として,はべつとして,は別として (はべつとして),aside from; apart from; except for; whether Noun,N3,339,6,彼は時々出張することは別としてあまり旅をしない。,kare wa tokodoki shucchou suru koto wa betsu toshite amari tabi o shinai.,He doesn't travel much apart from occasional business trips.
2874,159,は別として,はべつとして,は別として (はべつとして),aside from; apart from; except for; whether Noun,N3,339,7,値段は別として、そのドレスは私に似合わない。,"nedan wa betsu toshite, sono doresu wa watashi ni niawanai.","Putting the cost aside, that dress doesn't suit me."
2875,159,は別として,はべつとして,は別として (はべつとして),aside from; apart from; except for; whether Noun,N3,339,8,休みの⽇は別として、この電⾞にはいつも学⽣の乗客が多い。,"yasumi no hi wa betsu toshite, kono densha wa itsumo gakusei no joukyaku ga ooi.","Apart from holidays, this train always has a lot of student passengers."
2876,159,は別として,はべつとして,は別として (はべつとして),aside from; apart from; except for; whether Noun,N3,339,9,この会社の給料は別として、職場環境は本当に良い。,"kono kaisha no kyuuryou wa betsu toshite, shokuba kankyou wa hontou ni yoi.","Aside from this company's salary, the work environment is really good."
2877,160,はもちろん,,はもちろん,not to mention; not only; but also~ Noun はもちろん 2nd clause + も,N3,341,1,彼⼥は、勉強はもちろん料理もよくできる。,"kanojo wa, benkyou wa mochiron ryouri mo yoku dekiru.","Not only is she a good student, but she is also good at cooking."
2878,160,はもちろん,,はもちろん,not to mention; not only; but also~ Noun はもちろん 2nd clause + も,N3,341,2,おすしは⽇本ではもちろん、海外でも⼈気がある⾷べ物だ。,"osushi wa nihon de wa mochiron, kaigai demo ninki ga aru tabemono da.","Sushi is of course popular in Japan, but it is a popular food overseas as well."
2879,160,はもちろん,,はもちろん,not to mention; not only; but also~ Noun はもちろん 2nd clause + も,N3,341,3,私の彼は、顔はもちろん性格も完璧。,"watashi no kare wa, kao wa mochiron seikaku mo kanpeki.","My boyfriend has a nice face, not to mention a perfect personality."
2880,160,はもちろん,,はもちろん,not to mention; not only; but also~ Noun はもちろん 2nd clause + も,N3,341,4,バニラケーキはもちろん、いちごのケーキも好きですよ。,"banira keeki wa mochiron, ichigo no keeki mo suki desu yo.","While I of course like vanilla cake, I also like strawberry cake."
2881,160,はもちろん,,はもちろん,not to mention; not only; but also~ Noun はもちろん 2nd clause + も,N3,341,7,彼⼥の作品は⼦どもはもちろん⼤⼈も楽しめる。,kanojo no sakuhin wa kodomo wa mochiron otona mo tanoshimeru.,"Her work can be enjoyed not only by adults, but also by children."
2882,160,はもちろん,,はもちろん,not to mention; not only; but also~ Noun はもちろん 2nd clause + も,N3,341,8,うちの旦那は掃除はもちろん、料理もしてくれる。,"uchi no danna wa souji wa mochiron, ryouri mo shite kureru.","My husband helps out with not only the cleaning, but also with the cooking."
2883,160,はもちろん,,はもちろん,not to mention; not only; but also~ Noun はもちろん 2nd clause + も,N3,341,9,キャベツは炒めて⾷べるのはもちろん、⽣で⾷べてもおいしいです。,"kyabetsu wa itamete taberu no wa mochiron, nama de tabetemo oishii desu.",Cabbage tastes good raw and of course also tastes good when stir fried.
2884,161,は〜で有名,は〜でゆうめい,は〜で有名 (は〜でゆうめい),famous for~ Verb (dictionary) + こと,N3,343,1,この学校はフットボールが強いことで有名です。,kono gakkou wa futto booru ga tsuyoi koto de yuumei desu.,This school is famous for being strong in football.
2885,161,は〜で有名,は〜でゆうめい,は〜で有名 (は〜でゆうめい),famous for~ Verb (dictionary) + こと,N3,343,2,京都は古いお寺があることで有名だ。,kyouto wa furui otera ga aru koto de yuumei da.,Kyoto is famous for its old temples.
2886,161,は〜で有名,は〜でゆうめい,は〜で有名 (は〜でゆうめい),famous for~ Verb (dictionary) + こと,N3,343,3,⽇本は電⼦製品で有名です。,nihon wa denshi seihin de yuumei desu.,Japan is famous for electric appliances.
2887,161,は〜で有名,は〜でゆうめい,は〜で有名 (は〜でゆうめい),famous for~ Verb (dictionary) + こと,N3,343,4,あのレストランは値段が安いことで有名です。,ano resutoran wa nedan ga yasui koto de yuumei desu.,That restaurant is famous for its low prices.
2888,161,は〜で有名,は〜でゆうめい,は〜で有名 (は〜でゆうめい),famous for~ Verb (dictionary) + こと,N3,343,5,彼は珍しい動物をたくさん飼っていることで有名です。,kare wa mezurashii doubutsu o takusan katte iru koto de yuumei desu.,He is famous for raising many rare animals.
2889,161,は〜で有名,は〜でゆうめい,は〜で有名 (は〜でゆうめい),famous for~ Verb (dictionary) + こと,N3,343,6,この町は温泉で有名ですよ。時間があれば⾏ってみてください。,kono machi wa onsen de yuumei desu yo. jikan ga areba itte mite kudasai.,This town is famous for its hot springs. Please go if you have time.
2890,161,は〜で有名,は〜でゆうめい,は〜で有名 (は〜でゆうめい),famous for~ Verb (dictionary) + こと,N3,343,7,ハワイは新婚旅⾏やバカンスの所で有名ですね。,hawai wa shinkon ryokou ya bakansu no tokoro de yuumei desu ne.,Hawaii is famous for honeymoons and vacations.
2891,161,は〜で有名,は〜でゆうめい,は〜で有名 (は〜でゆうめい),famous for~ Verb (dictionary) + こと,N3,343,8,その動物園は、⽇本で⼀番パンダが多いことで有名です。,"sono doubutsuen wa, nihon de ichiban panda ga ooi koto de yuumei desu.",That zoo is famous for having the most pandas in Japan.
2892,162,わけだ,,わけだ,for that reason; no wonder; as you’d expect; Verb (casual),N3,345,1,毎⽇ギターを弾くから上⼿に弾けるわけだ。,mainichi gitaa o hiku kara jouzu ni hikeru wake da.,"I'm good at playing guitar, because I play every day."
2893,162,わけだ,,わけだ,for that reason; no wonder; as you’d expect; Verb (casual),N3,345,2,暑いわけだ。気温が36度もある。,atsui wake da. kion ga 36 do mo aru.,"No wonder it feels so hot, it's 36 degrees (Celsius) out."
2894,162,わけだ,,わけだ,for that reason; no wonder; as you’d expect; Verb (casual),N3,345,4,あんなに⾷べたら太るわけだ。,annani tabe tara futoru wake da.,Eating like that it's no wonder they'd gain weight.
2895,162,わけだ,,わけだ,for that reason; no wonder; as you’d expect; Verb (casual),N3,345,5,本当のことを⾔うと彼はその仕事には向かなかったわけだ。,hontou no koto o iu to kare wa sono shigoto ni wa mukanakatta wake da.,"To tell you the truth, he simply was not fit for the job."
2896,162,わけだ,,わけだ,for that reason; no wonder; as you’d expect; Verb (casual),N3,345,6,彼⼥は動物が嫌いだから⽝を飼ったことがないわけだ。,kanojo wa doubutsu ga kirai da kara inu o katta koto ga nai wakeda.,"She doesn't like animals, so there's no way she's ever raised a dog."
2897,162,わけだ,,わけだ,for that reason; no wonder; as you’d expect; Verb (casual),N3,345,7,彼は⽇本に10年住んでいるから、⽇本語が上⼿なわけだ。,"kare wa nihon ni 10 nen sundeiru kara, nihongo ga jouzu na wake da.",He's been living in Japan for 10 years so it's no wonder his Japanese is good.
2898,162,わけだ,,わけだ,for that reason; no wonder; as you’d expect; Verb (casual),N3,345,8,こんなところで⼯事をしていたのか。渋滞するわけだ。,konna tokoro de kouji o shite ita noka. juutai suru wake da.,"They are doing construction here, no wonder the roads were crowded.."
2899,162,わけだ,,わけだ,for that reason; no wonder; as you’d expect; Verb (casual),N3,345,9,このエアコンは20年間使ったのだ。それは壊れるわけだね。,kono eakon wa 20 nen kan tsukatta no da. sore wa kowareru wake da ne.,This air conditioner was used for 20 years. It's no wonder it broke.
2900,163,わけではない,,わけではない,it doesn’t mean that; it is not the case that; I Verb (casual),N3,347,1,料理が作れないわけではないが、忙しいからあまり作らない。,"ryouri ga tsukurenai wake dewa nai ga, isogashii kara amari tsukuranai.",It's not that I can't cook. I'm just busy and don't do it that often.
2901,163,わけではない,,わけではない,it doesn’t mean that; it is not the case that; I Verb (casual),N3,347,2,先⽣は何でも知っているわけではありません。,sensei wa nan demo shitteiru wake dewa arimasen.,It's not like the teacher knows everything.
2902,163,わけではない,,わけではない,it doesn’t mean that; it is not the case that; I Verb (casual),N3,347,3,そんなに遠いわけじゃないんですよ。,sonnani tooi wake janai n desu yo.,It's not that far away..
2903,163,わけではない,,わけではない,it doesn’t mean that; it is not the case that; I Verb (casual),N3,347,6,お⾦をたくさん持てば幸せになるわけではない。,okane o takusan moteba shiawase ni aru wake dewa nai.,Having a lot of money doesn't mean you will be happy.
2904,163,わけではない,,わけではない,it doesn’t mean that; it is not the case that; I Verb (casual),N3,347,8,運動をすれば健康になるわけではない。⾷事や睡眠も⼤切だ。,undou o sureba kenkou ni naru wake dewa nai. shokuji ya suimin mo taisetsu da.,You won't get healthy just by exercising. Diet and sleep are also essential.
2905,164,わけがない,,わけがない,"there is no way that~; it is impossible to~ Verb (casual, non-past )",N3,349,1,彼はお⾦がないですから、家を買えるわけがない。,"kare wa okane ga nai desu kara, ie o kaeru wake ga nai.","He has no money, there's no way he can buy a house."
2906,164,わけがない,,わけがない,"there is no way that~; it is impossible to~ Verb (casual, non-past )",N3,349,2,私がそんなものを⾷べられるわけがない。,watashi ga sonna mono o taberareru wake ga nai.,There's no way I could eat anything like that..
2907,164,わけがない,,わけがない,"there is no way that~; it is impossible to~ Verb (casual, non-past )",N3,349,4,こんな⾼いレストランで毎⽇、⾷事できるわけがない。,"konna takai resutoran de mainichi, shokuji dekiru wake ga nai.",There's no way I can eat at such an expensive restaurant every day.
2908,164,わけがない,,わけがない,"there is no way that~; it is impossible to~ Verb (casual, non-past )",N3,349,5,全然勉強してないのに、君がJLPT N3に合格するわけがないよ。,"zenzen benkyou shite nai noni, kimi ga JLPT N3 ni goukaku suru wake ga nai yo.","You haven't been studying at all, there's no way you'll pass the JLPT N3."
2909,164,わけがない,,わけがない,"there is no way that~; it is impossible to~ Verb (casual, non-past )",N3,349,6,歌が下⼿な彼が歌⼿になれるわけがない。,uta ga heta na kare ga kashu ni nareru wake ga nai.,He's no good at singing and there's no way he'll become a singer.
2910,164,わけがない,,わけがない,"there is no way that~; it is impossible to~ Verb (casual, non-past )",N3,349,7,嘘ばかりついている彼が、みんなに信⽤されるわけがないでしょう。,"uso bakari tsuite iru kare ga, minna ni shinyou sareru wake ga nai deshou.",There's no way he who is always lying will be trusted by anyone.
2911,164,わけがない,,わけがない,"there is no way that~; it is impossible to~ Verb (casual, non-past )",N3,349,8,⽬の悪い彼⼥にあんな遠くの⼩さい⽂字が⾒えるわけがない。,me no warui kanojo ni anna tooku no chiisai moji ga mieru wake ga nai.,"With her bad eyes, there's no way she can read the small text that far away."
2912,164,わけがない,,わけがない,"there is no way that~; it is impossible to~ Verb (casual, non-past )",N3,349,9,こんな安いものがいいもののわけがない。すぐ壊れてしまうだろう。,konna yasui mono ga ii mono no wake ga nai. sugu kowarete shimau darou.,There's no way something this cheap is anything good. It will surely break right away.
2913,165,わけにはいかない,,わけにはいかない,"must not; cannot afford to; must, have no Verb (casual, non-past)",N3,351,1,明⽇はテストがあるから、ゲームをするわけにはいかない。,"ashita wa tesuto ga aru kara, geemu o suru wake niwa ikanai.","I have a test tomorrow, so there's no way I can play games right now."
2914,165,わけにはいかない,,わけにはいかない,"must not; cannot afford to; must, have no Verb (casual, non-past)",N3,351,2,⽇本の税⾦は、⾼くても払わないわけにはいかない。,"nihon no zeikin wa, takaku temo harawanai wake niwa ikanai.","Even if Japanese taxes are high, they must be paid."
2915,165,わけにはいかない,,わけにはいかない,"must not; cannot afford to; must, have no Verb (casual, non-past)",N3,351,3,あとで⾞を運転するので、今お酒を飲むわけにはいかない。,"ato de kuruma o unten suru node, ima osake o nomu wake niwa ikanai.","I will be driving a car later, so I cannot drink any alcohol now."
2916,165,わけにはいかない,,わけにはいかない,"must not; cannot afford to; must, have no Verb (casual, non-past)",N3,351,4,⾏くと約束したから、⾏かないわけにはいきません。,"iku to yakusoku shita kara, ikanai wake ni wa ikimasen.","I promised that I’d go, so I have no choice but to go."
2917,165,わけにはいかない,,わけにはいかない,"must not; cannot afford to; must, have no Verb (casual, non-past)",N3,351,5,あんなに⾯⽩そうな映画を、⾒に⾏かないわけにはいかない。,"anna ni omoshiro sou na eiga o, mi ni ikanai wake niwa ikanai.","That movie looks really interesting, I absolutely need to go and see it!"
2918,166,割に,わりに,割に (わりに),considering; comparatively; relatively; Verb (casual form),N3,353,1,彼は年のわりに元気だ。,kare wa toshi no wari ni genki da.,He is in good shape for his age.
2919,166,割に,わりに,割に (わりに),considering; comparatively; relatively; Verb (casual form),N3,353,2,このカメラは⾼いわりに、よく売れる。,"kono kamera wa takai wari ni, yoku ureru.",This camera sells unexpectedly well considering the high price.
2920,166,割に,わりに,割に (わりに),considering; comparatively; relatively; Verb (casual form),N3,353,3,このコンピューター、中古のわりに⾼くない︖,"kono konpyuutaa, chuuko no wari ni takakunai?",Isn't this computer a bit expensive for being used?
2921,166,割に,わりに,割に (わりに),considering; comparatively; relatively; Verb (casual form),N3,353,4,今⽇は休⽇のわりに⼈が少ないね。,kyou wa kyuujitsu no wari ni hito ga sukunai ne.,There are unusually few people today considering it's a holiday.
2922,166,割に,わりに,割に (わりに),considering; comparatively; relatively; Verb (casual form),N3,353,5,彼⼥は年の割には若く⾒える。,kanojo wa toshi no wari ni wa wakaku mieru.,She looks young for her age.
2923,166,割に,わりに,割に (わりに),considering; comparatively; relatively; Verb (casual form),N3,353,6,この寿司は⾼い割にまずい。,kono sushi wa takai wari ni mazui.,This sushi is bad for the price.
2924,166,割に,わりに,割に (わりに),considering; comparatively; relatively; Verb (casual form),N3,353,7,お⾦がないと⾔っている割に、よく旅⾏するね。,"okane ga nai to itteiru wari ni, yoku ryokou suru ne.","Although you say you don't have any money, you seem to travel a lot."
2925,166,割に,わりに,割に (わりに),considering; comparatively; relatively; Verb (casual form),N3,353,8,テストの勉強をしなかった割には、よく出来た。,"tesuto no benkyou o shinakatta wari ni wa, yoku dekita.","Considering you did not study for the test, you did well."
2926,167,わざと,,わざと,on purpose; intentionally~ わざと action,N3,355,1,彼はわざと間違えた。,kare wa wazato machigaeta.,He made a mistake on purpose.
2927,167,わざと,,わざと,on purpose; intentionally~ わざと action,N3,355,2,私は彼がわざとそうしたとは思いません。,watashi wa kare ga wazato sou shita to omoimasen.,I don't think that he did that on purpose.
2928,167,わざと,,わざと,on purpose; intentionally~ わざと action,N3,355,3,それをわざと壊したのではありません。,sore o wazato kowashita no dewa arimasen.,It's not like I broke that on purpose.
2929,167,わざと,,わざと,on purpose; intentionally~ わざと action,N3,355,4,わざとの可能性がある。,wazato no kanousei ga aru.,There is the possibility that it was deliberate.
2930,167,わざと,,わざと,on purpose; intentionally~ わざと action,N3,355,5,彼はわざとその質問に答えなかった。,kare wa wazato sono shitsumon ni kotaenakatta.,He didn't answer the question on purpose.
2931,167,わざと,,わざと,on purpose; intentionally~ わざと action,N3,355,7,彼はわざとそうしたのだとふと私は思った。,kare wa wazato sou shita no da to futo watashi wa omotta.,It just occurred to me that he had done it on purpose.
2932,167,わざと,,わざと,on purpose; intentionally~ わざと action,N3,355,8,彼⼥がわざと遅れて来たのはほぼ確かだと私は思っている。,kanojo ga wazato okurete kita no wa hobo tashika da to omotteiru.,I'm pretty sure she came late on purpose.
2933,168,わざわざ,,わざわざ,to go to the trouble of; to go out of one's way わざわざ action,N3,357,1,私が困っているとき、彼⼥はわざわざ助けてくれた。,"watashi ga komatte iru toki, kanojo wa wazawaza tasukete kureta.",She went out of her way to help me when I was in trouble.
2934,168,わざわざ,,わざわざ,to go to the trouble of; to go out of one's way わざわざ action,N3,357,2,あなたはわざわざ私の為にそれを買ってくれたのですか︖,anata wa wazawaza watashi no tame ni sore o katte kureta no desu ka?,Did you buy that just for me?
2935,168,わざわざ,,わざわざ,to go to the trouble of; to go out of one's way わざわざ action,N3,357,3,わざわざ遠い所から会いにきてくれてありがとう。,wazawaza tooi tokoro kara ai ni kite kurete arigatou.,Thanks for going out of your way to see me from so far away.
2936,168,わざわざ,,わざわざ,to go to the trouble of; to go out of one's way わざわざ action,N3,357,4,彼は忙しいだが、わざわざ市内の観光を案内してくれた。,"kare wa isogashii da ga, wazawaza shinai no kankou o annai shite kureta.","He is very busy, but he took some time to show me around the tourist spots in the city."
2937,168,わざわざ,,わざわざ,to go to the trouble of; to go out of one's way わざわざ action,N3,357,5,友達は恋⼈に会いたいから、わざわざニューヨークへ⾏った。,"tomodachi wa koibito ni aitai kara, wazawaza nyuuyooku e itta.","My friend really wanted to see their girlfriend, so he went all the way to New York."
2938,168,わざわざ,,わざわざ,to go to the trouble of; to go out of one's way わざわざ action,N3,357,6,わざわざ駅まで送ってくれなくてもいいよ。,wazawaza eki made okutte kurena kutemo ii yo.,You don't need to trouble yourself to see me off to the station.
2939,168,わざわざ,,わざわざ,to go to the trouble of; to go out of one's way わざわざ action,N3,357,7,彼があんな遠くからわざわざ訪ねてきてくれて本当に嬉しかった。,kare ga anna tooku kara wazawaza tazunete kite kurete hontou ni ureshikatta.,I was really glad he came all the way here to visit from such a far distance.
2940,168,わざわざ,,わざわざ,to go to the trouble of; to go out of one's way わざわざ action,N3,357,8,予約だったら、わざわざ店に⾏かなくても、電話１本で済むよ。,"yoyaku dattara, wazawaza mise ni ikanakutemo, denwa ippon de sumu yo.","If you need to make a reservation, there's no need to go all the way to the shop, it can"
2941,169,よりも,,よりも,in comparison to; rather than~; more than~ Verb (casual),N3,359,1,兄は私よりも⼤きい。,ani wa watashi yorimo ookii.,My older brother is bigger than I am.
2942,169,よりも,,よりも,in comparison to; rather than~; more than~ Verb (casual),N3,359,2,量よりも質だ。,ryou yori mo shitsu da.,Quality matters more than quantity.
2943,169,よりも,,よりも,in comparison to; rather than~; more than~ Verb (casual),N3,359,3,私は親よりも早く寝ます。,watashi wa oya yorimo hayaku nemasu.,I go to sleep before my parents do.
2944,169,よりも,,よりも,in comparison to; rather than~; more than~ Verb (casual),N3,359,4,これまでよりも頑張ります。,kore made yorimo ganbarimasu.,I'll work even harder than I have been until now.
2945,169,よりも,,よりも,in comparison to; rather than~; more than~ Verb (casual),N3,359,5,私は海よりも⼭の⽅がいい。,watashi wa umi yorimo yama no hou ga ii.,I like mountains more than the ocean.
2946,169,よりも,,よりも,in comparison to; rather than~; more than~ Verb (casual),N3,359,6,誰よりも君のことを愛している。,dare yorimo kimi no koto o aishiteiru.,I love you more than anyone else in the world.
2947,169,よりも,,よりも,in comparison to; rather than~; more than~ Verb (casual),N3,359,7,実際の年齢よりも若く⾒えます。,jissai no nenrei yorimo wakaku miemasu.,To look younger than one's actual age.
2948,169,よりも,,よりも,in comparison to; rather than~; more than~ Verb (casual),N3,359,8,友情は、他の何よりも⼤切だ。,"yuujou wa, hokano nani yorimo taisetsu da.",Friendship is more important than anything else.
2949,170,ようがない,,ようがない,there is no way to; it’s impossible to~,N3,361,1,どうにもしようがない。,dou ni mo shiyou ga nai.,Nothing can be done about it.
2950,170,ようがない,,ようがない,there is no way to; it’s impossible to~,N3,361,2,お礼の申し上げようもない。,orei no moushiage you mo nai.,I cannot thank you enough.
2951,170,ようがない,,ようがない,there is no way to; it’s impossible to~,N3,361,3,台⾵で電⾞もバスも動かないので会社へ⾏きようがない。,taifuu de densha mo basu mo ugokanai node kaisha e iki you ga nai.,"During the typhoon, the trains and busese are not operating, so I have no way to get to"
2952,170,ようがない,,ようがない,there is no way to; it’s impossible to~,N3,361,4,何とも⾔いようがないなあ。,nanto mo ii you ga nai naa.,I just don't know what to say.
2953,170,ようがない,,ようがない,there is no way to; it’s impossible to~,N3,361,5,彼⼥の住所も電話番号も分からないので、連絡の取りようがない。,"kanojo no juusho mo denwabangou mo wakaranai node, renraku no toriyou ga nai.",I don’t have her address or phone number so I have no way to contact her.
2954,170,ようがない,,ようがない,there is no way to; it’s impossible to~,N3,361,6,携帯電話もお⾦も盗まれてしまって、連絡のしようがない。,"keitai denwa mo okane mo nusumarete shimatte, renraku no shiyou ga nai.","My cellphone and money was all stolen, so I have no way to contact anyone."
2955,170,ようがない,,ようがない,there is no way to; it’s impossible to~,N3,361,8,彼⼥の作⽂は、⽇本語がめちゃくちゃで直しようがない。,"kanojo no sakubun wa, nihongo ga mechakucha de naoshiyou ga nai.","The Japanese in her essay is all over the place, and there is no way of fixing it."
2956,170,ようがない,,ようがない,there is no way to; it’s impossible to~,N3,361,9,あの男が浮気したから⼆⼈の関係はもう元に戻りようがない。,ano otoko ga uwaki shita kara futari no kankei wa mou moto ni modori you ga nai.,"That man cheated on her, so there is no way for their relationship to return to normal."
2957,171,ような気がする,ようなきがする,ような気がする (ようなきがする),have a feeling that; feels like; seems like; Verb (casual) + ような,N3,363,1,それが本当のような気がする。,sore ga hontou no you na ki ga suru.,I feel that it is true.
2958,171,ような気がする,ようなきがする,ような気がする (ようなきがする),have a feeling that; feels like; seems like; Verb (casual) + ような,N3,363,2,分かるような気がする。,wakaru you na ki ga suru.,I think I understand.
2959,171,ような気がする,ようなきがする,ような気がする (ようなきがする),have a feeling that; feels like; seems like; Verb (casual) + ような,N3,363,3,今⽇は、宝くじが当るような気がする。,kyou wa takarakuji ga ataru youna ki ga suru.,I feel like I am going to win the lottery today.
2960,171,ような気がする,ようなきがする,ような気がする (ようなきがする),have a feeling that; feels like; seems like; Verb (casual) + ような,N3,363,4,この⾷べ物を毎⽇⾷べると、太る気がする。,"kono tabemono o mainichi taberu to, futoru ki ga suru.",I feel like eating eating this food every day will make me gain weight.
2961,171,ような気がする,ようなきがする,ような気がする (ようなきがする),have a feeling that; feels like; seems like; Verb (casual) + ような,N3,363,5,卒業したのはつい昨⽇のような気がする。,sotsugyou shita no wa tsui kinou no you na ki ga suru.,It seems as if I had graduated only yesterday.
2962,171,ような気がする,ようなきがする,ような気がする (ようなきがする),have a feeling that; feels like; seems like; Verb (casual) + ような,N3,363,6,その答えは「no」のような気がした。,sono kotae wa「no」no you na ki ga shita.,"I felt like the answer would have been ""no""."
2963,171,ような気がする,ようなきがする,ような気がする (ようなきがする),have a feeling that; feels like; seems like; Verb (casual) + ような,N3,363,7,今朝は散歩したいような気がする。,kesa wa sanpo shitai you na ki ga suru.,I feel like going for a walk this morning.
2964,171,ような気がする,ようなきがする,ような気がする (ようなきがする),have a feeling that; feels like; seems like; Verb (casual) + ような,N3,363,8,最近、私のパソコンが遅くなった気がする。買い換えようかな。,"saikin, watashi no pasokon ga osokunatta ki ga suru. kaikaeyou kana.",Lately I feel like my computer has gotten slower. Maybe I should buy a new one..
2965,172,ように,,ように,"in order to, so that~ Verb (dictionary form)",N3,365,1,バスに乗り遅れないように早く出ました。,basu ni noriokurenai you ni hayaku demashita.,I left early so I would not be late for the bus.
2966,172,ように,,ように,"in order to, so that~ Verb (dictionary form)",N3,365,2,先⽣の話を忘れないように、メモしておきます。,"sensei no hanashi o wasurenai youni, memo shite okimasu.",I will take some notes so as to not forget what the teacher said.
2967,172,ように,,ように,"in order to, so that~ Verb (dictionary form)",N3,365,3,単語が覚えられるように、フラッシュカードを作りました。,"tango o oboerareru youni, furasshu kaado o tsukuri mashita.",I made some flashcards to help me be able to memorize vocabulary.
2968,172,ように,,ように,"in order to, so that~ Verb (dictionary form)",N3,365,4,皆さんに聞こえるようにもっと⼤きな声で話してください。,mina san ni kikoeru youni motto ookina koe de hanashite kudasai.,Speak with a louder voice so everyone can hear.
2969,172,ように,,ように,"in order to, so that~ Verb (dictionary form)",N3,365,5,⼤学に合格出来るように⼀⽣懸命勉強しています。,daigaku ni goukaku dekiru youni isshoukenmei benkyou shiteimasu.,I'm studying my absolute hardest so that I can be accepted to university.
2970,172,ように,,ように,"in order to, so that~ Verb (dictionary form)",N3,365,6,私は⽇本の新聞を読めるように、漢字を勉強しています。,"watashi wa nihon no shibun o yomeru youni, kanji o benkyou shite imasu.",I'm studying kanji so that I can read Japanese newspapers.
2971,172,ように,,ように,"in order to, so that~ Verb (dictionary form)",N3,365,7,彼⼥は寝坊しないように、アラームをたくさんかけました。,"kanojo wa nebou shinai youni, araamu o takusan kakemashita.",She set a lot of alarms so that she doesn't sleep in.
2972,172,ように,,ように,"in order to, so that~ Verb (dictionary form)",N3,365,9,彼⼥は勉強中に邪魔されないように、携帯電話の電源を切った。,"kanojo wa benkyouchuu ni jama sarenai you ni, keitai denwa no dengen o kitta.",She turned off her cellphone so it wouldn’t bother her while studying.
2973,173,ようにみえる,,ようにみえる,to look; to seem; to appear~ Verb (casual form),N3,367,1,彼は元気なように⾒える。,kare wa genki na you ni mieru.,He looks very energetic.
2974,173,ようにみえる,,ようにみえる,to look; to seem; to appear~ Verb (casual form),N3,367,2,彼は勉強が嫌いなように⾒える。,kare wa benkyou ga kirai na you ni mieru.,He looks like he hates studying.
2975,173,ようにみえる,,ようにみえる,to look; to seem; to appear~ Verb (casual form),N3,367,3,彼⼥は教師のようにみえる。,kanojo wa kyoushi no you ni mieru.,She looks like a teacher.
2976,173,ようにみえる,,ようにみえる,to look; to seem; to appear~ Verb (casual form),N3,367,4,その⼦は怖いように⾒える。,sono ko wa kowai you ni mieru.,That child looks scared.
2977,173,ようにみえる,,ようにみえる,to look; to seem; to appear~ Verb (casual form),N3,367,5,彼は⾺のように⾒える。,kare wa uma no you ni mieru.,He looks like a horse.
2978,173,ようにみえる,,ようにみえる,to look; to seem; to appear~ Verb (casual form),N3,367,6,あなたは天使のように⾒える。,anata wa tenshi no you ni mieru.,You look like an angel.
2979,173,ようにみえる,,ようにみえる,to look; to seem; to appear~ Verb (casual form),N3,367,7,彼は楽しんでいるように⾒える。,kare wa tanoshindeiru you ni mieru.,He seems to be enjoying himself.
2980,173,ようにみえる,,ようにみえる,to look; to seem; to appear~ Verb (casual form),N3,367,8,都会にいる⼈は誰でも、いつも活動しているようにみえる。,"tokai ni iru hito wa dare demo, itumo seikatsu shiteiru you ni mieru.",Everyone in the city always seems to be on the go.
2981,174,ようとしない,,ようとしない,not try to; not make an effort to~ Verb (volitional form) としない,N3,369,1,彼は早く寝ようとしない。,kare wa hayaku neyou to shinai.,He doesn't try to go to bed early.
2982,174,ようとしない,,ようとしない,not try to; not make an effort to~ Verb (volitional form) としない,N3,369,2,その⼦供はどうしても野菜を⾷べようとしない。,sono kodomo wa doushitemo yasai o tabeyou to shinai.,That kid will not even try to eat vegetables.
2983,174,ようとしない,,ようとしない,not try to; not make an effort to~ Verb (volitional form) としない,N3,369,3,彼は⾃分が間違っていることを認めようとしない。,kare wa jibun ga machigatteiru koto o mitomeyou to shinai.,He refuses to recognize that he's wrong.
2984,174,ようとしない,,ようとしない,not try to; not make an effort to~ Verb (volitional form) としない,N3,369,4,彼は⾃分のことは何も⾔おうとしない。,kare wa jibun no koto wa nani mo iou to shinai.,He doesn’t talk much about himself.
2985,174,ようとしない,,ようとしない,not try to; not make an effort to~ Verb (volitional form) としない,N3,369,5,うちの息⼦は夢をあきらめようとしない。,uchi no musuko wa yume o akirameyou to shinai.,My son isn’t giving up on his dream.
2986,174,ようとしない,,ようとしない,not try to; not make an effort to~ Verb (volitional form) としない,N3,369,6,彼と話しても無駄だ。聞こうとしないから。,kare to hanashitemo muda da. kikou to shinai kara.,It's useless to talk to him. He doesn't even attempt to listen.
2987,174,ようとしない,,ようとしない,not try to; not make an effort to~ Verb (volitional form) としない,N3,369,7,仕事がたくさん残っているけど、誰も何もしようとしないわね。,"shigoto ga takusan nokotte iru kedo, dare mo nani mo shiyou to shinai wa ne.","There's a lot of work left to do, but no one is making any effort to do anything.."
2988,174,ようとしない,,ようとしない,not try to; not make an effort to~ Verb (volitional form) としない,N3,369,8,どうして⾃分のミスを認めようとしないの︖,dou shite jibun no misu o mitomeyou to shinai no ?,Why won't you even attempt to acknowledge your own mistake?
2989,174,ようとしない,,ようとしない,not try to; not make an effort to~ Verb (volitional form) としない,N3,369,9,うちの⼦はいくら⾔っても勉強しようとしない。,uchi no ko wa ikura ittemo benkyou shiyou to shinai.,"No matter what I say to my child, they won't bother to study."
2990,175,ようとする,,ようとする,try to; attempt to; be about to~,N3,371,1,ドアを開けようとしたが、鍵がかかっていました。,"doa o akeyou to shita ga, kagi ga kakatte imashita.","I tried opening the door, but it was locked."
2991,175,ようとする,,ようとする,try to; attempt to; be about to~,N3,371,2,お⾵呂に⼊ろうとしたら、電話が掛かってきた。,"ofuro ni hairou to shitara, denwa ga kakatte kita.","Just as I was about to take a bath, the phone rang."
2992,175,ようとする,,ようとする,try to; attempt to; be about to~,N3,371,3,会社からまさに出ようとした時、⾬が降ってきた。,"kaisha kara masa ni deyou to shita toki, ame ga futte kita.","Right when I was trying to leave work, it started to rain."
2993,175,ようとする,,ようとする,try to; attempt to; be about to~,N3,371,4,電⾞に乗ろうとしたときにドアが閉まって乗れなかった。,densha ni norou toshita toki ni doa ga shimatte norenakatta.,"As I was about to get on the train, the doors suddenly shut and I wasn't able to get on.."
2994,175,ようとする,,ようとする,try to; attempt to; be about to~,N3,371,5,シャワーを浴びようとしたが、⽔が出なかった。,"shawaa o abiyou toshita ga, mizu ga denakatta.","I was about to take a shower, but no water would come out."
2995,175,ようとする,,ようとする,try to; attempt to; be about to~,N3,371,6,私は5時半に帰ろうとしたら、上司に呼ばれてしまいました。,"watashi wa go ji han ni kaerou to shitara, joushi ni yobarete shimai mashita.","I was ready to head home at 5:30, but was suddenly called in by my boss."
2996,175,ようとする,,ようとする,try to; attempt to; be about to~,N3,371,7,タクシーを降りようとした時、財布がないことに気がついた。,"takushii o oriyou to shita toki, saifu ga nai koto ni ki ga tsuita.",Just as I was getting out of the taxi I noticed my wallet was missing.
2997,175,ようとする,,ようとする,try to; attempt to; be about to~,N3,371,8,ゲームをしようとしたら、親が帰ってきて、結局できなかった。,"geemu o shiyou to shitara, oya ga kaette kite, kekkyoku dekinakata.","Just as I was about to play a game, my parents arrived home and I wasn't able to play"
2998,175,ようとする,,ようとする,try to; attempt to; be about to~,N3,371,9,おばあさんが道を渡ろうとしていたから、⼿伝ってあげた。,"obaasan ga michi o watarou to shiteita kara, tetsudatte ageta.",The old lady was just about to cross the street and so I helped her out.
2999,176,ずに,,ずに,without doing~ Verb ない ず（に）,N3,373,1,勉強せずに試験に受かった。,benkyou sezu ni shiken ni ukatta.,I passed the exam without studying.
3000,176,ずに,,ずに,without doing~ Verb ない ず（に）,N3,373,2,今朝、私は朝ごはんを⾷べずに学校に来ました。,"kesa, watashi wa asagohan o tabezuni gakkou ni kimashita.",This morning I went to school without eating breakfast.
3001,176,ずに,,ずに,without doing~ Verb ない ず（に）,N3,373,3,私のことは気にせずに先に⾏ってください。,watashi no koto wa ki ni sezu ni saki ni itte kudasai.,Please go on ahead without worrying about me.
3002,176,ずに,,ずに,without doing~ Verb ない ず（に）,N3,373,4,⼣⾷を⾷べずに私を待っていてくれたんですか︖,yuushoku o tabezu ni watashi o matteite kureta n desu ka?,Did you wait for me without eating dinner?
3003,176,ずに,,ずに,without doing~ Verb ない ず（に）,N3,373,5,今⽇は、頭が痛かったから、学校に⾏かずに家で寝ていました。,"kyou wa atama ga itakatta kara, gakkou ni ikazuni ie de nete imashita.",Today my head was hurting so without going to school I stayed home and slept.
3004,176,ずに,,ずに,without doing~ Verb ない ず（に）,N3,373,6,今⽇は料理を作らずに、外⾷しに⾏こうよ。,"kyou wa ryouri o tsukura zuni, gaishoku shini ikou yo.","Today, let's go out to eat without cooking anything."
3005,176,ずに,,ずに,without doing~ Verb ない ず（に）,N3,373,7,ドアに鍵をかけずに買い物に⾏ってしまった。,doa ni kagi o kakezu ni kaimono ni itte shimatta.,I went shopping without locking the door.
3006,176,ずに,,ずに,without doing~ Verb ない ず（に）,N3,373,8,この部屋には、靴を脱がずにお⼊りください。,"kono heya niwa, kutsu o nuga zuni o hairi kudasai.",Please enter this room without taking off your shoes.
3007,176,ずに,,ずに,without doing~ Verb ない ず（に）,N3,373,9,左右を⾒ずに道を渡ると危ないです。,sayuu o mizu ni michi o wataru to abunai desu.,It’s dangerous to cross the street without looking both ways.
3008,177,ずにはいられない,,ずにはいられない,can’t help but feel; can’t help but do; must Verb ない ずにはいられない,N3,375,1,あの本を読まずにはいられない。,ano hon o yomazu ni wa irarenai.,I can't help but to read that book.
3009,177,ずにはいられない,,ずにはいられない,can’t help but feel; can’t help but do; must Verb ない ずにはいられない,N3,375,2,彼⼥は彼のことを考えずにいられなかった。,kanojo wa kare no koto o kangaezu ni irarenakatta.,She couldn’t stop thinking of him.
3010,177,ずにはいられない,,ずにはいられない,can’t help but feel; can’t help but do; must Verb ない ずにはいられない,N3,375,3,テレビを⾒ずにはいられない⼈。,terebi o mizu ni wa irarenai hito.,A compulsive TV viewer.
3011,177,ずにはいられない,,ずにはいられない,can’t help but feel; can’t help but do; must Verb ない ずにはいられない,N3,375,4,あの⼈はすごく⾯⽩いです。話を聞いたら、笑わずにはいられない。,"ano hito wa sugoku omoshiroi desu. hanashi o kiitara, warawazu niwa irarenai.",That person is very interesting. When you hear what they have to say you can't help
3012,177,ずにはいられない,,ずにはいられない,can’t help but feel; can’t help but do; must Verb ない ずにはいられない,N3,375,5,明⽇のワールドカップの試合は、⾒ずにはいられない。,"ashita no waarudo kappu no shiai wa, mi zu niwa irarenai.",I need to watch tomorrow's world cup match.
3013,177,ずにはいられない,,ずにはいられない,can’t help but feel; can’t help but do; must Verb ない ずにはいられない,N3,375,8,好きなマンガの新刊が出たら、読まずにはいられないよ︕,"suki na manga no shinkan ga detara, yomazu niwa irarenai yo!",When a new publication of my favorite manga comic comes out I can't help but read it!
3014,177,ずにはいられない,,ずにはいられない,can’t help but feel; can’t help but do; must Verb ない ずにはいられない,N3,375,9,これは泣かずにはいられない感動の映画です。,kore wa nakazu ni wa irarenai kandou no eiga desu.,This movie is so heart-touching that it will make you cry.
3015,178,ずつ,,ずつ,apiece; each; at a time Noun (measurable) ずつ,N3,377,1,私たちは⼀歩ずつ進みましょう。,watashi tachi wa ippo zutsu susumi mashou.,Let's move forward one step at a time.
3016,178,ずつ,,ずつ,apiece; each; at a time Noun (measurable) ずつ,N3,377,2,彼⼥は少しずつ回復している。,kanojo wa sukoshi zutsu kaifuku shite iru.,She is recovering little-by-little.
3017,178,ずつ,,ずつ,apiece; each; at a time Noun (measurable) ずつ,N3,377,3,⼀⽇漢字を10個ずつ勉強しましょう︕,ichinichi kanji o 10 ko zutsu benkyou shimashou!,Let's study 10 kanji a day!
3018,178,ずつ,,ずつ,apiece; each; at a time Noun (measurable) ずつ,N3,377,4,彼⼥はお客さんのメールを⼀個ずつ返事しています。,kanojo wa okyaku san no meeru o ikko zutsu henji shite imasu.,She responds to the customer's email one by one.
3019,178,ずつ,,ずつ,apiece; each; at a time Noun (measurable) ずつ,N3,377,5,私は毎⽇、単語を五つずつ覚えています。,"watashi wa mainichi, tango o itsutsu zutsu oboete imasu.",I learn 5 new words everyday.
3020,178,ずつ,,ずつ,apiece; each; at a time Noun (measurable) ずつ,N3,377,6,私は英語が少しずつ上達してきた。,watashi wa eigo ga sukoshi zutsu joutatsu shite kita.,I have come to improve my English little-by-little.
3021,178,ずつ,,ずつ,apiece; each; at a time Noun (measurable) ずつ,N3,377,8,⽇本での⽣活は少しずつ慣れてきた。,nihon de no seikatsu wa sukoshi zutsu narete kita.,I have slowly become accustomed to life in Japan.
3022,178,ずつ,,ずつ,apiece; each; at a time Noun (measurable) ずつ,N3,377,9,この箱に海外の製品を2パックずつ⼊れてください。,kono hako ni kaigai no seihin o 2 pakku zutsu irete kudasai.,Please put 2 packs each of the foreign goods in these boxes.
3023,1,あげく,,あげく,to end up; in the end; finally; after all~ Verb (た form),N2,11,1,2時間も待たされたあげく、結局に試合は延期になった。,2じかんもまたされたあげく、けっきょくにしあいはえんきになった。,"After waiting for 2 hours, the match ended up being postponed."
3024,1,あげく,,あげく,to end up; in the end; finally; after all~ Verb (た form),N2,11,2,毎⽇の残業のあげく、彼⼥は倒れて⼊院することになりました。,まいにちのざんぎょうのあげく、かのじょはたおれてにゅういんすることになりまし た。,"After working overtime everyday, she collapsed and was hospitalized."
3025,1,あげく,,あげく,to end up; in the end; finally; after all~ Verb (た form),N2,11,3,⼈気のラーメン店に２時間も並んだあげく、売り切れで⾷べられなかった。,にんきのラーメンみせに２じかんもならんだあげく、うりきれでたべられなかった。,"After waiting at the popular ramen shop for 2 hours, they ended up sold out and I couldn't eat anything."
3026,1,あげく,,あげく,to end up; in the end; finally; after all~ Verb (た form),N2,11,4,どの⼤学に⼊ろうかと、さんざん悩んだあげく、京都⼤学に決めた。,どのだいがくにはいろうかと、さんざんなやんだあげく、きょうとだいがくにきめ た。,"After thinking it over carefully about which university to enter, I decided on Kyoto University."
3027,1,あげく,,あげく,to end up; in the end; finally; after all~ Verb (た form),N2,11,5,彼らは夫婦げんかを繰り返したあげく、とうとう離婚した。,かれらはふうふげんかをふりかえしたあげく、とうとうりこんした。,"After fighting countless times, they finally got a divorce."
3028,1,あげく,,あげく,to end up; in the end; finally; after all~ Verb (た form),N2,11,6,彼は、遅刻をくり返したあげく、店⻑に謝らなかったので、クビになった。,かれは、ちこくをくりかえしたあげく、てんちょうにあやまらなかったので、クビに なった。,"After being late countless times, he did not appologize to the store manager and ended up getting fired."
3029,1,あげく,,あげく,to end up; in the end; finally; after all~ Verb (た form),N2,11,7,弟は、勉強しないで遊んだあげくに、就職にも失敗してずっとバイト⽣活をし,て いる。 おとうとは、べんきょうしないであそんだあげくに、しゅうしょくにもしっぱいして ずっとバイトせいかつをして いる。,"After not studying and just goofing off all the time, my younger brother ended not getting a good job and has just been doing part-time work."
3030,1,あげく,,あげく,to end up; in the end; finally; after all~ Verb (た form),N2,11,8,今⽇、店に来たお客さんは１時間も悩んだあげく、結局何も買わなかった。,きょう、みせにきたおきゃくさんは１じかんもなやんだあげく、けっきょくなにもか わなかった。,"Today, a customer who came to the store and struggled for over an hour on what do buy, but in the end they didn't buy anything."
3031,2,あるいは,,あるいは,or; either; maybe; perhaps; possibly~ あるいは other option,N2,13,1,今⽇中にファックス、あるいは、メールで送ってください。,きょうじゅうにファックス、あるいは、メールおくってください。,Please send it today via fax or mail.
3032,2,あるいは,,あるいは,or; either; maybe; perhaps; possibly~ あるいは other option,N2,13,2,ご注⽂は電話か、あるいはインターネットでお願いします。,ごちゅうもんはでんわか、あるいはインターネットでおねがいします。,Please order either by phone or online.
3033,2,あるいは,,あるいは,or; either; maybe; perhaps; possibly~ あるいは other option,N2,13,3,来週の⽕曜⽇の午後はどうですか。あるいは⽔曜⽇の午前でも構いません,が．．． らいしゅうのかようびのごごはどうですか。あるいはすいようびのごぜんでもかまい ませんが．．．,How about Tuesday afternoon next week? Or Wednesday morning also works.
3034,2,あるいは,,あるいは,or; either; maybe; perhaps; possibly~ あるいは other option,N2,13,4,進学するか、あるいは就職するか私は迷っています。,しんがくするか、あるいはしゅうしょくするかわたしはまよっています。,I'm not sure whether I should advance my education or start working.
3035,2,あるいは,,あるいは,or; either; maybe; perhaps; possibly~ あるいは other option,N2,13,5,あるいはそれは本当かもしれない。,あるいはそれはほんとうかもしれない。,Perhaps that's true.
3036,2,あるいは,,あるいは,or; either; maybe; perhaps; possibly~ あるいは other option,N2,13,6,明⽇あるいは晴れるかもしれません。,あしたあるいははれるかもしれません。,It may possibly be sunny tomorrow.
3037,2,あるいは,,あるいは,or; either; maybe; perhaps; possibly~ あるいは other option,N2,13,7,ごめん、あるいは私が間違っていたかもしれない。,ごめん、あるいはわたしがまちがっていたかもしれない。,Sorry! It's possible that I made a mistake.
3038,2,あるいは,,あるいは,or; either; maybe; perhaps; possibly~ あるいは other option,N2,13,8,彼はあるいはすぐに回復するかもしれません。,かれはあるいはすぐにかいふくするかもしれません。,He may possibly recover soon.
3039,3,ばかり,,ばかり,"about, approximately~ Noun (indicates time or distance) ばかり",N2,15,1,彼⼥は30分ばかりベッドに横になった。,かのじょは30ぷんばかりベッドによこになった。,She lay in bed for about a half-hour.
3040,3,ばかり,,ばかり,"about, approximately~ Noun (indicates time or distance) ばかり",N2,15,2,５分ばかりこの道を⾏けば、右⼿にその店があります。,５ふんばかりこのみちをいけば、みぎてにそのみせがあります。,"If you continue on this road for about 5 minutes, that shop will be on your right."
3041,3,ばかり,,ばかり,"about, approximately~ Noun (indicates time or distance) ばかり",N2,15,3,さくら⼤学まで２時間ばかりで着くと思います。,さくらだいがくまで２じかんばかりでつくとおもいます。,I think it takes about 2 hours to get to Sakura University.
3042,3,ばかり,,ばかり,"about, approximately~ Noun (indicates time or distance) ばかり",N2,15,4,今⽇は8時間ばかりプログラミングをやって、⽬が疲れた。,きょうは8じかんばかりプログラミングをやって、めがつかれた。,Today I did programming for about 8 hours and my eyes are really tired.
3043,3,ばかり,,ばかり,"about, approximately~ Noun (indicates time or distance) ばかり",N2,15,5,昨⽇は4時間ばかりハイキングをしたから、今⽇は筋⾁が痛い。,きのうは4じかんばかりハイキングをしたから、きょうはきんにくがいたい。,"Because I went hiking yesterday for about 4 hours, today my muscles are sore."
3044,3,ばかり,,ばかり,"about, approximately~ Noun (indicates time or distance) ばかり",N2,15,6,10分ばかりがあれば、出来ると思います。,じゅっぷんばかりがあれば、できるとおもいます。,I should be to do it in about ten minutes or so.
3045,3,ばかり,,ばかり,"about, approximately~ Noun (indicates time or distance) ばかり",N2,15,7,その殺⼈事件を⾒てから、彼⼥は1週間ばかり夜に眠れなかったそうです。,そのさつじんじけんをみてから、かのじょは1しゅうかんばかりよるにねむれなかった そうです。,"After seeing the murder, she could not sleep at night for about a week."
3046,3,ばかり,,ばかり,"about, approximately~ Noun (indicates time or distance) ばかり",N2,15,8,留学のことで彼⼥は両親と喧嘩して、⼆⽇ばかり部屋にいって、何も⾷べなか,った。 りゅうがくのことでかのじょはりょうしんとけんかして、ふつかばかりへやにいっ て、なにもたべなかった。,"After arguing with her parents about studying abroad, she stayed in her room for about 2 days without eating anything."
3047,4,ばかりだ,,ばかりだ,continue to (go in negative direction),N2,17,1,あの⼆⼈の関係は悪くなるばかりだ。,あのふたりのかんけいはわるくなるばかりだ。,Their relationship just keeps getting worse.
3048,4,ばかりだ,,ばかりだ,continue to (go in negative direction),N2,17,2,物価は上がるばかりだ。,ぶっかはあがるばかりだ。,Prices just keep going up and up.
3049,4,ばかりだ,,ばかりだ,continue to (go in negative direction),N2,17,3,この傷が深くなるばかりだ。,このきずがふかくなるばかりだ。,This wound keeps getting worse and worse.
3050,4,ばかりだ,,ばかりだ,continue to (go in negative direction),N2,17,4,⽇本の⼈⼝が減るばかりです。,にほんのじんこうがへるばかりです。,Japan's population keeps continuing to decrease.
3051,4,ばかりだ,,ばかりだ,continue to (go in negative direction),N2,17,5,薬を飲んでいるのに、症状は悪くなるばかりだ。,くすりをのんでいるのに、しょうじょうはわるくなるばかりだ。,"Even though I am taking medicine, my symptoms keep getting worse."
3052,4,ばかりだ,,ばかりだ,continue to (go in negative direction),N2,17,6,祖⺟が倒れてから、体の調⼦が悪くなるばかりだった。,そぼがたおれてから、からだのちょうしがわるくなるばかりだった。,"Since my grandmother fell, her health has been getting worse and worse."
3053,4,ばかりだ,,ばかりだ,continue to (go in negative direction),N2,17,7,運動をしていないので、体⼒は落ちるばかりだ 。,うんどうをしていないので、たいりょくはおちるばかりだ 。,I'm not working out and so my stamina keeps getting worse.
3054,4,ばかりだ,,ばかりだ,continue to (go in negative direction),N2,17,8,⼦どもが成⻑すると、教育費が増えるばかりだ。,こどもがせいちょうすると、きょういくひがふえるばかりだ。,"As children grow older, their education costs just keep going up."
3055,5,ばかりか,,ばかりか,not only.. but also; as well as~ Verb (casual),N2,19,1,このマンションは狭いばかりか、暗いです。,このマンションはせまいばかりか、くらいです。,"This apartment is not only very small, it's also quite dark."
3056,5,ばかりか,,ばかりか,not only.. but also; as well as~ Verb (casual),N2,19,2,私は、漢字ばかりか、ひらがなもカタカナも書けません。,わたしは、かんじばかりか、ひらがなもかけません。,"Not only can I not write kanji, but I can't even write hiragana or katakana."
3057,5,ばかりか,,ばかりか,not only.. but also; as well as~ Verb (casual),N2,19,3,このレストランは、味が悪いばかりか、店員の態度も悪い。,このレストランは、あじがわるいばかりか、てんいんのたいどもわるい。,"Not only is this restaurant's food bad, but the service is also horrible."
3058,5,ばかりか,,ばかりか,not only.. but also; as well as~ Verb (casual),N2,19,4,花⼦さんはスポーツが上⼿なばかりか、成績も優秀である。,はなこさんはスポーツがじょうずなばかりか、せいせきもゆうしゅうである。,"Hanako is not only good at sports, but she also has excellent grades."
3059,5,ばかりか,,ばかりか,not only.. but also; as well as~ Verb (casual),N2,19,5,うちの⼦は7歳なのに⽇本語ばかりか英語まで喋れるよ。,うちのこは７さいなのににほんごばかりかえいごまでしゃべれるよ。,"Although our child is only 7, they can speak not only Japanese, but English as well."
3060,5,ばかりか,,ばかりか,not only.. but also; as well as~ Verb (casual),N2,19,6,⼥王は美しいばかりか⼼も優しかった。,じょおうはうつくしいばかりかこころもやさしかった。,"The Queen was not only beautiful, but she had a kind heart as well."
3061,5,ばかりか,,ばかりか,not only.. but also; as well as~ Verb (casual),N2,19,7,彼は試験に合格したばかりか奨学⾦までもらった。,かれはしけんにごうかくしたばかりかしょうがくきんまでもらった。,"Not only did he pass the exam, but he got a scholarship."
3062,5,ばかりか,,ばかりか,not only.. but also; as well as~ Verb (casual),N2,19,8,失業している私に先輩は⽣活費を貸てくれた。そればかりか、新しい仕事を紹,介してくれた。 しつぎょうしているわたしにせんぱいはせいかつひをかしてくれた。そればかりか、 あたらしいしごとをしょうかいしてくれた。,"Even though I lost my job, my old colleague helped lend me money for life expenses. Not only that, but he helped me find a new job."
3063,6,ばかりに,,ばかりに,simply because; on account of~ (negative Verb (casual),N2,21,1,お⾦がないばかりに、今度の旅⾏に⾏けなかった。,おかねがないばかりに、こんどのりょこうにいけなかった。,I wasn't able to go on this trip since I don't have any money.
3064,6,ばかりに,,ばかりに,simply because; on account of~ (negative Verb (casual),N2,21,2,ホラー映画を⾒たばかりに、怖くてなかなか寝られない。,ホラーえいがをみたばかりに、こわくてなかなかねられない。,"I watched a horror movie, which was really scary and now I can't seem to fall asleep."
3065,6,ばかりに,,ばかりに,simply because; on account of~ (negative Verb (casual),N2,21,3,先輩のアドバイスを聞き⼊れなかったばかりに⼤きな失敗をしてしまった。,せんぱいのアドバイスをききいれなかったばかりにおおきなしっぱいをしてしまっ た。,I didn't listen to the advice of my senior and ended up making a huge mistake.
3066,6,ばかりに,,ばかりに,simply because; on account of~ (negative Verb (casual),N2,21,4,彼の⼀⾔を信じたばかりにひどい⽬にあった。,かれのひとことをしんじたばかりにひどいめにあった。,I had a horrible experience all because I believed what he said.
3067,6,ばかりに,,ばかりに,simply because; on account of~ (negative Verb (casual),N2,21,5,経験がないばかりに苦労した。,けいけんがないばかりにくろうした。,I suffered since I lacked any experience.
3068,6,ばかりに,,ばかりに,simply because; on account of~ (negative Verb (casual),N2,21,6,私が遅刻をしたばかりに皆に迷惑をかけてしまった。,わたしがちこくをしたばかりにみなにめいわくをかけてしまった。,I'm so sorry for any trouble I caused for everyone because I was late..
3069,6,ばかりに,,ばかりに,simply because; on account of~ (negative Verb (casual),N2,21,7,外国⼈であるばかりに、アパート探しには苦労した。,がいこくじんであるばかりに、アパートさがしにはくろうした。,I had a really hard time finding a new apartment just because I'm a foreigner..
3070,6,ばかりに,,ばかりに,simply because; on account of~ (negative Verb (casual),N2,21,8,顔が似ていたばかりに犯⼈と間違われた。,かおがにていたばかりにはんにんとまちがわれた。,I was mistaken as a criminal just because our faces are similar.
3071,7,ちなみに,,ちなみに,by the way; in this connection; incidentally; ちなみに phrase,N2,23,1,これ、お⼟産だよ。ちなみにベトナムで買ったんだよ。,これ、おみやげだよ。ちなみにベトナムでかったんだよ。,Here is a souvenir. I bought it in Vietnam by the way.
3072,7,ちなみに,,ちなみに,by the way; in this connection; incidentally; ちなみに phrase,N2,23,2,ちなみに、私のことを覚えていますか︖,ちなみに、わたしのことをおぼえていますか︖,"By the way, do you remember me?"
3073,7,ちなみに,,ちなみに,by the way; in this connection; incidentally; ちなみに phrase,N2,23,3,ちなみに、私は刺⾝と寿司は好きではない。,ちなみに、わたしはさしみとすしはすきではない。,"Incidentally, I do not like sashimi or sushi."
3074,7,ちなみに,,ちなみに,by the way; in this connection; incidentally; ちなみに phrase,N2,23,4,N2に合格したよ︕ちなみに満点だったよ︕,,"N2に合格したよ︕ちなみに満点だったよ︕ I passed the N2! And by the way, I got a full score!"
3075,7,ちなみに,,ちなみに,by the way; in this connection; incidentally; ちなみに phrase,N2,23,5,ちなみに、私の⽇本語が間違ってたら遠慮なく⾔ってください。,ちなみに、わたしのにほんごがまちがってたらえんりょなくいってください。,"By the way, please feel free to tell me if my Japanese is wrong."
3076,7,ちなみに,,ちなみに,by the way; in this connection; incidentally; ちなみに phrase,N2,23,6,ちなみに今⽇は2⽉23⽇、妻の誕⽣⽇です。,ちなみにきょうは2がつ23にち、つまのたんじょうびです。,"By the way, today is February 23rd, my wife's birthday."
3077,7,ちなみに,,ちなみに,by the way; in this connection; incidentally; ちなみに phrase,N2,23,7,来⽉、台湾旅⾏に⾏きます。ちなみに台湾へは、これまでに20回も⾏ったんで,すよ。 らいげつ、たいわんりょこうにいきます。ちなみにたいわんへは、これまでに20かい もいったんですよ。,"Next month, I will be going to travel to Taiwan. By the way, I've gone to Taiwan over 20 times now."
3078,8,ちっとも〜ない,,ちっとも〜ない,(not) at all; (not) in the least~ ちっとも Verb (ない form),N2,25,1,彼は酒はちっとも飲まない。,かれはさけはちっとものまない。,He doesn't drink any alcohol at all.
3079,8,ちっとも〜ない,,ちっとも〜ない,(not) at all; (not) in the least~ ちっとも Verb (ない form),N2,25,2,この商品はちっとも売れない。,このしょうひんはちっともうれない。,This product does not sell at all.
3080,8,ちっとも〜ない,,ちっとも〜ない,(not) at all; (not) in the least~ ちっとも Verb (ない form),N2,25,3,俺の妻は英語をちっとも知らない。彼⼥は⽇本語しか話せない。,おれのつまはえいごをちっともしらない。かのじょはにほんごしかはなせない。,My wife doesn't know any English. She only speaks Japanese.
3081,8,ちっとも〜ない,,ちっとも〜ない,(not) at all; (not) in the least~ ちっとも Verb (ない form),N2,25,4,彼は⽗親の⾔うことをちっとも聞かない。,かれはちちおやのいうことをちっともきかない。,He doesn't listen to anything his father says.
3082,8,ちっとも〜ない,,ちっとも〜ない,(not) at all; (not) in the least~ ちっとも Verb (ない form),N2,25,5,彼は⼥の⼦の気持なんかちっともわからない。,かれはおんなのこのきもちなんかちっともわからない。,He doesn't understand the feelings of young women one bit.
3083,8,ちっとも〜ない,,ちっとも〜ない,(not) at all; (not) in the least~ ちっとも Verb (ない form),N2,25,6,休みの⽇なのに、兄はゲームを夢中でちっとも遊んでくれない。,やすみのひなのに、あにはゲームをむちゅうでちっともあそんでくれない。,"Even though it's are day off of school, my older brother is obsessed with his game and won't play with me (at all)."
3084,8,ちっとも〜ない,,ちっとも〜ない,(not) at all; (not) in the least~ ちっとも Verb (ない form),N2,25,7,彼の⾔う事は何の事かちっとも分からない。,かれのいうことはなんのことだかちっともわからない。,I can't make sense at all of what he says.
3085,8,ちっとも〜ない,,ちっとも〜ない,(not) at all; (not) in the least~ ちっとも Verb (ない form),N2,25,8,列⾞で出される⾷事は、ちっとも好きじゃなかったんです。,れっしゃでだされるしょくじは、ちっともすきじゃなかったんです。,I really didn’t like the food they provided on the train.
3086,9,だけあって,,だけあって,being the case; precisely because; as Verb (casual),N2,27,1,このアパートは駅に近いだけあって、やっぱり家賃も⾼い。,このアパートはえきにちかいだけあって、やっぱりやちんもたかい。,"This apartment is close to the station, so as expected the rent is expensive."
3087,9,だけあって,,だけあって,being the case; precisely because; as Verb (casual),N2,27,2,さすが⼤都会だけあって何かしら仕事がある。,さすがだいとかいだけあってなにかしらしごとがある。,"As expected of a big city, there is always work to do."
3088,9,だけあって,,だけあって,being the case; precisely because; as Verb (casual),N2,27,3,料理教室に通っているだけあって、彼⼥の作る料理はとても美味しい。,りょうりきょうしつにかよっているだけあって、かのじょのつくるりょうりはとても おいしい。,She is taking lessons at a cooking school and so the food she makes is really delicious.
3089,9,だけあって,,だけあって,being the case; precisely because; as Verb (casual),N2,27,4,このバッグは安いだけあってすぐに壊れてしまった。,このバッグはやすいだけあってすぐにこわれてしまった。,"As expected of this cheap bag, it broke right away."
3090,9,だけあって,,だけあって,being the case; precisely because; as Verb (casual),N2,27,5,この場所は有名なだけあって、たくさんの観光客がいる。,このばしょはゆうめいなだけあって、たくさんのかんこうきゃくがいる。,This is a very famous place and so there are lots of tourists.
3091,9,だけあって,,だけあって,being the case; precisely because; as Verb (casual),N2,27,6,さすが世界チャンピオンだけあって強い。挑戦者がまるで⼦どものようだ。,さすがせかいチャンピオンだけあってつよい。ちょうせんしゃがまるでこどものよう だ。,"As expected of the world champion, they are really strong. They make their opponent look like a kid."
3092,9,だけあって,,だけあって,being the case; precisely because; as Verb (casual),N2,27,7,ここは⼀流ホテルだけのことはあって快適だった。,ここはいちりゅうホテルだけのことはあってかいてきだった。,"As expected of a first-class hotel, everything was excellent."
3093,9,だけあって,,だけあって,being the case; precisely because; as Verb (casual),N2,27,8,彼⼥は10年アメリカに住んでいただけあって、英語がとても上⼿だ。,かのじょは10ねんアメリカにすんでいただけあって、えいごがとてもじょうずだ。,"As expected of someone who lived in America for 10 years, her English is very good."
3094,10,だけましだ,,だけましだ,it’s better than; one should feel grateful for~ Verb (casual),N2,29,1,今⽇は暑いが、湿度が⾼くないだけましだ。,きょうはあついが、しつどがたかくないだけましだ。,"It's hot today, but I'm glad the humidity is low."
3095,10,だけましだ,,だけましだ,it’s better than; one should feel grateful for~ Verb (casual),N2,29,2,君は仕事があるだけましだよ。俺は⾸になってしまった。,きみはしごとがあるだけましだよ。おれはくびになってしまった。,You should be grateful for even having a job. I got fired.
3096,10,だけましだ,,だけましだ,it’s better than; one should feel grateful for~ Verb (casual),N2,29,3,僕のアパートは、狭くて⾼いけれど、便利なだけましだ。,ぼくのアパートは、せまくてたかいけれど、べんりなだけましだ。,"My apartment is narrow and tall, but convenient, which I am grateful for."
3097,10,だけましだ,,だけましだ,it’s better than; one should feel grateful for~ Verb (casual),N2,29,4,⾞とぶつかって私の⾃転⾞が壊れてしまったが、怪我がなかっただけましだ。,くるまとぶつかってわたしのじてんしゃがこれてしまったが、けががなかっただけま しだ。,"I ran into a car and destroyed my bike, but I'm just glad there were no injuries."
3098,10,だけましだ,,だけましだ,it’s better than; one should feel grateful for~ Verb (casual),N2,29,5,給料が減ったけれど、⾸にならないだけましだ。,きゅうりょうがへったけれど、くびにならないだけましだ。,"Although my salary has gone down, I’m grateful they didn’t fire me."
3099,10,だけましだ,,だけましだ,it’s better than; one should feel grateful for~ Verb (casual),N2,29,6,毎⽇残業で⼤変だが、残業代がしっかり出るだけましだ。,まいにちざんぎょうでたいへんだが、ざんぎょうだいがしっかりでるだけましだ。,"I have to work overtime everyday which is a bit rough, but at least the overtime pay is pretty good."
3100,10,だけましだ,,だけましだ,it’s better than; one should feel grateful for~ Verb (casual),N2,29,7,今度のアルバイト、時給は安いけど、交通費が出るだけましだ。,こんどのアルバイト、じきゅうはやすいけど、こうつうひがでるだけましだ。,"My new part-time job has low pay, but at least they cover my travel expenses."
3101,10,だけましだ,,だけましだ,it’s better than; one should feel grateful for~ Verb (casual),N2,29,8,ガンの⼿術で貯⾦のほとんどが無くなってしまったが、命があるだけましだ。,ガンのしゅじゅつでちょきんのほとんどがなくなってしまったが、いのちがあるだけ ましだ。,"In my cancer surgery I lost most of my savings, but I am grateful to be alive."
3102,11,だけに,,だけに,being the case; precisely because; as one Verb (casual),N2,31,1,駅が近いだけに家賃も⾼い。,えきがちかいだけにやちんもたかい。,"The station is nearby, which is also why the rent is so high."
3103,11,だけに,,だけに,being the case; precisely because; as one Verb (casual),N2,31,2,このホテルは５つ星ホテルなだけに、サービスが充実している。,このホテルは５つぼしホテルなだけに、サービスがじゅうじつしている。,"As one would expect of a 5-star hotel, the service is perfect."
3104,11,だけに,,だけに,being the case; precisely because; as one Verb (casual),N2,31,3,彼⼥は⽇本語を20年教えているだけに、教え⽅がとても上⼿だ。,かのじょはにほんごを20ねんおしえているだけに、おしえかたがとてもじょうずだ。,"As expected of someone who has taught Japanese for 20 years, her teaching style is very good."
3105,11,だけに,,だけに,being the case; precisely because; as one Verb (casual),N2,31,4,⽥中さんは⼩学校の時にアメリカで⽣活していただけに、英語の発⾳はネイテ,ィブのようだ。 ⽥中さんはしょうがっこうのときにアメリカでせいかつしていただけに、えいごのは つおんはネイティブのようだ。,"Tanaka spent his elementary school days in America, and as one would expect his English pronunciation is just like a native."
3106,11,だけに,,だけに,being the case; precisely because; as one Verb (casual),N2,31,5,試験のために⼀⽣懸命勉強しただけに、不合格のショックは⼤きかった。,しけんのためにいっしょうけんめいべんきょうしただけに、ふごうかくのショックは おおきかった。,"I studied very hard for the exam, so I was really shocked when I heard that I failed."
3107,11,だけに,,だけに,being the case; precisely because; as one Verb (casual),N2,31,6,⼀度失敗しているだけに、今回は最初からかなり慎重にやっているようだ。,いちどしっぱいしているだけに、こんかいはさいしょからかなりしんちょうにやって いるようだ。,"Precisely because they failed once already, this time they look like they are doing it very carefully from the start."
3108,11,だけに,,だけに,being the case; precisely because; as one Verb (casual),N2,31,7,新しい携帯電話が盗まれてしまいました。昨⽇買ったばかりなだけに、本当に,ショックだ。 あたらしいけいたいでんわがぬすまれてしまいました。きのうかったばかりなだけ に、ほんとうにショックだ。,My brand new cellphone was stolen! I just bought it yesterday so this is a pretty big shock..
3109,11,だけに,,だけに,being the case; precisely because; as one Verb (casual),N2,31,8,成績が悪いだけに、⼈⼀倍努⼒するよりほかはない。,せいせきがわるいだけに、ひといちばいどりょくするよりほかはない。,"Because my grades are bad, I have to work harder than others."
3110,12,だけのことはある,,だけのことはある,no wonder; as expected of; not ... for Verb (casual),N2,33,1,⼭⽥さんは英語が上⼿だ。アメリカに留学していただけのことはある。,やまださんはえいごがじょうずだ。アメリカにりゅうがくしていただけのことはあ る。,Mr. Yamada is good at English. As expected of someone who studied abroad in America.
3111,12,だけのことはある,,だけのことはある,no wonder; as expected of; not ... for Verb (casual),N2,33,2,このホテルはサービスが素晴らしい。5つ星ホテルだけのことはある。,このホテルはサービスがすばらしい。5つぼしホテルだけのことはある。,This hotel has amazing service. As expected of a 5 star hotel.
3112,12,だけのことはある,,だけのことはある,no wonder; as expected of; not ... for Verb (casual),N2,33,3,料理教室に通っているだけのことはある、彼⼥の⼿作り料理はとても美味し,い。 りょうりきょうしつにかよっているだけのことはある、かのじょのてづくりりょうり はとてもおいしい。,"As expected of someone attending cooking classes, her homemade cooking is very delicious."
3113,12,だけのことはある,,だけのことはある,no wonder; as expected of; not ... for Verb (casual),N2,33,4,彼は体⼒があって疲れ知らずだ。やっぱり若いだけのことはある。,かれはたいりょくがあってつかれしらずだ。やっぱりわかいだけのことはある。,He has a lot of stamina and doesn't seem to ever get tired. As expected of someone so young.
3114,12,だけのことはある,,だけのことはある,no wonder; as expected of; not ... for Verb (casual),N2,33,5,彼はさすが⼤学に⾏っただけのことはある。,かれはさすがだいがくにいっただけのことはある。,He did not go to university for nothing.
3115,12,だけのことはある,,だけのことはある,no wonder; as expected of; not ... for Verb (casual),N2,33,6,⾼い⾦を出しただけのことはある。,たかいかねをだしただけのことはある。,It is worth the high price I paid for it.
3116,12,だけのことはある,,だけのことはある,no wonder; as expected of; not ... for Verb (casual),N2,33,7,合格したの︖すごい︕3年間⼤変だったけど、勉強しただけのことはあったね。,ごうかくしたの︖すごい︕3ねんかんたいへんだったけど、べんきょうしただけのこと はあったね。,"You passed? That's awesome! It was a tough 3 years, but it shows you didn't just study for nothing."
3117,12,だけのことはある,,だけのことはある,no wonder; as expected of; not ... for Verb (casual),N2,33,8,この苺は⽢くて、とても美味しかったです。⾼かっただけのことはあるね。,このいちごはあまくて、とてもおいしかったです。たかかっただけのことはあるね。,This strawberry was sweet and very delicious. It wasn't expensive for no reason.
3118,13,だけは,,だけは,to do all that one can Verb Same verb,N2,36,1,⾛れるだけは速く⾛った。,はしれるだけははやくはしった。,I ran as fast as my legs could carry me.
3119,13,だけは,,だけは,to do all that one can Verb Same verb,N2,36,2,私はあなたを⼿伝えるだけは⼿伝ったよ。,わたしはあなたをてつだえるだけはてつだったよ。,I did everything I could to help you.
3120,13,だけは,,だけは,to do all that one can Verb Same verb,N2,36,3,彼⽒のことは親に話すだけは話しました。,かれしのことはおやにはなすだけははなしました。,I told my parents everything there is to say about my boyfriend.
3121,13,だけは,,だけは,to do all that one can Verb Same verb,N2,36,4,覚えるだけは覚えたのだから 、後は試験の⽇を待つだけだ。,おぼえるだけはおぼえたのだから、あとはしけんのひをまつだけだ。,"I've memorized everything I need to know, so all that's left is to wait until the day of the test."
3122,13,だけは,,だけは,to do all that one can Verb Same verb,N2,36,5,すべて彼のことを聞くだけは聞いたが彼は悪い⼈を思わないよ。,すべてかれのことをきくだけはきいたがかれはわるいひとをおもわないよ。,"I heard everything I could about him, but I don't think he is a bad person."
3123,13,だけは,,だけは,to do all that one can Verb Same verb,N2,36,6,君を助けるだけは助けたが残る部分は⾃分で頑張ってください。,きみをたすけるだけはたすけたがのこるぶぶんはじぶんでがんばってください。,"I've helped you as much as I can, but try to do the remaining part by yourself."
3124,13,だけは,,だけは,to do all that one can Verb Same verb,N2,36,7,⽇本へ⾏きたいことは両親と話すだけは話したがどんな反応でも必ず⾏きま,す。 にほんへいきたいことはりょうしんとはなすだけははなしたがどんなはんのうでもか ならずいきます。,"I've done all I can to express to my parents that I want to go to Japan, but regardless of their reaction I will definitely go."
3125,13,だけは,,だけは,to do all that one can Verb Same verb,N2,36,8,指⽰のとおりにやるだけはやった が 、いい結果が出るかどうか⾃信がない。,しじのとおりにやるだけはやった が 、いいけっかがでるかどうかじしんがない。,"I did everything as close to the instructions as I possibly could, but I am not confident it will have a good result."
3126,14,だって,,だって,"because; but; after all; even; too Noun + だって even, too",N2,38,1,彼だって⼈間だ。,かれだってにんげんだ。,He is only human.
3127,14,だって,,だって,"because; but; after all; even; too Noun + だって even, too",N2,38,2,私だってあなたに会いたい。,わたしだってあなたにあいたい。,I miss you too.
3128,14,だって,,だって,"because; but; after all; even; too Noun + だって even, too",N2,38,3,誰だってそんなことは知っているさ。,だれだってそんなことはしっているさ。,Everybody knows that.
3129,14,だって,,だって,"because; but; after all; even; too Noun + だって even, too",N2,38,4,私だって本くらい読むよ。,わたしだってほんくらいよむよ。,Even I read books every once in a while.
3130,15,でしかない,,でしかない,merely; nothing but; no more than; there is Noun でしかない,N2,40,1,これらの考えは推測でしかない。,これらのかんがえはすいそくでしかない。,This idea is nothing more than a guess.
3131,15,でしかない,,でしかない,merely; nothing but; no more than; there is Noun でしかない,N2,40,2,この作業は時間の無駄でしかない。,このさぎょうはじかんのむだでしかない。,This work is nothing but a waste of time.
3132,15,でしかない,,でしかない,merely; nothing but; no more than; there is Noun でしかない,N2,40,3,夢は夢でしかない。,ゆめはゆめでしかない。,Dreams are nothing more than dreams.
3133,15,でしかない,,でしかない,merely; nothing but; no more than; there is Noun でしかない,N2,40,4,もし薬で治らなかったら、⼿術でしかない。,もしくすりでなおらなかったら、しゅじゅつでしかない。,"If it doesn't heal with the medicine, then there is no choice but to have surgery."
3134,15,でしかない,,でしかない,merely; nothing but; no more than; there is Noun でしかない,N2,40,5,彼は社⻑ですが、両親の⽬から⾒るといつまでも⼦供でしかない。,かれはしゃちょうですが、りょうしんのめからみるといつまでもこどもでしかない。,"He might be a company president, but to his parents he’s only a kid."
3135,15,でしかない,,でしかない,merely; nothing but; no more than; there is Noun でしかない,N2,40,6,彼は都合が悪いと⾔っているが、それは⼝実でしかない。,かれはつごうがわるいといっているが、それはこうじつでしかない。,"Though he said that his circumstances are no good, I think it’s just an excuse."
3136,15,でしかない,,でしかない,merely; nothing but; no more than; there is Noun でしかない,N2,40,7,どんな素晴らしい⼈でも死ぬときは⼀⼈の⼈間でしかない。,どんなすばらしいひとでもしぬときはひとりのにんげんでしかない。,"No matter how great you are, you’re merely a human being when you die."
3137,15,でしかない,,でしかない,merely; nothing but; no more than; there is Noun でしかない,N2,40,8,それは君の錯覚でしかない。⽬を覚めてください。,それはきみのさっかくでしかない。めをさめてください。,That is nothing more than your own delusion. Snap out of it.
3138,16,どころではない,,どころではない,not the time for; not the place for; far from; Verb (casual),N2,42,1,彼はよく間違いをするが、バカどころではない。,かれはよくまちがいをするが、バカどころではない。,"He often makes mistakes, but he is no fool."
3139,16,どころではない,,どころではない,not the time for; not the place for; far from; Verb (casual),N2,42,2,宿題がたくさんあってテレビを⾒るどころではない。,しゅくだいがたくさんあってテレビをみるどころではない。,"There's a bunch of homework to do, this is no time to be watching TV."
3140,16,どころではない,,どころではない,not the time for; not the place for; far from; Verb (casual),N2,42,3,⾵邪がひどくて、遊びに⾏くどころじゃない。,かぜがひどくて、あそびにいくどころじゃない。,I have a bad cold and can't even think about going out right now.
3141,16,どころではない,,どころではない,not the time for; not the place for; far from; Verb (casual),N2,42,4,彼⼥はケーキ屋で働いているから、毎年クリスマスは彼⽒とデートどころでは,ない。 かのじょはケーキやではたらいているから、まいとしクリスマスはかのじょとデート どころではない。,She works at a cake shop so every year on Christmas she has no time to go on a date with her boyfriend.
3142,16,どころではない,,どころではない,not the time for; not the place for; far from; Verb (casual),N2,42,5,他⼈の仕事を⼿伝うどころではありません。⾃分の仕事も間に合わないんで,す。 たにんのしごとをてつだうどころではありません。じぶんのしごともまにあわないん です。,There is no time to be helping other people with their work. You'll end up being late with your own work.
3143,16,どころではない,,どころではない,not the time for; not the place for; far from; Verb (casual),N2,42,6,年末から⺟の⼊院で、お正⽉どころではありません。,ねんまつからははのにゅういんで、おしょうがつどころではありません。,From the end of the year until my mother's hospitalization I've been too preoccupied to even think about New Year's activities.
3144,16,どころではない,,どころではない,not the time for; not the place for; far from; Verb (casual),N2,42,7,こんな遅い時間にみんなは眠くて喋るどころじゃない。,こんなおそいじかんにみんなはねむくてしゃべるどころじゃない。,"At this late hour, everyone is too sleepy to talk."
3145,16,どころではない,,どころではない,not the time for; not the place for; far from; Verb (casual),N2,42,8,⾞を買ったばかりでお⾦がないので、海外旅⾏どころではない。,くるまをかったばかりでおかねがないので、かいがいりょこうどころではない。,"I just bought a car and no longer have any money, so this is no time to go travel abroad."
3146,17,どころか,,どころか,"far from; anything but; let alone; not to Verb (casual, non-past)",N2,44,1,もっと勉強しないと、N2どころかN3も無理だ。,もっとべんきょうしないと、N2どころかN3もむりだ。,"If you do not study more, you will not be able to pass N2, let alone N3."
3147,17,どころか,,どころか,"far from; anything but; let alone; not to Verb (casual, non-past)",N2,44,2,そんな⾷べ物、健康になるどころか、病気になっちゃうよ。,そんなたべもの、けんこうになるどころか、びょうきになっちゃうよ。,"That food isn't going to make you healthy, on the contrary it will make you sick."
3148,17,どころか,,どころか,"far from; anything but; let alone; not to Verb (casual, non-past)",N2,44,4,医者に出された薬を飲んでいるのに、よくなるどころか、症状はひどくなる⼀,⽅だよ。 いしゃにだされたくすりをのんでいるのに、よくなるどころか、しょうじょうはひど くなるいっぽうだよ。,"Even though I'm taking the medicine my doctor gave me, I am not getting better. On the contrary, my symptoms keep getting worse."
3149,17,どころか,,どころか,"far from; anything but; let alone; not to Verb (casual, non-past)",N2,44,5,私は彼に役に⽴つどころか、迷惑もかけた。,わたしはかれにやくにたつどころか、めいわくもかけた。,I was far from being of any help to him. Rather I got in his way.
3150,17,どころか,,どころか,"far from; anything but; let alone; not to Verb (casual, non-past)",N2,44,6,忙しくて、休みをとるどころか、⾷事をする時間もない。,いそがしくて、やすみをとるどころか、しょくじをするじかんもない。,"I’m so busy that I don’t even have time to eat, let alone take a day off."
3151,17,どころか,,どころか,"far from; anything but; let alone; not to Verb (casual, non-past)",N2,44,7,私は⽇本語で論⽂を書くどころか簡単な会話も出来ない。,わたしはにほんごでろんぶんをかくどころかかんたんなかいわもできない。,"I can't do simple conversations, much less write a dissertation in Japanese."
3152,17,どころか,,どころか,"far from; anything but; let alone; not to Verb (casual, non-past)",N2,44,8,今の給料は家を買うどころか⾷事も⾜りない。,いまのきゅうりょうはいえをかうどころかしょくじもたりない。,"The current salary is not enough to buy a house, let alone enough food to eat."
3153,18,どうやら,,どうやら,possibly; apparently; seems like; somehow; どうやら phrase,N2,46,1,どうやら明⽇は⾬になりそうだ。,どうやらあしたはあめになりそうだ。,"Apparently, it's going to rain tomorrow."
3154,18,どうやら,,どうやら,possibly; apparently; seems like; somehow; どうやら phrase,N2,46,2,どうやら、彼は知らないらしい。,どうやら、かれはしらないらしい。,It seems he doesn’t know.
3155,18,どうやら,,どうやら,possibly; apparently; seems like; somehow; どうやら phrase,N2,46,3,どうやら誤解があるようだ。,どうやらごかいがあるようだ。,There appears to be a misunderstanding.
3156,18,どうやら,,どうやら,possibly; apparently; seems like; somehow; どうやら phrase,N2,46,4,今晩はどうやら雪が降りそうだ。,こんばんはどうやらゆきがふりそうだ。,"Apparently, it is going to snow tonight."
3157,18,どうやら,,どうやら,possibly; apparently; seems like; somehow; どうやら phrase,N2,46,5,どうやら⽇本の⽣活になれてきた。,どうやらにほんのせいかつになれてきた。,"Somehow, I finally started getting used to life in Japan."
3158,18,どうやら,,どうやら,possibly; apparently; seems like; somehow; どうやら phrase,N2,46,6,どうやら運の尽きだ,どうやらうんおつきだ。,It seems like my luck has ran out.
3159,18,どうやら,,どうやら,possibly; apparently; seems like; somehow; どうやら phrase,N2,46,7,彼がどうやら財布を家に忘れた,かれがどうやらさいふをいえにわすれた。,It looks like he left his wallet at home.
3160,18,どうやら,,どうやら,possibly; apparently; seems like; somehow; どうやら phrase,N2,46,8,どうやら君は彼⼥と⼀緒になる運命のようだ。,どうやらきみわかのじょといっしょになるうんめいのようだ。,It seems like you and her are meant to be together.
3161,19,どうせ,,どうせ,anyhow; in any case; at any rate; after all; no どうせ phrase,N2,48,1,どうせやるなら上⼿にやれ。,どうせやるならじょうずにやれ。,"If you're going to do it no matter what, do it well!"
3162,19,どうせ,,どうせ,anyhow; in any case; at any rate; after all; no どうせ phrase,N2,48,2,どうせ⾏くんでしょ。,どうせいくんでしょ。,I daresay you are going to go no matter what.
3163,19,どうせ,,どうせ,anyhow; in any case; at any rate; after all; no どうせ phrase,N2,48,3,どうせ参加しないのなら、早めに伝えたほうがいい。,どうせさんかしないのなら、はやめにつたえたほうがいい。,"If you're not going to participate after all, it's best to say so as quick as possible."
3164,19,どうせ,,どうせ,anyhow; in any case; at any rate; after all; no どうせ phrase,N2,48,4,どうせ、試合の前にまだ⼀週間があるのでもっと練習しょう。,どうせ、しあいのまえにまだいっしゅうかんがあるのでもっとれんしゅうしょう。,"Anyway, we still have a week to go before the game so let's practice some more."
3165,19,どうせ,,どうせ,anyhow; in any case; at any rate; after all; no どうせ phrase,N2,48,5,今から⾏ってもどうせ遅刻だから、⾏かないことにする。,いまからいってもどうせちこくだから、いかないことにする。,"Even if I go now I will be late anyway, so I decided not to go."
3166,19,どうせ,,どうせ,anyhow; in any case; at any rate; after all; no どうせ phrase,N2,48,6,どうせ郵便局に⾏くのなら、切⼿を買ってくださいませんか︖,どうせゆうびんきょくにいくのなら、きってをかってくださいませんか︖,"If you're going to go to the post office anyway, could you please buy me some stamps?"
3167,19,どうせ,,どうせ,anyhow; in any case; at any rate; after all; no どうせ phrase,N2,48,7,どうせ汚すのだから、⼦供に⾼価な服を着せるは必要ないだろう。,どうせよごすのだから、こどもにこうかなふくをきせるはひつようないだろう。,"They're just going to end up dirty anyway, so there's no need to have your kids wear expensive clothing."
3168,19,どうせ,,どうせ,anyhow; in any case; at any rate; after all; no どうせ phrase,N2,48,8,転勤で北海道に⾏くことになった。どうせ⾏くなら、北海道の⽣活を思い切り,楽しもうと思った。 てんきんでほっかいどうにいくことになった。どうせいくなら、ほっかいどうの⽣活 せいかつをおもいきりたのしもうとおもった。,"I've been transferred to Hokkaido for work. Anyhow, since I'll be going I want to experience life in Hokkaido to the fullest."
3169,20,得ない,えない,得ない (えない),unable to; cannot; it is not possible to~ Verb ます (stem form) 得ない,N2,50,1,あの⼈が結婚したって本当︕︖え〜︕あり得ないよ︕,あのひとがけっこんしたってほんとう︕︖え〜︕ありえないよ︕,Is it true that he got married? No way! It's not possible!
3170,20,得ない,えない,得ない (えない),unable to; cannot; it is not possible to~ Verb ます (stem form) 得ない,N2,50,2,あの真⾯⽬な彼が犯⼈︖そんなことはあり得ない。,あのまじめなかれがはんにん︖そんなことはありえない。,You think someone as earnest as him is the culprit? That's unbelievable..
3171,20,得ない,えない,得ない (えない),unable to; cannot; it is not possible to~ Verb ます (stem form) 得ない,N2,50,3,地震がいつ来るかなんて、予測し得ないことだ。,じしんがいつくるかなんて、よそくしえないことだ。,It is unpredictable when an earthquake will occur.
3172,20,得ない,えない,得ない (えない),unable to; cannot; it is not possible to~ Verb ます (stem form) 得ない,N2,50,4,無から有は⽣じ得ない。,むからゆうはしょうじえない。,Nothing can come of nothing.
3173,20,得ない,えない,得ない (えない),unable to; cannot; it is not possible to~ Verb ます (stem form) 得ない,N2,50,5,機械は完全には⼈⼒に代わり得ない。,きかいはかんぜんにはじんりきにかわりえない。,Machinery cannot completely take the place of human labor.
3174,20,得ない,えない,得ない (えない),unable to; cannot; it is not possible to~ Verb ます (stem form) 得ない,N2,50,6,このような困難な仕事は、我々の⼒だけでは処理し得ない。,このようなこんなんなしごとは、われわれのちからだけではしょりしえない。,These difficult tasks cannot be handled by our own power alone.
3175,20,得ない,えない,得ない (えない),unable to; cannot; it is not possible to~ Verb ます (stem form) 得ない,N2,50,7,今回は予測し得ないことが起きたけど、皆さんは落ち着いてください。,こんかいはよそくしえないことがおきたけど、みなさんはおちついてください。,"This time something completely unpredictable happened, but everyone please calm down."
3176,20,得ない,えない,得ない (えない),unable to; cannot; it is not possible to~ Verb ます (stem form) 得ない,N2,50,8,地震はいつ起こるか予想し得ないから、事前に家族との連絡⽅法や避難場所な,どを決めておいた⽅がいいでしょう。 じしんはいつおこるかよそうしえないから、じぜんにかぞくとのれんらくほうほうや ひなんばしょなどをきめておいたほうがいいでしょう。,"Since it is impossible to predict when an earthquake will occur, it is better to decide in advance how to contact your family and where to evacuate."
3177,21,再び,ふたたび,再び (ふたたび),again; once more,N2,54,1,来週の⽉曜⽇からレッスンを再び開始したいですか︖,らいしゅうのげつようびからレッスンをふたたびかいししたいですか︖,Would you like to restart your lessons from next Monday?
3178,21,再び,ふたたび,再び (ふたたび),again; once more,N2,54,2,今年の旅⾏は楽しかった。来年の冬再びここに来たい。,ことしのりょこうはたのしかった。らいねんのふゆふたたびここにきたい。,This year's trip was fun. I want to come here again next winter.
3179,21,再び,ふたたび,再び (ふたたび),again; once more,N2,54,3,10年後にようやく彼は、再び故郷の町を⾒た。,10ねんごにようやくかれは、ふたたびこきょうのまちをみた。,He finally saw his hometown again after ten years.
3180,21,再び,ふたたび,再び (ふたたび),again; once more,N2,54,4,昨⽇私は、図書館で１ヶ⽉前に出会った少⼥と再び会った。,きのうわたしは、としょかんでいっかげつまえにであったしょうじょとふたたびあっ た。,Yesterday I once again met the girl whom I met in the library a month ago.
3181,21,再び,ふたたび,再び (ふたたび),again; once more,N2,54,5,本当に最悪の男だ。⼆度と再びあの男とは会いたくない。,ほんとうにさいあくのおとこだ。にどとふたたびあのおとことはあいたくない。,He really is the worst guy.. I don't every want to see him again.
3182,21,再び,ふたたび,再び (ふたたび),again; once more,N2,54,6,彼⼥の両親が事故で亡くなってからピアノを弾かなかった。昨⽇は再び弾き始,めた。 かのじょのりょうしんがじこでなくなってからピアノをひかなかった。きのうはふた たびひきはじめた。,She did not play the piano after her parents died in an accident. She started playing again yesterday.
3183,21,再び,ふたたび,再び (ふたたび),again; once more,N2,54,7,本当にいいの︖ここを離れたら再び戻ることはできないよ。,ほんとうにいいの︖ここをはなれたらふたたびもどることはできないよ。,"Are you sure about this? If you leave this place, you will never be able to come back."
3184,22,ふうに,,ふうに,this way; that way; in such a way; how,N2,56,1,こんなふうにやりなさい。,こんなふうにやりなさい。,Please do it like this.
3185,22,ふうに,,ふうに,this way; that way; in such a way; how,N2,56,2,私もあんなふうになりたいです。,わたしもあんなふうになりたいです。,I also want to become that way.
3186,22,ふうに,,ふうに,this way; that way; in such a way; how,N2,56,3,どういうふうに動くか⾒せてください。,どういうふうにうごくかみせてください。,Please show me how it works.
3187,22,ふうに,,ふうに,this way; that way; in such a way; how,N2,56,4,すみません、これはどんなふうにやればよいでしょうか。,すみません、これはどんなふうにやればよいでしょうか。,"Excuse me, what is the correct way to do this?"
3188,22,ふうに,,ふうに,this way; that way; in such a way; how,N2,56,5,勝⼿にそんなふうにしないでください。教えたどおりにやればいいです。,かってにそんなふうにしないでください。おしえたどおりにやればいいです。,Please don't do it your own way. Do it as you were taught to.
3189,22,ふうに,,ふうに,this way; that way; in such a way; how,N2,56,6,彼の⽇本語がペラペラですね。私もあんなふうになりたいです。,かれのにほんごがペラペラですね。わたしもあんなふうになりたいです。,His Japanese is very fluent. I also want to become like that.
3190,22,ふうに,,ふうに,this way; that way; in such a way; how,N2,56,7,本当の友達なら、あんなふうに⾏動しなかっただろう。,ほんとうのともだちなら、あんなふうにこうどうしなかっただろう。,A true friend would have acted differently.
3191,22,ふうに,,ふうに,this way; that way; in such a way; how,N2,56,8,どうやってあんなふうに⾶⾏機から⾶び降りますか︖,どうやってあんなふうにひこうきからとびおりますか︖,How do you jump out of an airplane like that?
3192,22,ふうに,,ふうに,this way; that way; in such a way; how,N2,56,9,私はそんなふうに⾔われると、めちゃくちゃ怒るよ。,わたしはそんなふうにいわれると、めちゃくちゃおこるよ。,"For me, if I am told something in that way I get extremely angry.."
3193,22,ふうに,,ふうに,this way; that way; in such a way; how,N2,56,10,あなたの説明はこういうふうに理解してもよろしいでしょうか。,あなたのせつめいはこういうふうにりかいしてもよろしいでしょうか。,Is it OK for me to understand your explanation in this way?
3194,23,がきっかけで をきっかけに,,がきっかけで をきっかけに,with… as a start; as a result of; taking Verb (た form) + の/こと,N2,58,1,彼⼥は病気をきっかけにそのつまらない仕事を辞めた。,かのじょはびょうきをきっかけにそのつまらないしごとをやめた。,She used her illness to quit that boring job.
3195,23,がきっかけで をきっかけに,,がきっかけで をきっかけに,with… as a start; as a result of; taking Verb (た form) + の/こと,N2,58,2,昨年の事故をきっかけとして、安全対策が強化された。,さくねんのじこをきっかけとして、あんぜんたいさくがきょうかされた。,"As a result of last year's accident, safety measures have been strengthened."
3196,23,がきっかけで をきっかけに,,がきっかけで をきっかけに,with… as a start; as a result of; taking Verb (た form) + の/こと,N2,58,3,⼦供が⽣まれたのをきっかけとして、タバコを辞めた。,こどもがうまれたのをきっかけとして、タバコをやめた。,"As a result of my child being born, I quit smoking."
3197,23,がきっかけで をきっかけに,,がきっかけで をきっかけに,with… as a start; as a result of; taking Verb (た form) + の/こと,N2,58,4,パソコンを買ってもらったことがきっかけで、プログラミングの勉強を始めま,した。 パソコンをかってもらったことがきっかけで、プログラミングのべんきょうをはじめ ました。,"Taking advantage of the computer I received, I began studying programming."
3198,23,がきっかけで をきっかけに,,がきっかけで をきっかけに,with… as a start; as a result of; taking Verb (た form) + の/こと,N2,58,5,失恋をきっかけに、海外に出て仕事をしようと決⼼した。,しつれんをきっかけに、かいがいにでてしごとをしようとけっしんした。,"After experiencing heartbreak, I decided to move and work abroad."
3199,23,がきっかけで をきっかけに,,がきっかけで をきっかけに,with… as a start; as a result of; taking Verb (た form) + の/こと,N2,58,6,⽇本でのホームステイをきっかけに⽇本の⽂化にとても興味を持つようになっ,た。 にほんでのホームステイをきっかけににほんのぶんかにとてもきょうみをもつように なった。,"As a result of my homestay in Japan, I became very interested in Japanese culture."
3200,23,がきっかけで をきっかけに,,がきっかけで をきっかけに,with… as a start; as a result of; taking Verb (た form) + の/こと,N2,58,7,今回の事件をきっかけに、消費者は⾷品の表⽰に注意するようになった。,こんかいのじけんをきっかけに、しょうひしゃはしょくひんのひょうじにちゅういす るようになった。,"As a result of this incident, consumers started paying more attention to the labels on food products."
3201,24,げ,,げ,looks like; seems like; appears to~ な-adjective な,N2,60,1,何か、⾔いたげだね。,なにか、いいたげだね。,They look like they want to say something.
3202,24,げ,,げ,looks like; seems like; appears to~ な-adjective な,N2,60,2,あの⼈は寂しげな⽬をしている。,あのひとはさびしげなめをしている。,That person has a lonely look in their eyes
3203,24,げ,,げ,looks like; seems like; appears to~ な-adjective な,N2,60,3,彼は眠たげな声でおはようと⾔った。,かれはねむたげなこえでおはようといった。,He said good morning with a sleepy voice.
3204,24,げ,,げ,looks like; seems like; appears to~ な-adjective な,N2,60,4,ずいぶん、⾃信ありげだね。,ずいぶん、じしんありげだね。,You seem very confident.
3205,24,げ,,げ,looks like; seems like; appears to~ な-adjective な,N2,60,5,⼀⼈暮らしのために家を出る⽇、⺟は少し寂しげだった。,ひとりぐらしのためにいえをでるひ、ははわすこしさびしげだった。,My mother looked a little sad on the day I moved out to live by myself.
3206,24,げ,,げ,looks like; seems like; appears to~ な-adjective な,N2,60,6,そりゃあちょっとあやしげに⾒えますからね、そう思いませんか︖,そりゃあちょっとあやしげにみえますからね、そうおもいませんか︖,"It looks a little suspicious, don’t you think?"
3207,24,げ,,げ,looks like; seems like; appears to~ な-adjective な,N2,60,7,お客さんに⼤⼈げない態度をとってしまった。,おきゃくさんにおとなげないたいどをとってしまった。,I took an immature attitude with the customer.
3208,24,げ,,げ,looks like; seems like; appears to~ な-adjective な,N2,60,8,⼊学式の朝、息⼦はとても不安げだったが、学校から帰ってくると、明るい表,情だった。 にゅうがくしきのあさ、むすこはとてもふあんげだったが、がっこうからかえってく ると、あかるいひょうじょうだった。,"My son looked nervous on the morning of his new school entrance ceremony, but when he returned home he looked very happy."
3209,24,げ,,げ,looks like; seems like; appears to~ な-adjective な,N2,60,9,クラスメートにテストの結果を聞くと、嬉しげな顔で100点だったと教えてく,れた。 クラスメートにテストのけっかをきくと、うれしげなかおで100てんだったとおしえて くれた。,"When I asked my classmate how they did on the test, they answered with a smug face that they got a perfect score."
3210,25,逆に,ぎゃくに,逆に (ぎゃくに),conversely; on the contrary~ 逆に phrase,N2,63,1,娘はスポーツが好きだが、逆に息⼦はスポーツが嫌いだ。,娘はスポーツが好きだが、逆に息⼦はスポーツが嫌いだ。,"My daughter likes sports, but on the other hand my son hates them."
3211,25,逆に,ぎゃくに,逆に (ぎゃくに),conversely; on the contrary~ 逆に phrase,N2,63,2,天気予報と逆に、⾬が降り続いている。,てんきよほうとぎゃくに、あめがふりつづいている。,It’s been raining nonstop in contrast to the weather forecast.
3212,25,逆に,ぎゃくに,逆に (ぎゃくに),conversely; on the contrary~ 逆に phrase,N2,63,3,彼はゲームが⼤好きだが、逆に弟さんは嫌いだ。,かれはゲームがだいすきだが、ぎゃくにおとうとさんはきらいだ。,"He loves to play games, but contrarily his younger brother dislikes them."
3213,25,逆に,ぎゃくに,逆に (ぎゃくに),conversely; on the contrary~ 逆に phrase,N2,63,4,逆に、嫌いな⽇本の料理はなんですか︖,ぎゃくに、きらいなにほんのりょうりはなんですか︖,"On the other hand, what is a Japanese food that you hate?"
3214,25,逆に,ぎゃくに,逆に (ぎゃくに),conversely; on the contrary~ 逆に phrase,N2,63,5,私達の期待とは逆に、今年の売り上げは増えなかった。,わたしたちのきたいとはぎゃくに、ことしのうりあげはふえなかった。,"Contrary to our expectations, sales did not increase this year."
3215,25,逆に,ぎゃくに,逆に (ぎゃくに),conversely; on the contrary~ 逆に phrase,N2,63,6,私はストレスがたまると⾷欲がなくなるではなく、逆に何か⾷べないと気が済,まなくなる。 わたしはストレスがたまるとしょくよくがなくなるではなく、ぎゃくになにかたべな いときがすまなくなる。,"I don't lose my appetite when I get stressed, rather I can't calm down unless I eat something."
3216,25,逆に,ぎゃくに,逆に (ぎゃくに),conversely; on the contrary~ 逆に phrase,N2,63,7,今回の試験は⾃信が満々で合格できると思っていたけど、逆に落ちた。,こんかいのしけんはじしんがまんまんでごうかくできるとおもっていたけど、ぎゃく におちた。,"I was full of confidence that I could pass this exam, but I ended up failing."
3217,25,逆に,ぎゃくに,逆に (ぎゃくに),conversely; on the contrary~ 逆に phrase,N2,63,8,薬によっては、役に⽴つどころか逆に害になるものもある。,くすりによっては、やくにたつどころかぎゃくにがいになるものもある。,Some medicines do more harm than good.
3218,26,はんめん,,はんめん,"while, although; on the other hand~ Verb (casual, non-past)",N2,65,1,この部屋は⽇当たりがいい反⾯、夏はかなり暑いです。,このへやはひあたりがいいはんめん、なつはかなりあついです。,"This room has great light exposure, but on the other hand it is very hot in the summer."
3219,26,はんめん,,はんめん,"while, although; on the other hand~ Verb (casual, non-past)",N2,65,2,⼦供の成⻑は嬉しい反⾯、どこか寂しい。,こどものせいちょうはうれしいはんめん、どこかさびしい。,"I'm happy to see my children grow, but on the other hand I am a little bit sad."
3220,26,はんめん,,はんめん,"while, although; on the other hand~ Verb (casual, non-past)",N2,65,3,彼⽒ができたら、楽しい反⾯、⼀⼈の時間がすくなくなりました。,かれしができたら、たのしいはんめん、ひとりのじかんがすくなくなりました。,"I'm happy to have a boyfriend, but on the other hand my time for myself has considerably dropped."
3221,26,はんめん,,はんめん,"while, although; on the other hand~ Verb (casual, non-past)",N2,65,4,⼀⼈暮らしは楽しい反⾯、⼀緒に話す相⼿がいないので寂しいこともありま,す。 ひとりぐらしはたのしいはんめん、いっしょにはなすあいてがいないのでさびしいこ ともあります。,"Living alone is enjoyable, but on the other hand it can sometimes be a little lonely not having someone to talk to."
3222,26,はんめん,,はんめん,"while, although; on the other hand~ Verb (casual, non-past)",N2,65,5,⼦供にとって、インターネットは便利な反⾯、悪い影響を与えることもありま,す。 こどもにとって、インターネットはべんりなはんめん、わるいえいきょうをあたえる こともあります。,"For children, on one hand the inernet is very convenient, but there are also some negative effects as well."
3223,26,はんめん,,はんめん,"while, although; on the other hand~ Verb (casual, non-past)",N2,65,6,転職をしたら、収⼊が増えた反⾯、ストレスも増えました。,てんしょくをしたら、しゅうにゅうがふえたはんめん、ストレスもふえました。,"When changing jobs, although my salary increased, my stress also increased."
3224,26,はんめん,,はんめん,"while, although; on the other hand~ Verb (casual, non-past)",N2,65,7,ノートパソコンは⼿軽である反⾯、壊れやすい。,ノートパソコンはてがるであるはんめん、こわれやすい。,"Laptops are cheap but on the other hand, they can break easily."
3225,26,はんめん,,はんめん,"while, although; on the other hand~ Verb (casual, non-past)",N2,65,8,⽥舎暮らしは不便な反⾯、⾃然が多くて⾞が少ないので、快適に過ごしやす,い。 いなかぐらしはふべんなはんめん、しぜんがおおくてくるまがすくないので、かいて きにすごしやすい。,"Although it is inconvenient to live in the countryside, there is a lot of nature and few cars, so it very pleasant for passing time."
3226,27,果たして,はたして,果たして (はたして),as was expected; sure enough; really; 果たして phrase,N2,67,1,果たしてそうだろうか。,はたしてそうだろうか。,Can it really be so?
3227,27,果たして,はたして,果たして (はたして),as was expected; sure enough; really; 果たして phrase,N2,67,2,果たして本当に⾜⾳が聞こえたのかどうかはわからない。,はたしてほんとうにあしおとがきこえたのかどうかはわからない。,I don’t know for sure if I really heard the footsteps or not.
3228,27,果たして,はたして,果たして (はたして),as was expected; sure enough; really; 果たして phrase,N2,67,3,そのうわさは果たして本当だろうか。,そのうわさははたしてほんとうだろうか。,Can that rumor really be true?
3229,27,果たして,はたして,果たして (はたして),as was expected; sure enough; really; 果たして phrase,N2,67,4,私があの店にいるとき、彼らがそこにやってきたのは果たして偶然だろうか︖,わたしがあのみせにいるとき、かれらがそこにやってきたのははたしてぐうぜんだろ うか︖,Was it really a coincidence that they came to the store while I was there?
3230,27,果たして,はたして,果たして (はたして),as was expected; sure enough; really; 果たして phrase,N2,67,5,この程度の⾦額で、果たして彼が承知するだろうか。,このていどのきんがくで、はたしてかれがしょうちするだろうか。,Surely he will agree to this amount of money.
3231,27,果たして,はたして,果たして (はたして),as was expected; sure enough; really; 果たして phrase,N2,67,6,皆さんにも果たしていただく役割があります。,みなさんにもはたしていただくやくわりがあります。,Everyone surely has a role to carry out.
3232,27,果たして,はたして,果たして (はたして),as was expected; sure enough; really; 果たして phrase,N2,67,7,機械には特に悪いところがないと、果たして何が故障の原因だったのだろう,か。 きかいにはとくにわるいところがないと、はたしてなにがこしょうのげんいんだった のだろうか。,"If there is really nothing wrong with the machine, then what was the cause of the failure?"
3233,27,果たして,はたして,果たして (はたして),as was expected; sure enough; really; 果たして phrase,N2,67,8,今度は果たして本当に⾒えたのかどうか⾃信がない。,こんどははたしてほんとうにみえたのかどうかじしんがない。,I can’t be sure that I’ve really seen it this time.
3234,27,果たして,はたして,果たして (はたして),as was expected; sure enough; really; 果たして phrase,N2,67,9,この程度の補償⾦で、果たして被害者は納得するだろうか。,このていどのほしょうきんで、はたしてひがいしゃはなっとくするだろうか。,Surely the victim will agree to this level of compensation payment.
3235,28,いちおう,,いちおう,more or less; pretty much; roughly; ⼀応 phrase,N2,69,1,⼀応やりました。,いちおうやりました。,I did it (but it may still need some work).
3236,28,いちおう,,いちおう,more or less; pretty much; roughly; ⼀応 phrase,N2,69,3,⼀応、付き合っている⼈がいるんだ。,いちおう、つきあっているひとがいるんだ。,I am sort of seeing someone..
3237,28,いちおう,,いちおう,more or less; pretty much; roughly; ⼀応 phrase,N2,69,4,彼はもう寝たかもしれないけど、⼀応電話してみようかな。,かれはもうねたかもしれないけど、いちおうでんわしてみようかな。,"He may already be asleep, but I guess I should try to give him a call.."
3238,28,いちおう,,いちおう,more or less; pretty much; roughly; ⼀応 phrase,N2,69,5,⼀応、明⽇までに返事をくれる︖,いちおう、あしたまでにへんじをくれる︖,Can you at least give me an answer by tomorrow?
3239,28,いちおう,,いちおう,more or less; pretty much; roughly; ⼀応 phrase,N2,69,6,⼀応、連絡先を教えてくれる︖,いちおう、れんらくさきをおしえてくれる︖,Can you give me your contact information just in case?
3240,28,いちおう,,いちおう,more or less; pretty much; roughly; ⼀応 phrase,N2,69,7,あの事件は⼀応⽚がついているはずだ。,あのじけんはいちおうかたがついているはずだ。,That matter has been settled (though maybe not satisfactorily).
3241,28,いちおう,,いちおう,more or less; pretty much; roughly; ⼀応 phrase,N2,69,8,念のため⼀応書類を調べてみて下さい。,ねんのためいちおうしょるいをしらべてみてください。,"Just to be sure, please check through the documents."
3242,29,以外,いがい,以外 (いがい),with the exception of; excepting~ Noun 以外 + (の、は、に）,N2,71,1,⾷事以外には何ができる︖,しょくじいがいにはなにができる︖,"Apart from eating, what else can we do?"
3243,29,以外,いがい,以外 (いがい),with the exception of; excepting~ Noun 以外 + (の、は、に）,N2,71,2,彼⼥以外誰もいない。,かのじょいがいだれもいない。,There's no one else but her.
3244,29,以外,いがい,以外 (いがい),with the exception of; excepting~ Noun 以外 + (の、は、に）,N2,71,3,⽔以外何も⾒えない。,みずいがいなにもみえない。,I don't see anything other than water.
3245,29,以外,いがい,以外 (いがい),with the exception of; excepting~ Noun 以外 + (の、は、に）,N2,71,4,彼は英語以外の⾔語は全く知らない。,かれはえいごいがいのげんごはまったくしらない。,He knows no languages other than English.
3246,29,以外,いがい,以外 (いがい),with the exception of; excepting~ Noun 以外 + (の、は、に）,N2,71,5,私は彼⼥以外はみんな好きだ。,わたしはかのじょいがいはみんなすきだ。,I like everyone aside from her.
3247,29,以外,いがい,以外 (いがい),with the exception of; excepting~ Noun 以外 + (の、は、に）,N2,71,6,仕事以外のことも話せてよかったです。,しごといがいのこともはなせてよかったです。,I was glad to be able to talk about something other than work.
3248,29,以外,いがい,以外 (いがい),with the exception of; excepting~ Noun 以外 + (の、は、に）,N2,71,7,変化以外に永久のものはない。,へんかいがいにえいきゅうのものはない。,There is nothing permanent except change.
3249,29,以外,いがい,以外 (いがい),with the exception of; excepting~ Noun 以外 + (の、は、に）,N2,71,8,私は中国語以外の⾔語だと、英語と⽇本語を話せます。,わたしはちゅうごくごいがいのげんごだと、えいごとにほんごをはなせます。,"Aside from the Chinese language, I can also speak English and Japanese."
3250,30,以上に,いじょうに,以上に (いじょうに),more than; not less than; beyond~ Verb (casual),N2,73,1,今まで以上に仕事を頑張ります。,いままでいじょうにしごとをがんばります。,I will work even harder at work than I have until now.
3251,30,以上に,いじょうに,以上に (いじょうに),more than; not less than; beyond~ Verb (casual),N2,73,2,必要以上にたくさんのお⾦を使わないでください。,ひつよういじょうにたくさんのおかねをつかわないでください。,Please don’t use more money than you need.
3252,30,以上に,いじょうに,以上に (いじょうに),more than; not less than; beyond~ Verb (casual),N2,73,3,私が予想していた以上に彼の様態はよくなかった。,わたしがよそうしていたいじょうにかれのようたいはよくなかった。,His condition was worse than I had expected.
3253,30,以上に,いじょうに,以上に (いじょうに),more than; not less than; beyond~ Verb (casual),N2,73,4,今以上に⽇本語ができるようになりたいです。,いまいじょうににほんごができるようになりたいです。,I want to get even better at Japanese than I am now.
3254,30,以上に,いじょうに,以上に (いじょうに),more than; not less than; beyond~ Verb (casual),N2,73,5,私たちが泊まったホテルは、予想以上に豪華だった。,わたしたちがとまったホテルは、よそういじょうにごうかだった。,The hotel that we stayed in was even more extravagant than we had imagined.
3255,30,以上に,いじょうに,以上に (いじょうに),more than; not less than; beyond~ Verb (casual),N2,73,6,彼らは、わたしが考えた以上に強い反応を⽰した。,かれらは、わたしがかんがえたいじょうにつよいはんのうをしめした。,They were taking the news worse than i had expected.
3256,30,以上に,いじょうに,以上に (いじょうに),more than; not less than; beyond~ Verb (casual),N2,73,7,この技術はあなたが思っている以上に注⽬されている。,このぎじゅつはあなたがおもっているいじょうにちゅうもくされている。,This technology is attracting more attention than you think it is.
3257,30,以上に,いじょうに,以上に (いじょうに),more than; not less than; beyond~ Verb (casual),N2,73,8,あなたは私が思っている以上にとても素敵な⼈でした。,あなたはわたしがおもっているいじょうにとてもすてきなひとでした。,You were an even more wonderful person than I had thought.
3258,31,以上は,いじょうは,以上は (いじょうは),because; since; seeing that~ Verb (casual),N2,75,1,約束した以上、きちんと守ってくださいね。,やくそくしたいじょう、きちんとまもってくださいね。,"You've made a promise, so be sure to keep it!"
3259,31,以上は,いじょうは,以上は (いじょうは),because; since; seeing that~ Verb (casual),N2,75,2,学⽣である以上、アルバイトではなく勉強が⼤事ですよ。,がくせいであるいじょう、アルバイトではなくべんきょうがだいじですよ。,"Because you are a student, your studies are more important than your part-time job."
3260,31,以上は,いじょうは,以上は (いじょうは),because; since; seeing that~ Verb (casual),N2,75,3,給料がこんなに安い以上は、転職を考える⼈がいるのも当然だ。,きゅうりょうがこんなにやすいいじょうは、てんしょくをかんがえるひとがいるのも とうぜんだ。,"With such low salaries, it's no wonder there are people who want to change jobs."
3261,31,以上は,いじょうは,以上は (いじょうは),because; since; seeing that~ Verb (casual),N2,75,4,お⾦を払って勉強する以上は、しっかり⾝につけたい。,おかねをはらってべんきょうするいじょうは、しっかりみにつけたい。,"Since I am paying money to study, I really want to learn."
3262,31,以上は,いじょうは,以上は (いじょうは),because; since; seeing that~ Verb (casual),N2,75,5,⼀度やると決めた以上は、最後まで責任を持ってやらないと。,いちどやるときめたいじょうは、さいごまでせきにんをもってやらないと。,"Once you decide to do something, you must stay responsible until the end."
3263,31,以上は,いじょうは,以上は (いじょうは),because; since; seeing that~ Verb (casual),N2,75,6,出場が決まった以上、いい結果が出せるように頑張ろうと思う。,しゅつじょうがきまったいじょう、いいけっかがだせるようにがんばろうとおもう。,"Since my participation has been confirmed, I want to work hard to get a good result."
3264,31,以上は,いじょうは,以上は (いじょうは),because; since; seeing that~ Verb (casual),N2,75,7,JLPTに申し込んだ以上、しっかり勉強して合格したい。,,"JLPTにもうしこんだいじょう、しっかりべんきょうしてごうかくしたい。 Because I've applied for the JLPT, I want to study hard and pass."
3265,31,以上は,いじょうは,以上は (いじょうは),because; since; seeing that~ Verb (casual),N2,75,8,会社を辞めると決めた以上、早く上司にその旨を伝えなければならない。,かいしゃをやめるときめたいじょう、はやくじょうしにそのうまをつたえなければな らない。,"Since I've decided to quit my job, I need to hurry up and report that to my boss."
3266,31,以上は,いじょうは,以上は (いじょうは),because; since; seeing that~ Verb (casual),N2,75,9,舞台の主役をもらった以上は、最⾼の演技ができるように頑張ります。,ぶたいのしゅやくをもらったいじょうは、さいこうのえんぎができるようにがんばり ます。,"Since I've received the lead role for the play, I will do my best to deliver the best performance."
3267,32,いきなり,,いきなり,abruptly; suddenly; all of a sudden; without いきなり action,N2,77,1,いきなり男の⼈に道を聞かれた。,いきなりおとこのひとにみちをきかれた。,A man suddenly asked me for directions.
3268,32,いきなり,,いきなり,abruptly; suddenly; all of a sudden; without いきなり action,N2,77,2,いきなりあなたにメールを送ってしまい申し訳ありません。,いきなりあなたにメールをおくってしまいもうしわけありません。,I'm sorry for sending you an email suddenly.
3269,32,いきなり,,いきなり,abruptly; suddenly; all of a sudden; without いきなり action,N2,77,3,彼は彼⼥の⼿からいきなりハンドバッグを取った。,かれはかのじょのてからいきなりハンドバッグをとった。,He suddenly grabbed her purse from her hand.
3270,32,いきなり,,いきなり,abruptly; suddenly; all of a sudden; without いきなり action,N2,77,4,彼⼥の兄弟は、いきなり結婚式に現れた。,かのじょのきょうだいは、いきなりけっこんしきにあらわれた。,Her siblings showed up at the wedding out of the blue.
3271,32,いきなり,,いきなり,abruptly; suddenly; all of a sudden; without いきなり action,N2,77,5,今⽇は会社に来るとき、私の前でタクシーがいきなり⽌まってびっくりした。,きょうはかいしゃにくるときわたしのまえでタクシーがいきなりとまってびっくりし た。,"Today on my way to work, I was surprised by a taxi suddenly stopping right in front of me."
3272,32,いきなり,,いきなり,abruptly; suddenly; all of a sudden; without いきなり action,N2,77,6,いつも厳しい社⻑はいきなり笑い出した。,いつもきびしいしゃちょうはいきなりわらいだした。,The always strict company president suddenly burst out laughing.
3273,32,いきなり,,いきなり,abruptly; suddenly; all of a sudden; without いきなり action,N2,77,7,彼⼥は後ろからいきなり彼に抱き付いた。どうしても離れたくないと⾔ってい,ました。 かのじょはうしろからいきなりかれにだきついた。どうしてもはなれたくないといっ ていました。,"She suddenly hugged him from behind, saying she didn't want to leave no matter what."
3274,32,いきなり,,いきなり,abruptly; suddenly; all of a sudden; without いきなり action,N2,77,8,昨⽇はうちの近くに殺⼈事件が起こした。ご主⼈はいきなりナイフで奥さんを,切りつけてきた。 きのうはうちのちかくにさつじんじけんがおこした。ごしゅじんはいきなりナイフで おくさんをきりつけてきた。,A murder occurred nearby us yesterday. The husband suddenly cut his wife with a knife.
3275,33,いっきに,,いっきに,in one go; without stopping; all at once; ⼀気に phrase,N2,79,1,お茶を⼀気に飲みました。,おちゃをいっきにのみました。,I drank all of the tea at once.
3276,33,いっきに,,いっきに,in one go; without stopping; all at once; ⼀気に phrase,N2,79,2,私はこの本を⼀気に読みました。,わたしはこのほんをいっきによみました。,I read this book all in one go.
3277,33,いっきに,,いっきに,in one go; without stopping; all at once; ⼀気に phrase,N2,79,3,彼は⼀気に１０時間働いた。,かれはいっきに１０じかんはたらいた。,He worked for 10 hours without stopping.
3278,33,いっきに,,いっきに,in one go; without stopping; all at once; ⼀気に phrase,N2,79,4,こういう仕事は⼀気にやった⽅がいいんだよ。,こういうしごとはいっきにやったほうがいいんだよ。,This kind of work is best done all at once.
3279,33,いっきに,,いっきに,in one go; without stopping; all at once; ⼀気に phrase,N2,79,5,買ってきたお菓⼦は⼀気に⾷べないで、少しずつ⾷べましょうね。,かってきたおかしはいっきにたべないで、すこしずつたべましょうね。,"Don't eat all of the sweets you bought in one go, let's take our time eating them."
3280,33,いっきに,,いっきに,in one go; without stopping; all at once; ⼀気に phrase,N2,79,6,その仕事を⼀気にやってしまいなさい。,そのしごとをいっきにやってしまいなさい。,Please finish that job immediately.
3281,33,いっきに,,いっきに,in one go; without stopping; all at once; ⼀気に phrase,N2,79,7,値段が⼀気に⾼くなっている。,ねだんがいっきにたかくなっている。,The price suddenly jumped high.
3282,33,いっきに,,いっきに,in one go; without stopping; all at once; ⼀気に phrase,N2,79,8,彼の⽇本語は⼀気に上達した。,かれのにほんごはいっきにじょうたつした。,His Japanese improved in no time.
3283,34,いっぽうで,,いっぽうで,"on one hand, on the other hand; although~ Verb (casual)",N2,81,1,お⺟さんは優しい⼀⽅で、お⽗さんはこわい。,おかあさんはやさしいいっぽうで、おとうさんはこわい。,"My mother is kind, but on the other hand my father is scary."
3284,34,いっぽうで,,いっぽうで,"on one hand, on the other hand; although~ Verb (casual)",N2,81,2,⽗は⾃分に厳しい⼀⽅で、他⼈には優しい。,ちちはじぶんにきびしいいっぽうで、たにんにはやさしい。,My father is very strict with himself but very kind to others.
3285,34,いっぽうで,,いっぽうで,"on one hand, on the other hand; although~ Verb (casual)",N2,81,3,彼⼥の仕事は夏は⾮常に忙しい⼀⽅、冬は暇になる。,かのじょのしごとはなつはひじょうにいそがしいいっぽう、ふゆはひまになる。,"Her work is very busy in the summer, but on the other hand it is much more relaxed in the winter."
3286,34,いっぽうで,,いっぽうで,"on one hand, on the other hand; although~ Verb (casual)",N2,81,4,彼は俳優である⼀⽅で、歌⼿としても活躍している。,かれははいゆうであるいっぽうで、かしゅとしてもかつやくしている。,"He is an actor, and on the other hand is active as a singer."
3287,34,いっぽうで,,いっぽうで,"on one hand, on the other hand; although~ Verb (casual)",N2,81,5,海外旅⾏は⾮⽇常を体験できることから、楽しいと感じることが多い⼀⽅で、,不安なこともある。 かいがいりょこうはひにちじょうをたいけんてきることから、たのしいとかんじるこ とがおおいいっぽうで、ふあんなこともある。,"Traveling abroad can be extraordinary, so it's often fun, but on the other hand can be uneasy."
3288,34,いっぽうで,,いっぽうで,"on one hand, on the other hand; although~ Verb (casual)",N2,81,6,その仕事はあまり⾯⽩くなかったが、その⼀⽅で給与はよかった。,そのしごとはあまりおもしろくなかったが、そのいっぽうできゅうよはよかった。,"That job was not very interesting, but on the other hand it paid well."
3289,34,いっぽうで,,いっぽうで,"on one hand, on the other hand; although~ Verb (casual)",N2,81,7,⽼⼈の⼈⼝が増えている⼀⽅で、若年労働⼒の数がどんどん減っています。,ろうじんのじんこうがふえているいっぽうで、じゃくねんろうどうりょくのかずがど んどんへっています。,"While the number of old people is increasing, the young labor force is decreasing."
3290,35,いわゆる,,いわゆる,what is called; as it is called; the so-called; so いわゆる Noun,N2,83,1,彼はいわゆる語学の天才だ。,かれはいわゆるごがくのてんさいだ。,He is what is called a genius in language.
3291,35,いわゆる,,いわゆる,what is called; as it is called; the so-called; so いわゆる Noun,N2,83,2,彼⼥はいわゆる本の⾍です。,かのじょはいわゆるほんのむしです。,She is what we call a bookworm.
3292,35,いわゆる,,いわゆる,what is called; as it is called; the so-called; so いわゆる Noun,N2,83,3,彼⼥はいわゆる「やり⼿」だ。,かのじょはいわゆる「やりて」だ。,"She is what we call a“go‐getter."""
3293,35,いわゆる,,いわゆる,what is called; as it is called; the so-called; so いわゆる Noun,N2,83,4,彼は何でも知っているから、いわゆる⽣きる辞書だ。,かれはなんでもしっているから、いわゆるいきるじしょだ。,"He knows everything, like a living dictionary."
3294,35,いわゆる,,いわゆる,what is called; as it is called; the so-called; so いわゆる Noun,N2,83,5,彼⼥の考えは、いわゆる進歩的なものでした。,かのじょのかんがえは、いわゆるしんぽてきなものでした。,"Her ideas were progressive, so to speak."
3295,35,いわゆる,,いわゆる,what is called; as it is called; the so-called; so いわゆる Noun,N2,83,6,兄はいわゆるポップミュージックに興味があります。,あにはいわゆるポップミュージックにきょうみがあります。,My brother is interested in what you call pop music.
3296,35,いわゆる,,いわゆる,what is called; as it is called; the so-called; so いわゆる Noun,N2,83,7,私の好きな⾷べ物はピザ、ハンバーガーで、いわゆるアメリカンフード⼤好き,です。 わたしのすきなたべものはピザ、ハンバーガーで、いわゆるアメリカンフードだいす きです。,"Food I like includes pizza and hamburgers, I love so-called American food."
3297,35,いわゆる,,いわゆる,what is called; as it is called; the so-called; so いわゆる Noun,N2,83,8,彼はジャズのことなら何でも知っている、いわゆるジャズ通である。,かれはジャズのことならなんでもしっている、いわゆるジャズつうである。,"He knows everything about jazz, as he is a connoisseur of jazz so to speak."
3298,36,いよいよ,,いよいよ,at last; finally; beyond doubt いよいよ phrase,N2,85,1,いよいよ⼤学の⽣活が始まります。初めて親に離れるからちょっと⼼配する。,いよいよだいがくのせいかつがはじまります。はじめておやにはなれるからちょっと しんぱいする。,My university life has finally begun. Though it is my first time to be away from my parents so I am a little nervous.
3299,36,いよいよ,,いよいよ,at last; finally; beyond doubt いよいよ phrase,N2,85,2,いよいよ来週の⽇曜⽇が⺟の⽇だ。⺟に何を買って上げたほうがいいかな。,いよいよらいしゅうのにちようびがははのひだ。ははになにをかってあげたほうがい いかな。,Mother's day is finally coming up next Sunday. I wonder what should I get for my mom..?
3300,36,いよいよ,,いよいよ,at last; finally; beyond doubt いよいよ phrase,N2,85,3,いよいよスピーチが始まる。どうしよう︕めちゃ緊張しているよ。,いよいよスピーチがはじまる。どうしよう︕めちゃきんちょうしているよ。,The speech is about to start! I'm very nervous!
3301,36,いよいよ,,いよいよ,at last; finally; beyond doubt いよいよ phrase,N2,85,4,いよいよ彼⼥の出番だ。頑張って練習したからうまく⾏けるといいね︕,いよいよかのじょのでばんだ。がんばってれんしゅうしたからうまくいけるといい ね︕,"Finally it's time for her entrance! She worked hard with her practice, so I hope it goes well!"
3302,36,いよいよ,,いよいよ,at last; finally; beyond doubt いよいよ phrase,N2,85,5,いよいよ結婚式が⽬前に迫ってなんとなく落ち着かない。,いよいよけっこんしきがもくぜんにせまってなんとなくおちつかない。,"Now that our wedding ceremony is just around the corner, we can't seem to calm down."
3303,36,いよいよ,,いよいよ,at last; finally; beyond doubt いよいよ phrase,N2,85,6,昨晩から胃が痛くなった。今朝に痛みがいよいよ酷くなった。,さくばんからいがいたくなった。けさにいたみがいよいよひどくなった。,My stomach has been hurting since last night and this morning the pain has without a doubt gotten worse.
3304,36,いよいよ,,いよいよ,at last; finally; beyond doubt いよいよ phrase,N2,85,7,いよいよ明⽇は⽇本語の試験の⽇だ。精⼀杯で頑張りましょう︕,いよいよあしたはにほんごのしけんのひだ。せいいっぱいでがんばりましょう︕,"At last, tomorrow is the day of the Japanese test! Let's do our best!"
3305,37,上,じょう,上 (じょう),for the sake of; from the standpoint of; as a Noun 上,N2,87,1,健康上ではポテトフライや揚げ物などは⾷べない⽅がいいと思います。,けんこうじょうではポテトフライやあげものなどはたべないほうがいいとおもいま す。,"For the sake of one's health, I think it's best to not eat french fries or other fried foods."
3306,37,上,じょう,上 (じょう),for the sake of; from the standpoint of; as a Noun 上,N2,87,2,⽇本の法律上はお酒を飲んで⾞を運転するのは禁⽌です。,にほんのほうりつじょうはおさけをのんでくるまをうんてんするのはきんしです。,"In terms of Japanese law, it is illegal to drink and drive."
3307,37,上,じょう,上 (じょう),for the sake of; from the standpoint of; as a Noun 上,N2,87,3,理論上はこれが可能だが、実⽤化には時間がかかりそうだ。,りろんじょうはこれがかのうだが、じつようかにはじかんがかかりそうだ。,"In theory this is possible, but to actually implement it looks like it will take some time."
3308,37,上,じょう,上 (じょう),for the sake of; from the standpoint of; as a Noun 上,N2,87,4,彼⼥は健康上の理由で仕事を辞めたそうです。,かのじょはけんこうじょうのりゆうでしごとをやめたそうです。,She apparently quit her job for the sake of her health.
3309,37,上,じょう,上 (じょう),for the sake of; from the standpoint of; as a Noun 上,N2,87,5,会社の規則上は作業中にヘルメットを必ず被ることです。,かいしゃのきそくじょうはさぎょうちゅうにヘルメットをかならずかぶることです。,"In accordance with the company rules, one must always wear their helmet during work."
3310,37,上,じょう,上 (じょう),for the sake of; from the standpoint of; as a Noun 上,N2,87,6,この番組は教育上は良くないから、⼦供に⾒せない⽅がいい。,このばんぐみはきょういくじょうはよくないから、こどもにみせないほうがいい。,"This program is not good for the sake of education, so it's best to not show it to your kids."
3311,37,上,じょう,上 (じょう),for the sake of; from the standpoint of; as a Noun 上,N2,87,7,僕たちは結婚式をしませんが、法律上は結婚しています。,ぼくたちはけっこんしきをしませんが、ほうりつじょうはけっこんしています。,"We will not have a wedding ceremony, but in the eyes of the law we are married."
3312,38,かのように,,かのように,as if; just like~ Noun,N2,89,1,怖いものを⾒たかのように、彼⼥は震えた。,こわいものをみたかのように、かのじょはふるえた。,She was shaking as if she saw something scary.
3313,38,かのように,,かのように,as if; just like~ Noun,N2,89,2,友達は⾃分が合格したかのように喜んでくれた。,ともだちはじぶんがごうかくしたかのようによろこんでくれた。,My friend was so happy for me as if they had passed (the test) themself.
3314,38,かのように,,かのように,as if; just like~ Noun,N2,89,3,彼は今⽇初めて会うのに、前に何度も会ったことがあるかのような態度で話し,てくる。 かれはきょうはじめてあうのに、まえになんどもあったことがあるかのようなたいど ではなしてくる。,"Although this is the first time I am meeting him, he spoke to me as if we had met many times before."
3315,38,かのように,,かのように,as if; just like~ Noun,N2,89,4,Instagramでたくさんの⼈にフォロワーされると、まるで有名⼈になったかのよ,うだ。,"Instagramでたくさんのひとにフォロワーされると、まるでゆうめいじんになったかの ようだ。 I'm followed by a lot of people on Instagram, it's almost as if I am a celebrity."
3316,38,かのように,,かのように,as if; just like~ Noun,N2,89,5,あの⼆⼈は姉妹であるかのようだが、実は親⼦です。,あのふたりはしまいであるかのようだが、じつはおやこです。,"Those two may seem like they are sisters, but they are actually mother and daughter."
3317,38,かのように,,かのように,as if; just like~ Noun,N2,89,6,彼はまるで全てを知っているかのように話している。しかし。それらは全て彼,の想像にすぎない。 かれはまるですべてをしっているかのようにはなしている。しかし。それらはすべて かれのそうぞうにすぎない。,He talks as if he knows everything. But the reality is that's only his imagination.
3318,38,かのように,,かのように,as if; just like~ Noun,N2,89,7,友達に久しぶりに会ったら、病気であるかのように痩せていた。,ともだちにひさしぶりにあったら、びょうきであるかのようにやせていた。,"When I saw my friend for the first time in a while, they had lost so much weight it looked as if they were sick."
3319,38,かのように,,かのように,as if; just like~ Noun,N2,89,8,彼はその場にいなかったのに、全てを⾒ていたかのように状況を説明してい,た。 かれはそのばにいなかったのに、すべてをみていたかのようにじょうきょうをせつめ いしていた。,"Although he wasn't there, he explained the circumstances as if he saw everything."
3320,38,かのように,,かのように,as if; just like~ Noun,N2,89,9,葬式が始まると⾬が降り出した。まるで空が泣いているかのようだ。,そうしきがはじまるとあめがふりだした。まるでそらがないているかのようだ。,It started raining as the funeral started. It's as if the heavens are also crying.
3321,39,かと思ったら,かとおもったら,かと思ったら (かとおもったら),just when; no sooner than~,N2,92,1,空が急に暗くなってきたかと思うと、⾬が降ってきた。,そらがきゅうにくらくなってきたかとおもうと、あめがふってきた。,It started raining no sooner than when the sky suddenly turned dark.
3322,39,かと思ったら,かとおもったら,かと思ったら (かとおもったら),just when; no sooner than~,N2,92,2,娘が帰って来たかと思うと、すぐに家を出ていった。,むすめがかえってきたかとおもうと、すぐにいえをでていった。,"Just as my daughter returned home, she was out the door again."
3323,39,かと思ったら,かとおもったら,かと思ったら (かとおもったら),just when; no sooner than~,N2,92,3,うちの近くの公園の花が咲いたかと思ったら、もう散ってしまった。,うちのちかくのこうえんのはながさいたかとおもったら、もうちってしまった。,"No sooner than the flowers were starting to bloom at our nearby park, the pedals had fallen."
3324,39,かと思ったら,かとおもったら,かと思ったら (かとおもったら),just when; no sooner than~,N2,92,4,息⼦が勉強を始めたかと思ったら、リビングでドラマを⾒ている。,むすこがべんきょうをはじめたかとおもったら、リビングでドラマをみている。,"No sooner than my son had started studying, he was already in the living room watching TV."
3325,39,かと思ったら,かとおもったら,かと思ったら (かとおもったら),just when; no sooner than~,N2,92,5,彼は⾷事を始めたかと思ったら寝てしまった。,かれはしょくじをはじめたかとおもったらねてしまった。,Just when he thought he would start eating he fell asleep.
3326,39,かと思ったら,かとおもったら,かと思ったら (かとおもったら),just when; no sooner than~,N2,92,6,⽇曜⽇なのに、お⽗さんは忙しそうだね。さっき戻ったかと思うと、また出か,けて⾏った。 にちようびなのに、おとうさんはいそがしそうだね。さっきもどったかとおもうと、 またでかけていった。,"Even though it is Sunday, father seems very busy. No sooner than he returned a moment ago, he was already out the door again."
3327,39,かと思ったら,かとおもったら,かと思ったら (かとおもったら),just when; no sooner than~,N2,92,7,さっきまで笑っていたかと思ったら、急に泣き出してしまった。,さっきまでわらっていたかとおもったら、きゅうになきだしてしまった。,I was laughing until just a moment ago when I suddenly started crying.
3328,39,かと思ったら,かとおもったら,かと思ったら (かとおもったら),just when; no sooner than~,N2,92,8,この時期は、晴れていたかと思うと、急に⾬が降り出すことが多いから、傘を,もっていったほうがいい。 このじきは、はれていたかとおもうと、きゅうにあめがふりだすことがおおいから、 かさをもっていったほうがいい。,"At this time of year it can be sunny and start raining before you know it, so you had best bring an umbrella with you."
3329,40,か〜ないかのうちに,,か〜ないかのうちに,just as; right after; as soon as~ Verb + か,N2,95,1,授業が終わるか終わらないかのうちに彼は教室を出た。,じゅぎょうがおわるかおわらないかのうちにかれはきょうしつをでた。,He left the classrom as soon as class ended.
3330,40,か〜ないかのうちに,,か〜ないかのうちに,just as; right after; as soon as~ Verb + か,N2,95,2,彼が電⾞が⽌まるか⽌まらないかのうちにホームに⾶び降りた。,かれがでんしゃがとまるかとまらないかのうちにホームにとびおりた。,He jumped onto the platform just as the train stopped.
3331,40,か〜ないかのうちに,,か〜ないかのうちに,just as; right after; as soon as~ Verb + か,N2,95,3,会社に着くか着かないかのうちに⾬が降り出しました。,かいしゃにつくかつかないかのうちにあめがふりだしました。,It started raining just as I arrived at the company.
3332,40,か〜ないかのうちに,,か〜ないかのうちに,just as; right after; as soon as~ Verb + か,N2,95,4,とても疲れていたのだろう。ソファーに横になるかならないかのうちに眠って,しまった。 とてもつかれていたのだろう。ソファーによこになるかならないかのうちにねむって しまった。,I must have been really tired. I passed out right away after sitting on my sofa.
3333,40,か〜ないかのうちに,,か〜ないかのうちに,just as; right after; as soon as~ Verb + か,N2,95,5,信号が⾚から⻘に変わるか変わらないかのうちに、先頭のバイクが⾶び出して,いった。 しんごうがあかからあおにかわるかかわらないかのうちに、せんとうのバイクがとび だしていった。,"Just as the light changed from red to green, the bike in the front darted off."
3334,40,か〜ないかのうちに,,か〜ないかのうちに,just as; right after; as soon as~ Verb + か,N2,95,6,とてもお腹が空いていたのだろう。テーブルに座るか座らないかのうちに⾷べ,始めた。 とてもおなかがすいていたのだろう。テーブルにすわるかすわらないかのうちにたべ はじめた。,I must have been really hungry. I started eating immediately as I sat down at the table.
3335,40,か〜ないかのうちに,,か〜ないかのうちに,just as; right after; as soon as~ Verb + か,N2,95,7,隣の⼈にペンを貸してほしいと⾔われたので、貸してあげた。驚いたことに、,うちらが「はい、どうぞ」と⾔うか⾔わないかのうちに、取って使い始めたの だ。 となりのひとにペンをかしてほしいといわれたので、かしてあげた。おどろいたこと に、うちらが「はい、どうぞ」というかいわないかのうちに、とってつかいはじめた のだ。,"The person next to me asked to borrow a pen and so I lent them one. What surprised me though was they immediately took it and started using it right after I said ""OK""."
3336,41,かえって,,かえって,on the contrary; rather; all the more; Phrase 1 かえって phrase 2,N2,97,1,彼は⼿助けどころかかえって邪魔になった。,かれはてだすけどころかかえってじゃまになった。,"He was in no position to help, on the contrary he got in the way."
3337,41,かえって,,かえって,on the contrary; rather; all the more; Phrase 1 かえって phrase 2,N2,97,2,それはかえって⾔わずにおく⽅がよい。,それはかえっていわずにおくほうがよい。,That had rather better be left unsaid.
3338,41,かえって,,かえって,on the contrary; rather; all the more; Phrase 1 かえって phrase 2,N2,97,3,彼⼥は痩せるどころかかえって体重が増えた。,かのじょはやせるどころかかえってたいじゅうがふえた。,Her weight went up instead of down.
3339,41,かえって,,かえって,on the contrary; rather; all the more; Phrase 1 かえって phrase 2,N2,97,4,タクシーに乗ったら電⾞よりかえって時間が掛かった。,タクシーにのったらでんしゃよりかえってじかんがかかった。,"Surprisingly, taking a taxi took longer than the train."
3340,41,かえって,,かえって,on the contrary; rather; all the more; Phrase 1 かえって phrase 2,N2,97,5,親切で⾔ったつもりだが、かえって怒らせてしまったようだ。,しんせつでいったつもりだが、かえっておこらせてしまったようだ。,"I planned on saying it kindly, but I've instead seemed to have angered them."
3341,41,かえって,,かえって,on the contrary; rather; all the more; Phrase 1 かえって phrase 2,N2,97,6,不幸がかえって幸福となる。,ふこうがかえってこううんとなる。,One's misfortune can turn into a blessing.
3342,41,かえって,,かえって,on the contrary; rather; all the more; Phrase 1 かえって phrase 2,N2,97,7,別の道で⾏ったら学校に早く着くと思ったらかえっていつもと変わらない。,べつのみちでいったらがっこうにはやくつくとおもったらかえっていつもとかわらな い。,"I thought I could get to school quicker by takin a different road, but it ended up being the same time."
3343,41,かえって,,かえって,on the contrary; rather; all the more; Phrase 1 かえって phrase 2,N2,97,8,試験のためによく勉強したが、かえって不合格のショックは⼤きかった。,しけんのためによくべんきょうしたが、かえってふごうかくのショックはおおきかっ た。,"I studied a lot for the test, which made my failure all the more shocking."
3344,41,かえって,,かえって,on the contrary; rather; all the more; Phrase 1 かえって phrase 2,N2,97,9,ウイルスの影響でビジネスは利益を上げるどころか、かえって⼤損だった。,ウイルスのえいきょうでビジネスはりえきをあげるどころか、かえっておおぞんだっ た。,"Due to the effects of the virus, business profits are in no position to increase. On the contrary, it was a big loss."
3345,42,限り,かぎり,限り (かぎり),"as long as; while… is the case; as far as; Verb (casual, non-past)",N2,99,1,明⽇は、⾬が降らない限り、10時に学校で会いましょう。,あしたは、あめがふらないかぎり、10じゅうじにがっこうであいましょう。,"As long as it doesn't rain tomorrow, let's meet at the school at 10 am."
3346,42,限り,かぎり,限り (かぎり),"as long as; while… is the case; as far as; Verb (casual, non-past)",N2,99,2,この仕事は、私が⽣きている限り、ずっと続けていきたい。,このしごとは、わたしがいきているかぎり、ずっとつづけていきたい。,I want to continue doing this job as long as I am alive.
3347,42,限り,かぎり,限り (かぎり),"as long as; while… is the case; as far as; Verb (casual, non-past)",N2,99,3,私の知っている限りでは、彼⼥はまだ結婚していません。,わたしのしっているかぎりでは、かのじょはまだけっこんしていません。,As far as I know she's still not married.
3348,42,限り,かぎり,限り (かぎり),"as long as; while… is the case; as far as; Verb (casual, non-past)",N2,99,4,⽇本にいる限り、⽇本語が必要だよ。,にほんにいるかぎり、にほんごがひつようだよ。,"While you are in Japan, you need to know Japanese (language)."
3349,42,限り,かぎり,限り (かぎり),"as long as; while… is the case; as far as; Verb (casual, non-past)",N2,99,5,今のやり⽅を変えない限り、悪い状況は続くでしょう。,いまのやりかたをかえないかぎり、わるいじょうきょうはつづくでしょう。,"As long the current way of doing things doesn't change, these bad conditions will likely continue."
3350,42,限り,かぎり,限り (かぎり),"as long as; while… is the case; as far as; Verb (casual, non-past)",N2,99,6,お店の中にお客様がいる限り、お店は閉めません。,おみせのなかにおきゃくさまがいるかぎり、おみせはしめません。,"While there are still customers inside, this shop will not close."
3351,42,限り,かぎり,限り (かぎり),"as long as; while… is the case; as far as; Verb (casual, non-past)",N2,99,7,悪い⽣活習慣を改めない限り、健康にはなれない。,わるいせいかつしゅうかんをあらためないかぎり、けんこうにはなれない。,As long as you don't fix your bad lifestyle habits you will not be able to get healthy.
3352,42,限り,かぎり,限り (かぎり),"as long as; while… is the case; as far as; Verb (casual, non-past)",N2,99,8,⾃分の歌を聞いてくれる⼈がいる限り、路上で歌たい続けようと思います。,じぶんのうたをきいてくれるひとがいるかぎり、ろじょうでうたいつづけようとおも います。,"As long as there are people listening to my songs, I plan to continue singing."
3353,43,甲斐がある,かいがある,甲斐がある (かいがある),"it’s worth one’s efforts to do something Verb (casual, past)",N2,101,1,努⼒の甲斐があって、希望の⼤学に合格した。,どりょくのかいがあって、きぼうのだいがくにごうかくした。,It was worth working so hard. I got into my target university.
3354,43,甲斐がある,かいがある,甲斐がある (かいがある),"it’s worth one’s efforts to do something Verb (casual, past)",N2,101,2,美味しいと⾔ってたくさん⾷べてくれると、頑張って作った甲斐があります。,おいしいといってたくさんたべてくれると、がんばってつくったかいがあります。,"When someone says it is delicious and eats a lot, I feel it was worth working hard making it."
3355,43,甲斐がある,かいがある,甲斐がある (かいがある),"it’s worth one’s efforts to do something Verb (casual, past)",N2,101,3,毎⽇ダイエットを頑張った甲斐があって、５キロ痩せることができました。,まいにちダイエットをがんばったかいがあって、５キロやせることができました。,"It was worth working hard on my diet every day, as I've managed to lose 5 kilograms."
3356,43,甲斐がある,かいがある,甲斐がある (かいがある),"it’s worth one’s efforts to do something Verb (casual, past)",N2,101,4,毎⽇練習した甲斐があって、⽇本語が上⼿にできるようになった。,まいにちれんしゅうしたかいがあって、にほんごがじょうずにできるようになった。,It was worth practicing everyday as I was able to become good at Japanese.
3357,43,甲斐がある,かいがある,甲斐がある (かいがある),"it’s worth one’s efforts to do something Verb (casual, past)",N2,101,5,お客さんに喜んでもらえると、この仕事は、やり甲斐があると思う。,おきゃくさんによろこんでもらえると、このしごとは、やりがいがあるとおもう。,"When a customer is happy, I feel that this job is worth doing."
3358,43,甲斐がある,かいがある,甲斐がある (かいがある),"it’s worth one’s efforts to do something Verb (casual, past)",N2,101,6,毎⽇つまらない仕事ばかりしている。もっと働き甲斐がある会社に転職した,い。 まいにちつまらないしごとばかりしている。もっとはたらきがいがあるかいしゃにて んしょくしたい。,Everyday I continue to do the same boring job. I want to change jobs to a company with work worth doing.
3359,43,甲斐がある,かいがある,甲斐がある (かいがある),"it’s worth one’s efforts to do something Verb (casual, past)",N2,101,7,こんなに美味しいラーメンが⾷べられるなら、２時間も列に並んだ甲斐がある,と思う。 こんなにおいしいラーメンがたべられるなら、２じかんもれつにならんだかいがある とおもう。,"If you can eat ramen that is this good, it is worth waiting in line 2 hours for."
3360,44,かねない,,かねない,(someone) might do something; something Verb ます (stem form) かねない,N2,103,1,この問題が⻑期化すれば、会社は倒産しかねない。早く対策を考えましょう。,このもんだいがちょうきかすれば、かいしゃはとうさんしかねない。はやくたいさく をかんがえましょう。,"If this problem gets any bigger, this company might go bankcrupt. Let's hurry and think of a counterplan."
3361,44,かねない,,かねない,(someone) might do something; something Verb ます (stem form) かねない,N2,103,2,休まずに⻑時間運転したら、事故を起こしかねない。,やすまずにちょうじかんうんてんしたら、じこをおこしかねない。,"If you drive for a long time without taking any breaks, you might get into an accident."
3362,44,かねない,,かねない,(someone) might do something; something Verb ます (stem form) かねない,N2,103,3,このままでは同じような事故がまた起きかねない。,このままではおなじようなじこがまたおきかねない。,"If things continue like this, the same kind of accident is going to occur again."
3363,44,かねない,,かねない,(someone) might do something; something Verb ます (stem form) かねない,N2,103,4,毎⽇ファストフードばっかり⾷べてると、病気になりかねないよ。,まいにちファストフードばっかりたべてると、びょうきになりかねないよ。,"If you keep eating fast food every day, you're gonna get sick."
3364,44,かねない,,かねない,(someone) might do something; something Verb ます (stem form) かねない,N2,103,5,この問題を解決せずに放っておいたら、国際問題になりかねない。,このもんだいをかいけつせずにほうっておいたら、こくさいもんだいになりかねな い。,If this problem is ignored without being resolved it could grow into an international problem.
3365,44,かねない,,かねない,(someone) might do something; something Verb ます (stem form) かねない,N2,103,6,この場所で⼤きな地震が起きたら、⽕⼭の噴⽕を引き起こしかねない。,このばしょでおおきなじしんがおきたら、かざんのふんかをひきおこしかねない。,"If there's ever a big earthquake in this area, it's possible it may cause the volcano to erupt."
3366,44,かねない,,かねない,(someone) might do something; something Verb ます (stem form) かねない,N2,103,7,こんなに熱いと熱中症になりかねないから、ちゃんと⽔分補給しよう。,こんなにあついとねつちゅうしょうになりかねないから、ちゃんとすいぶんほうきゅ うしよう。,"With it this hot out, it's possible to have a heat stroke so make sure to drink plenty of water."
3367,45,かねる,,かねる,unable to do something; can’t do something,N2,105,1,すぐにお返事はできかねます。,すぐにおへんじはできかねます。,I can not give you an immediate answer.
3368,45,かねる,,かねる,unable to do something; can’t do something,N2,105,2,私はそれに賛同しかねます。,わたしはそれにさんどうしかねます。,I am not able to agree with that.
3369,45,かねる,,かねる,unable to do something; can’t do something,N2,105,3,残念ながら、そのご提案はお受けいたしかねます。,ざんねんながら、そのごていあんはおうけいたしかねます。,Unfortunately I cannot accept that proposal.
3370,45,かねる,,かねる,unable to do something; can’t do something,N2,105,4,私は担当者ではございませんので、その質問にはお答えしかねます。,わたしはたんとうしゃではございませんので、そのしつもんにはおこたえしかねま す。,"I am not in charge of this, so I cannot answer your questions."
3371,45,かねる,,かねる,unable to do something; can’t do something,N2,105,5,⾶⾏機で⾏くか、新幹線で⾏くか、まだ決めかねている。,ひこうきでいくか、しんかんせんでいくか、まだきめかねている。,I still cannot decide weather to go by plane or shinkansen.
3372,45,かねる,,かねる,unable to do something; can’t do something,N2,105,6,彼⼥の考えには賛成しかねるところが多いです。,かのじょのかんがえにはさんせいしかねるところがおおいです。,There are many points with her thinking that I cannot agree with.
3373,45,かねる,,かねる,unable to do something; can’t do something,N2,105,7,ご要望には応じかねますので、ご了承ください。,ごようぼうにはおうじかねますので、ごりょうしょうください。,We’re unable to fulfill your request. Thank you for your understanding.
3374,45,かねる,,かねる,unable to do something; can’t do something,N2,105,8,⽕災などによる損失は補償いたしかねます。,かさいなどによるそんしつはほしょういたしかねます。,We are not responsible for any loss due to fire.
3375,45,かねる,,かねる,unable to do something; can’t do something,N2,105,9,僕には、あなたの⾔ったことが、ちょっと分かりかねますが…,ぼくには、あなたのいったことが、ちょっとわかりかねますが…,I cannot quite understand what you said..
3376,46,からいうと,,からいうと,in terms of; from the point of view of~,N2,107,1,僕の成績から⾔えば、国⽴⼤学は無理だと思う。,ぼくのせいせきからいえば、こくりつだいがくはむりだとおもう。,"With these grades, I don’t think I'm going to be able to get into a national university"
3377,46,からいうと,,からいうと,in terms of; from the point of view of~,N2,107,2,能⼒から⾔って、彼がこの仕事に⼀番適切だと思います。,のうりょくからいって、かれがこのしごとにいちばんてきせつだとおもいます。,"In terms of ability, I think he’s the best candidate for the job."
3378,46,からいうと,,からいうと,in terms of; from the point of view of~,N2,107,3,現状から⾔って、直ちにその計画を実⾏するのは無理だ。,げんじょうからいって、ただちにそのけいかくをじっこうするのはむりだ。,"With our current condition, it would be impossible for us to execute the plan right away."
3379,46,からいうと,,からいうと,in terms of; from the point of view of~,N2,107,4,この作⽂は、⽇本語能⼒から⾔えば、まだまだだが、内容はいい。,このさくぶんは、にほんごりょくからいえばまだまだが、ないようはいい。,"This essay is not great in terms of Japanese ability, but the content itself is good."
3380,46,からいうと,,からいうと,in terms of; from the point of view of~,N2,107,5,僕の経験から⾔うと、留学をする前に基本的な⽂法や単語は復習しておいた⽅,がいい。 ぼくのけいけんからいうと、りゅうがくをするまえにきほんてきなぶんぽうやたんご はふくしゅうしておいたほうがいい。,"From my experience, before studying abroad it's best to review fundamental grammar and vocabulary."
3381,46,からいうと,,からいうと,in terms of; from the point of view of~,N2,107,6,客の⽴場から⾔うと、この店は⼊⼝が狭くて⼊りにくい。しかし、店の側から,⾔えば管理やすい。 きゃくのたちばからいうと、このみせはいりぐちがせまくてはいりにくい。しかし、 みせのがわからいえばかんりやすい。,"From the perspective of the customer, this shop's entrance is narrow and hard to enter. However, from the perspective of the shop it is easy to manage."
3382,46,からいうと,,からいうと,in terms of; from the point of view of~,N2,107,7,彼⼥の性格から⾔うと、無断で⽋席するはずがないですが。何かあったのだろ,うか。 かのじょのせいかくからいうと、むだんでけっせきするはずがないですが。なにかあ ったのだろうか。,"Judging from her character, there's no way she would be absent without notice. Surely something must have happened.."
3383,47,からこそ,,からこそ,precisely because~ Verb (casual),N2,109,1,早く起きたからこそ私は始発電⾞に間に合った。,はやくおきたからこそわたしはしはつでんしゃにまにあった 。,I was able to catch the first train because I woke up early.
3384,47,からこそ,,からこそ,precisely because~ Verb (casual),N2,109,2,毎⽇⼀⽣懸命に練習したからこそ、優勝できたのです。,まいにちいっしょうけんめいにれんしゅうしたからこそ、ゆうしょうできたのです。,I was able to win because I trained every day to the best of my ability.
3385,47,からこそ,,からこそ,precisely because~ Verb (casual),N2,109,3,⼦どもの将来を考えたからこそ⼀流の⼤学に⼊れたいのです。,こどものしょうらいをかんがえたからこそいちりゅうのだいがくにいれたいのです。,"Because I am thinking of my child's future, I want them to go to a first-class university."
3386,47,からこそ,,からこそ,precisely because~ Verb (casual),N2,109,4,どうしてもかなえたい夢があるからこそ、⾟くても頑張ります。,どうしてもかなえたいゆめがあるからこそ、つらくてもがんばります。,Because I have a dream that I want to make come true no matter what is exactly why I can keep pushing through even when things are tough.
3387,47,からこそ,,からこそ,precisely because~ Verb (casual),N2,109,5,成功したからこそ、いろいろな失敗や⾟い体験を笑いながら話せる。,せいこうしたからこそ、いろいろなしっぱいやつらいけいけんをわらいながらはなせ る。,"Because I succeeded, I can now talk about various failures and tough experiences while laughing."
3388,47,からこそ,,からこそ,precisely because~ Verb (casual),N2,109,6,そういう態度で仕事をするからこそ、私は彼が嫌いだ。,そういうたいどでしごとをするからこそ、わたしはかれがきらいだ。,That attitude of his during work is exactly why I dislike him.
3389,47,からこそ,,からこそ,precisely because~ Verb (casual),N2,109,7,失敗を経験しているからこそ私は他⼈の気持ちがわかる。,しっぱいをけいけんしているからこそわたしはたにんのきもちがわかる。,Because I have experienced failure myself is exactly why I can understand the feelings of others.
3390,48,からみると,,からみると,from the point of view of; by the look of;,N2,111,1,⾍嫌いな私から⾒ると、ゴキブリを⼿でつかむなんてありえない。,むしきらいなわたしからみると、ゴキブリをてでつかむなんてありえない。,"For someone who hates bugs like me, catching cockroaches by hand is unthinkable."
3391,48,からみると,,からみると,from the point of view of; by the look of;,N2,111,2,緊張している様⼦から⾒て、彼らは新⼊社員だろう。,きんちょうしているようすからみて、かれらはしんにゅうしゃいんだろう。,"Judjing from their nervious appearance, they must be new to the company."
3392,48,からみると,,からみると,from the point of view of; by the look of;,N2,111,3,専⾨家から⾒れば、間違ったダイエットをしている⼈が多いようだ。,せんもんかからみれば、まちがったダイエットをしているひとがおおいようだ。,"From the point of view of a specialist, many people have a flawed diet."
3393,48,からみると,,からみると,from the point of view of; by the look of;,N2,111,4,⽇本の習慣には、外国⼈から⾒ると妙なものもあるだろう。,にほんのしゅうかんには、がいこくじんからみるとみょうなものもあるだろう。,There may be some Japanese customs that seem strange from a foreigner’s perspective.
3394,48,からみると,,からみると,from the point of view of; by the look of;,N2,111,5,昔の⼈から⾒ると、現代⼈の⽣活のリズムは速すぎるかもしれない。,むかしのひとからみると、げんだいじんのせいかつのリズムははやすぎるかもしれな い。,"From the point of view of people from the past, the rhythm of life for people nowadays may be too fast."
3395,48,からみると,,からみると,from the point of view of; by the look of;,N2,111,6,あの様⼦から⾒て、彼は昨晩飲みすぎたようだ。,あのようすからみて、かれはさくばんのみすぎたようだ。,"By the looks of him, it seems that he drank a bit too much last night."
3396,48,からみると,,からみると,from the point of view of; by the look of;,N2,111,7,ゴルフをしない者から⾒ると、何が⾯⽩いのか理解できない。,ゴルフをしないものからみると、なにがおもしろいのかりかいできない。,"From the perspective of someone who doesn't play golf, I can't understand what is interesting about it."
3397,49,からには,,からには,now that; since; so long as; because~ Verb (dictionary form),N2,113,1,約束したからにはその約束を守らなければならない。,やくそくしたからにはそのやくそくをまもらなければならない。,"Since you’ve made a promise, you must keep it."
3398,49,からには,,からには,now that; since; so long as; because~ Verb (dictionary form),N2,113,2,私はJLPT N2 試験を受けるからには、合格したいです。,わたしはJLPT N2 しけんをうけるからには、ごうかくしたいです。,"Now that I will be taking the JLPT N2, I want to pass!"
3399,49,からには,,からには,now that; since; so long as; because~ Verb (dictionary form),N2,113,3,⾃分で決めたからには、⼤変でも頑張ります。,じぶんできめたからには、たいへんでもがんばります。,"Since this is something I decided, even if things get rough I will push through it."
3400,49,からには,,からには,now that; since; so long as; because~ Verb (dictionary form),N2,113,4,北海道に来たからには、カニやイクラなど、海の幸を⾷べたい。,ほっかいどうにきたからには、カニやイクラなど、うみのさちをたべたい。,"Since I've come to Hokkaido, I want to eat various seafood like crab and squid."
3401,49,からには,,からには,now that; since; so long as; because~ Verb (dictionary form),N2,113,5,⼤学に⾏くからには、毎⽇まじめに勉強するつもりだ。,だいがくにいくからには、まいにちまじめにべんきょうするつもりだ。,"Since I will go to university, I plan to study earnestly everyday."
3402,49,からには,,からには,now that; since; so long as; because~ Verb (dictionary form),N2,113,6,海外で⽣活するからには、⾊々と困ることが起こるのはしかたがない。,かいがいでせいかつするからには、いろいろとこまることがおこるのはしかたがな い。,"When living abroad, it is inevitable that various problems will occur."
3403,49,からには,,からには,now that; since; so long as; because~ Verb (dictionary form),N2,113,7,お店を開いたからには、たくさんのお客さんに来てもらいたい。,おみせをひらいたからには、たくさんのおきゃくさんにきてもらいたい。,"Now that I've opened up a shop, I hope many customers come by."
3404,49,からには,,からには,now that; since; so long as; because~ Verb (dictionary form),N2,113,8,⽇本に住んでいるからには、⽇本の法律に従わなければならない。,にほんにすんでいるからには、にほんのほうりつにしたがわなければならない。,"Since you are living in Japan, you must abide by Japan's laws."
3405,50,からして,,からして,judging from; based on; since; from; even~ Noun からして,N2,115,1,タイトルからして、⾯⽩そうな本ですね。,タイトルからして、おもしろそうなほんですね。,"Judging from the title, this book sounds interesting."
3406,50,からして,,からして,judging from; based on; since; from; even~ Noun からして,N2,115,2,その新社員は顔つきからして優しそうだ。,そのしんしゃいんはかおつきからしてやさしそうだ。,That new employee looks very friendly (based on their expression).
3407,50,からして,,からして,judging from; based on; since; from; even~ Noun からして,N2,115,3,この⼦は笑い⽅からして⺟親にそっくりだ。,このこはわらいかたからしてははおやにそっくりだ。,This child's laughter is just like their mother's.
3408,50,からして,,からして,judging from; based on; since; from; even~ Noun からして,N2,115,4,このレストランは雰囲気からして結構⾼そうだね。,このレストランはふんいきからしてけっこうたかそうだね。,"Judging from the atmosphere, this restaurant looks rather expensive."
3409,50,からして,,からして,judging from; based on; since; from; even~ Noun からして,N2,115,5,これまでの実績からして、Aチームが勝つと予想した⼈が多かった。,これまでのじっせきからして、Aチームがかつとよそうしたひとがおおかった。,"Based on the results until now, many people predicted that team A would win."
3410,50,からして,,からして,judging from; based on; since; from; even~ Noun からして,N2,115,6,リーダーからしてやる気がないのだから、他の⼈たちがやるはずがない。,リーダーからしてやるきがないのだから、ほうのひとたちがやるはずがない。,"Considering that the leader has no motivation, there's no way to expect anyone to do anything."
3411,50,からして,,からして,judging from; based on; since; from; even~ Noun からして,N2,115,7,息⼦さんの態度からして、⾃分の⾏為を何ら後悔していないことは明らかで,す。 むすこさんのたいどからして、じぶんのこういをなんらこうかいしていないことはあ きらかです。,It is clear from your son’s attitude that he feels no remorse for his actions.
3412,50,からして,,からして,judging from; based on; since; from; even~ Noun からして,N2,115,8,⼦供たちに夢を与えるという点からしてもこのイベントは続けていきたい。,こどもたちにゆめをあたえるというてんからしてもこのイベントはつづけていきた い。,"From the point of helping give children dreams, I want to continue this event."
3413,51,からすると からすれば,,からすると からすれば,judging from; considering; by the look of~,N2,117,1,彼の症状からすると、⼼臓の病気かもしれません。,かれのしょうじょうからすると、しんぞうのびょうきかもしれません。,"Judging from his condition, it might be a heart illness."
3414,51,からすると からすれば,,からすると からすれば,judging from; considering; by the look of~,N2,117,2,今度のJLPTですが、今の皆さんの実⼒からすると問題なく合格できるでしょ,う。 こんどのJLPTですが、いまのみなさんのじつりょくからするともんだいなくごうかく できるでしょう。,"As for this upcoming JLPT exam, considering everyone's ability level you all should be able to pass without any problems."
3415,51,からすると からすれば,,からすると からすれば,judging from; considering; by the look of~,N2,117,3,ラーメンを⾷べる時に⾳を出す習慣は外国⼈からすると、考えられないことだ,そうです。 ラーメンをたべるときににおとをだすしゅうかんはがいこくじんからすると、かんが えられないことだそうです。,The custom of making sounds while eating ramen seems to be a bit strange for foreigners.
3416,51,からすると からすれば,,からすると からすれば,judging from; considering; by the look of~,N2,117,4,この1年間の成績からすると、希望の⼤学を合格の可能性は⼗分になる。,この1ねんかんのせいせきからすると、きぼうのだいがくをごうかくのかのうせいはじ ゅうぶんになる。,"Judging from this year's results, there is a good chance you'll be accepted into your university of choice."
3417,51,からすると からすれば,,からすると からすれば,judging from; considering; by the look of~,N2,117,5,⼦供の能⼒からすると、どんなに頑張っても親の要求⽔準に答えることはでき,ません。 こどもののうりょくからすると、どんなにがんばってもおやのようきゅうすいじゅん にこたえることはできません。,"Judging from the children’s abilities, no matter how hard they work they will not be able to live up to their parents expectations."
3418,51,からすると からすれば,,からすると からすれば,judging from; considering; by the look of~,N2,117,6,周りの態度からすると、あの⼈が有名⼈ではないでしょうか。,まわりのたいどからすると、あのひとがゆうめいじんではないでしょうか。,"Judging from the attitudes of the people around him, he is probably a celebrity"
3419,51,からすると からすれば,,からすると からすれば,judging from; considering; by the look of~,N2,117,7,親からすると、⼦供はいくつになっても⼦供で⼼配なものだ。,おやからすると、こどもはいくつになってもこどもでしんぱいなものだ。,"From the perspective of a parent, no matter how old one's children get, the parent still worries about them."
3420,52,からといって,,からといって,just because; even if; even though~ Verb (casual),N2,119,1,お⾦がたくさんあるからといって使いすぎるのはよくない。,おかねがたくさんあるからといってつかいすぎるのはよくない。,It’s not good to spend too much just because you have a lot of money.
3421,52,からといって,,からといって,just because; even if; even though~ Verb (casual),N2,119,2,安いからといって、要らないものまで買うのはよくない。,やすいからといって、いらないものまでかうのはよくない。,It’s not good to buy unnecessary things just because they’re cheap.
3422,52,からといって,,からといって,just because; even if; even though~ Verb (casual),N2,119,3,⽇本⼈だからといって、すべて⽇本⽂化について知っているわけではない。,にほんじんだからといって、すべてにほんぶんかについてしっているわけではない。,Just because they are Japanese doesn't mean that they know everything about Japanese culture.
3423,52,からといって,,からといって,just because; even if; even though~ Verb (casual),N2,119,4,野菜が嫌いだからと⾔って、⾷べないのはよくないよ。,やさいがきらいだからといって、たべないのはよくないよ。,It's not good to not eat vegetables just because you don't like them.
3424,52,からといって,,からといって,just because; even if; even though~ Verb (casual),N2,119,5,親だからと⾔って、勝⼿に⼦供の⼈⽣を決めるのはあまりよくない。,おやだからといって、かってにこどものじんせいをきめるのはあまりよくない。,It’s not good to decide your child’s life just because you’re their parent.
3425,52,からといって,,からといって,just because; even if; even though~ Verb (casual),N2,119,6,説明を聞いたからと⾔ってすぐにできるというものでもない。,せつめいをきいたからといってすぐにできるというものでもない。,Just because you’ve listened to the instructions doesn’t mean you can do it right away.
3426,52,からといって,,からといって,just because; even if; even though~ Verb (casual),N2,119,7,暑いからと⾔って、冷たいものは飲み過ぎないほうがいい。,あついからといって、つめたいものはのみすぎないほうがいい。,It's not good too drink too much of a cold beverage just because it's too hot.
3427,52,からといって,,からといって,just because; even if; even though~ Verb (casual),N2,119,8,楽だからと⾔って⾞にばかり乗っていると、運動不⾜になるよ。,らくだからといってくるまにばかりのっていると、うんどうぶそくになるよ。,"Just because it's easier to take your car, if you use it to go everywhere you'll become exercise deficient."
3428,53,っこない,,っこない,no chance of; …is definitely not possible Verb ます (stem form),N2,121,1,⾞なんて買えっこないよ、⾃転⾞を買うお⾦もないんだから。,くるまなんてかえっこないよ、じてんしゃをかうおかねもないんだから。,There's no way I can buy a car! I don't even have enough money to buy a bicycle..
3429,53,っこない,,っこない,no chance of; …is definitely not possible Verb ます (stem form),N2,121,2,3歳の⼦供にそんな難しいことを⾔っても分かりっこないよ。,3さいのこどもにそんなむずかしいことをいってもわかりっこないよ。,"If you say something that difficult to a 3-year-old, there's no way they are going to be able to understand you.."
3430,53,っこない,,っこない,no chance of; …is definitely not possible Verb ます (stem form),N2,121,3,もう新宿駅には100回以上⾏ったんだから、迷いっこないよ。,もうしんじゅくえきには100かいいじょういったんだから、まよいっこないよ。,"I've been to Shinjuku station over 100 times, so there's no way I'd get lost there."
3431,53,っこない,,っこない,no chance of; …is definitely not possible Verb ます (stem form),N2,121,4,今⽇中に漢字を100字覚えるなんて無理だ。できっこない。,きょうじゅうにかんじを100じおぼえるなんてむりだ。できっこない。,It's impossible to memorize 100 kanji today.. There's no way I could do it..
3432,53,っこない,,っこない,no chance of; …is definitely not possible Verb ます (stem form),N2,121,5,あの⼤学には合格しっこない僕はそんなに頭がよくないから。,あのだいがくにはごうかくしっこない。ぼくはそんなにあたまがよくないから。,"There's no way I could get into that university, I'm not that smart.."
3433,53,っこない,,っこない,no chance of; …is definitely not possible Verb ます (stem form),N2,121,6,こんなに弱い選⼿ばかりでは、次の試合に勝てっこない。,こんなによわいせんしゅばかりでは、つぎのしあいにかてっこない。,"With a team full of weak players like this, they won’t stand a chance in the next match."
3434,53,っこない,,っこない,no chance of; …is definitely not possible Verb ます (stem form),N2,121,7,こんなひどい嵐にテニスなんかできっこない。今⽇はやめとこう。,こんなひどいあらしにテニスなんかできっこない。きょうはやめとこう。,I can't play tennis in such a terrible storm. Let's call today's plans off.
3435,53,っこない,,っこない,no chance of; …is definitely not possible Verb ます (stem form),N2,121,8,俳優になんかなれっこないと親にも⾔われたけれど、夢は捨てられなかった。,はいゆうになんかなれっこないとおやにもいわれたけれど、ゆめはすてられなかっ た。,"Even though I've been told by my parents that I can't become an actress, I couldn't give up on my dream."
3436,54,ことだ,,ことだ,should do~ (used for suggestions or giving Verb (dictionary form),N2,123,1,⾵邪ぎみなら、早く寝ることですよ。,かぜぎみなら、はやくねることですよ。,"If you feel like you're catching a cold, you should go to bed early."
3437,54,ことだ,,ことだ,should do~ (used for suggestions or giving Verb (dictionary form),N2,123,2,無理をしないことだよ。,むりをしないことだよ。,You shouldn't push yourself too hard
3438,54,ことだ,,ことだ,should do~ (used for suggestions or giving Verb (dictionary form),N2,123,3,N2に合格したかったら、とにかく漢字を覚えることだよ。,,"N2にごうかくしたかったら、とにかくかんじをおぼえることだよ。 If you want to pass the N2, you should memorize kanji."
3439,54,ことだ,,ことだ,should do~ (used for suggestions or giving Verb (dictionary form),N2,123,4,⽇本語がうまくなりたかったら、⽇本⼈の恋⼈をつくることですよ。,にほんごがうまくなりたかったら、にほんじんのこいびとをつくることですよ。,"If you want to improve your Japanese, you should get a Japanese boyfriend/girlfriend."
3440,54,ことだ,,ことだ,should do~ (used for suggestions or giving Verb (dictionary form),N2,123,5,⼀度に全部は無理です。毎⽇少しずつ勉強することです。,いちどにぜんぶはむりです。まいにちすこしずつべんきょうすることです。,It is impossible to do it all at once. It is best to study a little bit everyday.
3441,54,ことだ,,ことだ,should do~ (used for suggestions or giving Verb (dictionary form),N2,123,6,いやなことを忘れるにはとにかく笑うことですよ。,いやなことをわすれるにはとにかくわらうことですよ。,"In order to help forget something negative, you should start by smiling."
3442,54,ことだ,,ことだ,should do~ (used for suggestions or giving Verb (dictionary form),N2,123,7,仕事をしながら休息する術を覚えることだ。,しごとをしながらきゅうけいするじゅつをおぼえることだ。,You should learn to relax while you are working.
3443,54,ことだ,,ことだ,should do~ (used for suggestions or giving Verb (dictionary form),N2,123,8,信頼されたければ、信頼性のある⼈になることだ。,しんらいされたければ、しんらいせいのあるひとになることだ。,"If you want to be trusted, first become a trustworthy person yourself."
3444,55,ことだから,,ことだから,because; since~ Usage style #1,N2,125,1,それは、私にとって重要なことだから答えて。,それは、わたしにとってじゅうようなことだからこたえて。,"It is very important for me, so please answer it."
3445,55,ことだから,,ことだから,because; since~ Usage style #1,N2,125,2,あなたのことだから上々でしょう。,あなたのことだからじょうじょうでしょう。,I'm sure you did an excellent (since it's you we're talking about).
3446,55,ことだから,,ことだから,because; since~ Usage style #1,N2,125,3,明るい彼⼥のことだから、どこへ⾏ってもすぐ友達ができるでしょう。,あかるいかのじょのことだから、どこへいってもすぐともだちができるでしょう。,"Since she has a bright personality, she is able to make friends no matter where she goes."
3447,55,ことだから,,ことだから,because; since~ Usage style #1,N2,125,4,急を要することだから急いでください。,きゅうをようすることだからいそいでください。,"Please hurry, it's urgent."
3448,55,ことだから,,ことだから,because; since~ Usage style #1,N2,125,5,ケチで有名な彼のことだから百円だって貸してくれないだろうな。,ケチでゆうめいなかれのことだからひゃくえんだってかしてくれないだろうな。,"He's got a reputation of being stingy with money, so it's doubtful he'd lend even just 100 yen."
3449,55,ことだから,,ことだから,because; since~ Usage style #1,N2,125,6,もう誰も来ないことだし、店を閉めよう。,もうだれもこないことだし、みせをしめよう。,"Since no one else will come, let's go ahead and close up shop."
3450,55,ことだから,,ことだから,because; since~ Usage style #1,N2,125,7,"君は遅刻したが, 昨夜の後でのことだから無理はない。",きみはちこくしたが、さくやのあとでのことだからむりはない。,"You were late, but no wonder after last night."
3451,56,ことか,,ことか,how…!; what…! Verb (casual),N2,128,1,何度注意したことか︖,なんどちゅういしたことか︖,How many times have I warned you?
3452,56,ことか,,ことか,how…!; what…! Verb (casual),N2,128,2,この景⾊はなんときれいなことか。,このけしきはなんときれいなことか。,This scenery is incredibly beautiful!
3453,56,ことか,,ことか,how…!; what…! Verb (casual),N2,128,3,僕は合格できたら、どんなに嬉しいことか。,ぼくはごうかくできたら、どんなにうれしいことか。,"If I am able to pass, I will be immeasurably happy!"
3454,56,ことか,,ことか,how…!; what…! Verb (casual),N2,128,4,今まで何度酒をやめようと思ったことか。,いままでなんどさけをやめようとおもったことか。,Until now how many times have I thought about quitting drinking?
3455,56,ことか,,ことか,how…!; what…! Verb (casual),N2,128,5,学⽣時代、奨学⾦がもらえてどれほど助かったことか。,がくせいじだい、しょうがくきんがもらえてどれほどたすかったことか。,Getting a scholarship when I was a student really saved me..
3456,56,ことか,,ことか,how…!; what…! Verb (casual),N2,128,6,⼤好きな⼈に好きって伝えられることがどんなに幸せなことか。,だいすきなひとにすきってつたえられることがどんなにしあわせなことか。,It is such a happy feeling being able to tell the person you love that you love them.
3457,56,ことか,,ことか,how…!; what…! Verb (casual),N2,128,7,どれほどこの機会を待ちわびたことか。,どれほどこのきかいをまちわびたことか。,I have waited too long for this chance!
3458,56,ことか,,ことか,how…!; what…! Verb (casual),N2,128,8,出産後、また働ける職場がないと⾔う事がどんなにひどいことか。,しゅっさんご、またはたらけるしょくばがないということがどんなにひどいことか。,It is beyond horrible that after giving birth I am not able to find a place where I can work again.
3459,57,ことなく,,ことなく,without doing something even once Verb (dictionary form) ことなく,N2,130,1,お⽗さんは10年間休むことなく会社に通った。,おとうさんは10ねんかんやすむことなくかいしゃにかよった。,My father worked for 10 years without taking a break.
3460,57,ことなく,,ことなく,without doing something even once Verb (dictionary form) ことなく,N2,130,2,彼らは試合に勝つために、1⽇も休むことなく練習に励んだ。,かれらはしあいにかつために、いちにちもやすむことなくれんしゅうにはげんだ。,"In order to win the match, they practiced continually without any days off."
3461,57,ことなく,,ことなく,without doing something even once Verb (dictionary form) ことなく,N2,130,3,彼は緊張することなく、最後まで落ち着いて発表した。,かれはきんちょうすることなく、さいごまでおちついてはっぴょうした。,"Without getting nervous, he gave his speech calmly until the end."
3462,57,ことなく,,ことなく,without doing something even once Verb (dictionary form) ことなく,N2,130,4,彼は何度失敗してもあきらめることなく、研究を続けた。,かれはなんどしっぱいしてもあきらめることなく、けんきゅうをつづけた。,"No matter how many times he failed, he never gave up and continued his research."
3463,57,ことなく,,ことなく,without doing something even once Verb (dictionary form) ことなく,N2,130,5,同僚は同期にも相談することなく会社を辞めてしまった。,どうりょうはどうきにもそうだんすることなくかいしゃをやめてしまった。,My coworker quit in the same year he entered the company without consulting anyone.
3464,57,ことなく,,ことなく,without doing something even once Verb (dictionary form) ことなく,N2,130,6,夫は毎年忘れることなく、結婚記念⽇に花を贈ってくれる。,おっとはまいとしわすれることなく、けっこんきねんびにはなをおくってくれる。,My husband gives me flowers every year without forgetting our wedding anniversary.
3465,57,ことなく,,ことなく,without doing something even once Verb (dictionary form) ことなく,N2,130,7,⼦どもたちは、将来の夢について、恥ずかしがることなく発表した。,こどもたちは、しょうらいのゆめについて、はずかしがることなくはっぴょうした。,The children announced their future dreams without any sign of embarrassment.
3466,57,ことなく,,ことなく,without doing something even once Verb (dictionary form) ことなく,N2,130,8,今回は⾮常に危険な作業になりましたが、⼀⼈もけがをすることなく、終える,ことができました。 こんかいはひじょうにきけんなさぎょうになりましたが、ひとりもけがをすることな く、おえることができました。,"This time the work became quite dangerous, but we managed to finish it without anyone getting hurt."
3467,58,ことに,,ことに,emphasize speaker's feelings; to my Verb (た form),N2,132,1,嬉しいことに、明⽇退院できるんです。,うれしいことに、あしたたいいんできるんです。,I'm happy that tomorrow I will be able to leave the hospital.
3468,58,ことに,,ことに,emphasize speaker's feelings; to my Verb (た form),N2,132,2,残念なことに、努⼒して頑張りましたが、失敗しました。,ざんねんなことに、どりょくしてがんばりましたが、しっぱいしました。,I tried my best effort but unfortunately I failed.
3469,58,ことに,,ことに,emphasize speaker's feelings; to my Verb (た form),N2,132,3,幸いなことに、やっと⾃分の好きな⼈と結婚できました。,さいわいなことに、やっとじぶんのすきなひととけっこんできました。,"Fortunately, I finally married the person i love."
3470,58,ことに,,ことに,emphasize speaker's feelings; to my Verb (た form),N2,132,4,不幸なことに友⼈の⺟が亡くなったのです。,ふこうなことにゆうじんのははがなくなったのです。,Sadly my good friend's mother passed away.
3471,58,ことに,,ことに,emphasize speaker's feelings; to my Verb (た form),N2,132,5,嬉しいことに４⽉から、給料が１割りほど上がる。,うれしいことに４がつから、きゅうりょうが１わりほどあがる。,I'm happy that my salary will increase by 10% from April.
3472,58,ことに,,ことに,emphasize speaker's feelings; to my Verb (た form),N2,132,6,残念なことに、ポケットの⽳から全部のお釣りを落としてしまいました。,ざんねんなことに、ポケットのあなからぜんぶのおつりをおとしてしまいました。,"Unfortunately, I've lost all of my change from a hole in my pocket."
3473,58,ことに,,ことに,emphasize speaker's feelings; to my Verb (た form),N2,132,7,悲しいことに、彼の夢は実現しませんでした。,かなしいことに、かれのゆめはじつげんしませんでした。,"To my sadness, his dream did not come true."
3474,59,ことにはならない,,ことにはならない,"just because… doesn’t mean~ Verb (casual, past) + (とい",N2,134,1,でも、どうやらそんなことにはならないようです。,でも、どうやらそんなことにはならないようです。,But this did not seem likely to happen.
3475,59,ことにはならない,,ことにはならない,"just because… doesn’t mean~ Verb (casual, past) + (とい",N2,134,2,彼が絵が好きだからといって絵がうまいということにはならない。,かれがえがすきだからといってえがうまいということにはならない。,Just because he likes painting does not mean that he paints well.
3476,59,ことにはならない,,ことにはならない,"just because… doesn’t mean~ Verb (casual, past) + (とい",N2,134,3,彼⼥は貧しいからといって不幸だということにはならない。,かのじょはまずしいからといってふこうだということにはならない。,Just because she’s poor does not mean that she is unhappy.
3477,59,ことにはならない,,ことにはならない,"just because… doesn’t mean~ Verb (casual, past) + (とい",N2,134,4,他⼈が悪い事をしているからといって⾃分もそうしてよいということにはなら,ない。 たにんがわるいことをしているからといってじぶんもそうしてよいということにはな らない。,Just because someone else is doing something bad does not mean it's OK for you to do it too.
3478,59,ことにはならない,,ことにはならない,"just because… doesn’t mean~ Verb (casual, past) + (とい",N2,134,5,本やインターネットの資料を写しただけではレポートを書いたことにはならな,い。 ほんやインターネットのしりょうをうつしただけではレポートをかいたことにはなら ない。,Just because you copied text from the internet or books doesn’t mean that you’ve written a report.
3479,59,ことにはならない,,ことにはならない,"just because… doesn’t mean~ Verb (casual, past) + (とい",N2,134,6,彼⼥が貧しいからと⾔って不正直だと⾔うことにはならない。,かのじょがまずしいからといってふしょうじきだということにはならない。,"Just because she is poor, it does not mean that she is dishonest."
3480,59,ことにはならない,,ことにはならない,"just because… doesn’t mean~ Verb (casual, past) + (とい",N2,134,7,汚い⼿段を使わないからといって、使えないということにはならない。,きたないしゅだんをつかわないからといって、つかえないということにはならない。,Just because someone doesn’t use dirty tricks doesn’t mean he can’t.
3481,59,ことにはならない,,ことにはならない,"just because… doesn’t mean~ Verb (casual, past) + (とい",N2,134,8,体重が減っても体脂肪が増えているならダイエットに成功したことにはならな,い。 たいじゅうがへってもたいしぼうがふえているならダイエットにせいこうしたことに はならない。,"Even if you've lost weight, if your body fat is increasing that doesn't mean you’ve had a successful diet."
3482,60,くせして,,くせして,although~; despite the fact that~; even Verb (dictionary form),N2,136,1,⼤学⽣のくせして、そんなことも知らないの。,だいがくのくせして、そんなこともしらないの。,"Even though you are a university student, you don't know that?"
3483,60,くせして,,くせして,although~; despite the fact that~; even Verb (dictionary form),N2,136,2,彼は歌が下⼿なくせして、いつもカラオケに⾏きたがる。,かれはうたがへたなくせして、いつもカラオケにいきたがる。,"Despite being bad at singing, he always wants to go to do karaoke."
3484,60,くせして,,くせして,although~; despite the fact that~; even Verb (dictionary form),N2,136,3,彼は⼤きな体のくせして、本当に⼒がないんだね。,かれはおおきなからだのくせして、ほんとうにちからがないんだね。,"Despite having a large body, he doesn't really have any power."
3485,60,くせして,,くせして,although~; despite the fact that~; even Verb (dictionary form),N2,136,4,何も知らないくせして、知っているようなことを⾔う。,なにもしらないくせして、しっているようなことをいう。,"Even though you don't know anything, you talk as though you do."
3486,60,くせして,,くせして,although~; despite the fact that~; even Verb (dictionary form),N2,136,5,彼⼥はおかしいだね。好きなくせして、嫌いだと⾔っている。,かのじょはおかしいだね。すきなくせして、きらいだといっている。,She is a bit strange. Even though she likes him she says that she hates him.
3487,60,くせして,,くせして,although~; despite the fact that~; even Verb (dictionary form),N2,136,6,他⼈の悪い⼝ばかりを⾔うもんじゃないよ、⾃分は何も出来ないくせして。,たにんのわるいくちばかりをいうもんじゃないよ、じぶんはなにもできないくせし て。,"You shouldn't be just saying bad things about others, especially when you can't do anything yourself."
3488,60,くせして,,くせして,although~; despite the fact that~; even Verb (dictionary form),N2,136,7,先⽣のくせしてこんな簡単な漢字も読めないなんて、あり得ない。,せんせいのくせしてこんなかんたんなかんじもよめないなんて、ありえない。,"Despite being a teacher, it's unbelievable that you are not able to read such an easy kanji character."
3489,60,くせして,,くせして,although~; despite the fact that~; even Verb (dictionary form),N2,136,8,彼は、俺よりJLPTのレベルが低いくせして、なんで俺より話すのがうまいだろ,う。 かれは、おれよりJLPTのレベルがひくいくせして、なんでおれよりはなすのがうまい だろう。,"He has a lower JLPT level than me, so why is he better at speaking than me?"
3490,61,まだしも,,まだしも,rather; better ~ Noun + なら,N2,138,1,⼀度だけならまだしも、⼆度も失敗してしまった。,いちどだけならまだしも、にどもしっぱいしてしまった。,"It would be alright if I only messed up once, but I failed twice.."
3491,61,まだしも,,まだしも,rather; better ~ Noun + なら,N2,138,2,あの⼈、wordやexcelが使えないのはまだしも、メールもできないらしいよ。,あのひと、wordやexcelがつかえないのはまだしも、メールもできないらしいよ。,"It's one thing that they don't know how to use word and excel, but apparently they don't even know how to use email."
3492,61,まだしも,,まだしも,rather; better ~ Noun + なら,N2,138,3,僕の英語⼒では、旅⾏はまだしも、留学なんて無理です。,ぼくのえいごりょくでは、りょこうはまだしも、りゅうがくなんてむりです。,"With my English ability, I can handle a bit of traveling, but studying abroad is out of the question."
3493,61,まだしも,,まだしも,rather; better ~ Noun + なら,N2,138,4,数分ならまだしも、30分も待ってません。,すうふんならまだしも、さんじゅうぷんもまっていません。,"I'm alright waiting a few minutes, but 30 minutes is unacceptable."
3494,61,まだしも,,まだしも,rather; better ~ Noun + なら,N2,138,5,50年前ならまだしも、今そんなことを信じてる⼈はいません。,ごじゅうねんまえならまだしも、いまそんなことをしんじているひとはいません。,"If it were 50 years ago, someone may believe you, but no one is going to believe that story now."
3495,61,まだしも,,まだしも,rather; better ~ Noun + なら,N2,138,6,数⽇ならまだしも、10⽇間も滞納しています。,すうじつならまだしも、とおかかんもたいのうしています。,"It would be alright if it were just a few days, but you are currently 10 days behind on your payment."
3496,61,まだしも,,まだしも,rather; better ~ Noun + なら,N2,138,7,⽂句を⾔うだけならまだしも、⼥性に暴⼒を振るうのは絶対にいけません。,もんくをいうだけならまだしも、じょせいにぼうりょくをふるうのはぜったいにいけ ません。,"It's one thing to voice a complaint, but violence against women is absolutely not OK."
3497,62,まい,,まい,will not; will probably not; intend not to; U-verb (dictionary form),N2,140,1,あんなところは⼆度と⾏くまい。,あんなところはにどといくまい。,I'll never go to such a place again.
3498,62,まい,,まい,will not; will probably not; intend not to; U-verb (dictionary form),N2,140,2,彼はそう簡単に態度を変えるまい。,かれはそうかんたんにたいどをかえるまい。,He won't be able to change his behavior that easily.
3499,62,まい,,まい,will not; will probably not; intend not to; U-verb (dictionary form),N2,140,3,すべてが終わった。あの⼆⼈は⼆度と会うことはあるまい。,すべてがおわった。あのふたりはにどとあうことはあるまい。,Everything is over. Those 2 will probably never meet again.
3500,62,まい,,まい,will not; will probably not; intend not to; U-verb (dictionary form),N2,140,4,信⽤していた親友が僕の秘密をもらした。絶対に許すまい。,しんようしていたしんゆうがぼくのひみつをもらした。ぜったいにゆるすまい。,My good friend whom I trusted let my secret out. There's no way I can forgive them..
3501,62,まい,,まい,will not; will probably not; intend not to; U-verb (dictionary form),N2,140,5,その時私がどれほど苦しかったかは、誰にも分るまい。,そのときわたしがどれほどくるしかったかは、だれにもわかるまい。,Nobody could possibly understand how much I was suffering at that time.
3502,62,まい,,まい,will not; will probably not; intend not to; U-verb (dictionary form),N2,140,6,⾃分の⽬で確かめない限り、そんな恐ろしいことは誰も信じまい。,じぶんのめでたしかめないかぎり、そんなおそろしいことはだれもしんじまい。,"Without seeing it with one's own eyes, there's no way anyone will believe such a thing."
3503,62,まい,,まい,will not; will probably not; intend not to; U-verb (dictionary form),N2,140,7,もう⼆度とお酒は飲むまいと思ったんですが、その⽇はちょっと飲んでしまっ,たんです。 もうにどとおさけはのむまいとおもったんですが、そのひはちょっとのんでしまった んです。,"I thought I would never drink alcohol again, but on that day I ended up drinking a bit.."
3504,63,ままに,,ままに,"as, to do as~ Verb (dictionary form) +（が）",N2,142,1,今のままにしておこう。,いまのままにしておこう。,Let's leave this as is.
3505,63,ままに,,ままに,"as, to do as~ Verb (dictionary form) +（が）",N2,142,2,思うままにどうぞ意⾒を⾔ってください。,おもうままにどうぞいけんをいってください。,Please tell me your honest opinion.
3506,63,ままに,,ままに,"as, to do as~ Verb (dictionary form) +（が）",N2,142,3,上司に命令されるままに⾏動していただけだ。,じょうしにめいれいされるままにこうどうしていただけだ。,I just acted as directed by my boss.
3507,63,ままに,,ままに,"as, to do as~ Verb (dictionary form) +（が）",N2,142,4,感想を思うままにアンケートに書いてください。,かんそうをおもうままにアンケートにかいてください。,Please fill in the questionnaire as you like.
3508,63,ままに,,ままに,"as, to do as~ Verb (dictionary form) +（が）",N2,142,5,⼀⽇⼀⽇を、思うがままに⽣きたい。,いちにちいちにちを、おもうがままにいきたい。,I want to live each and everyday to my heart's content.
3509,63,ままに,,ままに,"as, to do as~ Verb (dictionary form) +（が）",N2,142,6,セールスマンに⾔われるまま、契約書にサインをしてしまった。,セールスマンにいわれるまま、けいやくしょにサインをしてしまった。,I signed the contract as I was told by the salesman.
3510,63,ままに,,ままに,"as, to do as~ Verb (dictionary form) +（が）",N2,142,7,特に好きなデザインがなかったから、店員に勧められるままに靴を買ってしま,った。 とくにすきなデザインがなかったから、てんいんにすすめられるままにくつをかって しまった。,"I didn't really have a favorite design, so I bought the shoes as recommended by the clerk."
3511,63,ままに,,ままに,"as, to do as~ Verb (dictionary form) +（が）",N2,142,8,あるがままに物事を⾒るようにしなさい。,あるがままにものごとをみるようにしなさい。,Try to see things as they are.
3512,64,全く〜ない,まったく〜ない,全く〜ない (まったく〜ない),not at all~ まったく Verb (ない form),N2,144,1,全く漢字が書けない。,まったくかんじがかけない。,I cannot write kanji at all.
3513,64,全く〜ない,まったく〜ない,全く〜ない (まったく〜ない),not at all~ まったく Verb (ない form),N2,144,2,今⽇は全く⾵がない。,きょうはまったくかぜがない。,There is no wind today.
3514,64,全く〜ない,まったく〜ない,全く〜ない (まったく〜ない),not at all~ まったく Verb (ない form),N2,144,3,私は彼の⾔うことがまったく理解できない。,わたしはかれのいうことがまったくりかいできない。,I can't understand what he says at all.
3515,64,全く〜ない,まったく〜ない,全く〜ない (まったく〜ない),not at all~ まったく Verb (ない form),N2,144,4,彼が怒っている理由は、私にはまったくわからない。,かれがおこっているりゆうは、わたしにはまったくわからない。,I have no idea why he is angry.
3516,64,全く〜ない,まったく〜ない,全く〜ない (まったく〜ない),not at all~ まったく Verb (ない form),N2,144,5,もしかしたら彼とはまったく関係がないかもしれない。,もしかしたらかれとはまったくかんけいがないかもしれない。,Maybe this hasn’t got anything to do with him at all.
3517,64,全く〜ない,まったく〜ない,全く〜ない (まったく〜ない),not at all~ まったく Verb (ない form),N2,144,6,私の彼⽒は、野球にはまったく興味がない。,わたしのかれしは、やきゅうにはまったくきょうみがない。,My boyfriend is not interested in baseball at all.
3518,64,全く〜ない,まったく〜ない,全く〜ない (まったく〜ない),not at all~ まったく Verb (ない form),N2,144,7,彼は強いです。どれだけ酒を飲んでも、まったく酔いがまわらなかった。,かれはつよいです。どれだけさけをのんでも、まったくよいがまわらなかった。,"He is a really strong drinker. No matter how much he drank, he didn't get drunk at all."
3519,64,全く〜ない,まったく〜ない,全く〜ない (まったく〜ない),not at all~ まったく Verb (ない form),N2,144,8,今の⽣活が⼤変で、将来のことはまったく考えられない。,いまのせいかつがたいへんで、しょうらいのことはまったくかんがえられない。,Life now is very difficult and I have no time to think about the future.
3520,64,全く〜ない,まったく〜ない,全く〜ない (まったく〜ない),not at all~ まったく Verb (ない form),N2,144,9,彼らは初級クラスだが、全くの初⼼者ではない。,かれらはしょきゅうクラスだが、まったくのしょしんしゃではない。,"They are in the beginner class, but they are no beginners."
3521,65,もかまわず,,もかまわず,without caring; without worrying about~ Verb (casual) + (の),N2,146,1,彼⼥は服が汚れるのもかまわず、公園で⽝と遊んでいる。,かのじょはふくがよごれるのもかまらず、こうえんでいぬとあそんでいる。,She played in the park with her dog without worrying about her clothes getting dirty.
3522,65,もかまわず,,もかまわず,without caring; without worrying about~ Verb (casual) + (の),N2,146,2,あの男は⼈⽬もかまわず、電⾞の中で弁当を⾷べている。,あのおとこはひとめもかまわず、でんしゃのなかでべんとうをたべている。,That man is eating his lunch box on the train without worrying about being looked at.
3523,65,もかまわず,,もかまわず,without caring; without worrying about~ Verb (casual) + (の),N2,146,3,あの⼆⼈は、みんなが⾒ているのもかまわず、キスをした。,あのふたりは、みんながみているのもかまわず、キスをした。,Those 2 kissed without worrying about everyone watching.
3524,65,もかまわず,,もかまわず,without caring; without worrying about~ Verb (casual) + (の),N2,146,4,彼は値段もかまわず、好きな料理をどんどん注⽂した。,かれはねだんもかまわず、すきなりょうりをどんどんちゅうもんした。,He ordered all of the food he likes without worrying about the price.
3525,65,もかまわず,,もかまわず,without caring; without worrying about~ Verb (casual) + (の),N2,146,5,病院であるのもかまわず、あの⼥性は携帯電話で⼤きな声で話している。,びょういんであるのもかまわず、あのじょせいはけいたいでんわでおおきなこえでは なしている。,"Without worrying about being in a hospital, that lady talked loudly on her phone."
3526,65,もかまわず,,もかまわず,without caring; without worrying about~ Verb (casual) + (の),N2,146,6,隣の⼈たちは近所の⼈の迷惑もかまわず毎晩遅くまで騒いでいる。,となりのひとたちはきんじょのひとのめいわくもかまわずまいばんおそくまでさわい でいる。,The people next door don’t care about causing trouble to others. They make noise until late at night every day.
3527,65,もかまわず,,もかまわず,without caring; without worrying about~ Verb (casual) + (の),N2,146,7,最近、電⾞の中で、⼈⽬もかまわず化粧をしている若い⼥性をよく⾒かける。,さいきん、でんしゃのなかで、ひとめもかまわずけしょうをしているわかいじょせい をよくみかける。,"Lately, I see a lot of young girls doing their makeup on the train without worrying about being looked at."
3528,65,もかまわず,,もかまわず,without caring; without worrying about~ Verb (casual) + (の),N2,146,8,⾬が降っていたが、ナナさんは濡れるのもかまわず⾛って帰ってしまった。,あめがふっていたが、ナナさんはぬれるのもかまわずはしってかえってしまった。,"Although it was raining, Nana ran home without worrying about getting wet."
3529,66,も当然だ,もとうぜんだ,も当然だ (もとうぜんだ),it’s only natural; no wonder; might as well~ Verb (casual) + の,N2,148,1,彼⼥は美⼈で優しい⼈だから、みんなが好きになるのも当然だ。,かのじょはびじんでやさしいひとだから、みんながすきになるのもとうぜんだ。,"She is beautiful and kind, so it's only natural that everyone likes her."
3530,66,も当然だ,もとうぜんだ,も当然だ (もとうぜんだ),it’s only natural; no wonder; might as well~ Verb (casual) + の,N2,148,2,相⼿のチームが弱いだから、試合を勝つのも当然だ。,あいてのチームがよわいだから、しあいをかつのもとうぜんだ。,The other team is weak so of course we will win the match.
3531,66,も当然だ,もとうぜんだ,も当然だ (もとうぜんだ),it’s only natural; no wonder; might as well~ Verb (casual) + の,N2,148,3,このパソコンの機能がよいから⾼い値段で売られるのも当然だ。,このパソコンのきのうがよいからたかいねだんでうられるのもとうぜんだ。,"This computer has good functionality, so it's no wonder why it is sold at a high price."
3532,66,も当然だ,もとうぜんだ,も当然だ (もとうぜんだ),it’s only natural; no wonder; might as well~ Verb (casual) + の,N2,148,4,彼はあんなひどいことを⾔ったから、彼⼥が怒るのも当然だ。,かれはあんなひどいことをいったから、かのじょがおこるのもとうぜんだ。,It's only natural that she would be upset after he said such a horrible thing.
3533,66,も当然だ,もとうぜんだ,も当然だ (もとうぜんだ),it’s only natural; no wonder; might as well~ Verb (casual) + の,N2,148,5,彼の息⼦は全国⼤会で優勝したから、⾃慢するのも当然だ。,かれのむすこはぜんこくたいかいでゆうしょうしたから、じまんするのもとうぜん だ。,"His son won the national competition, so it's only natural for him to brag about it."
3534,66,も当然だ,もとうぜんだ,も当然だ (もとうぜんだ),it’s only natural; no wonder; might as well~ Verb (casual) + の,N2,148,6,彼が、お⽗さんのことを誇りにしているのも当然だ。,かれが、おとうさんのことをほこりにしているのもとうぜんだ。,It's only natural for him to be proud of his father.
3535,66,も当然だ,もとうぜんだ,も当然だ (もとうぜんだ),it’s only natural; no wonder; might as well~ Verb (casual) + の,N2,148,7,彼が試験に落ちても当然だ。ちっとも勉強しないんだから。,かれがしけんにおちてもとうぜんだ。ちっともべんきょうしないんだから。,"It'll serve him right if he fails the exam, he doesn't study at all."
3536,66,も当然だ,もとうぜんだ,も当然だ (もとうぜんだ),it’s only natural; no wonder; might as well~ Verb (casual) + の,N2,148,8,⼤事な書類をなくしたから、上司に叱られるのも当然だ。,だいじなしょるいをなくしたから、じょうしにしかられるのもとうぜんだ。,I lost some important documents so I can’t blame my boss for scolding me.
3537,66,も当然だ,もとうぜんだ,も当然だ (もとうぜんだ),it’s only natural; no wonder; might as well~ Verb (casual) + の,N2,148,9,1週間も⽔をあげなかったから、花が枯れてしまうのも当然だ。,1しゅうかんもみずをあげなかったから、はながかれてしまうのもとうぜんだ。,"Since I didn't water them for a week, it's no surprise that the flowers died."
3538,67,もの もん,,もの もん,because; indicates reason/ excuse/ Verb (casual) +（んだ）,N2,150,1,今⽇は早く帰ってきたんです。体調がよくないんだもの。,きょうははやくかえってきたんです。たいちょうがよくないんだもの。,I came home early today because I don't feel well
3539,67,もの もん,,もの もん,because; indicates reason/ excuse/ Verb (casual) +（んだ）,N2,150,4,⾼いんですもの、買えません。,たかいんですもの、かえません。,"It's too expensive, so I cannot buy it."
3540,67,もの もん,,もの もん,because; indicates reason/ excuse/ Verb (casual) +（んだ）,N2,150,5,今⽇の試験はダメだった。勉強しなかったんだもん、仕⽅がない。,きょうのしけんはダメだった。べんきょうしなかったんだもん。しかたがない。,"Today's test was no good. I didn't study for it though, so it can't be helped."
3541,67,もの もん,,もの もん,because; indicates reason/ excuse/ Verb (casual) +（んだ）,N2,150,6,私何も話すことなんかありませんよ。だって何も知らないんですもの。,わたしなにもはなすことなんかありませんよ。だってなにもしらないんですもの。,"I have nothing to say. I mean, I don't even know anything.."
3542,67,もの もん,,もの もん,because; indicates reason/ excuse/ Verb (casual) +（んだ）,N2,150,7,どんなものにでも⽂句をつける⼈はいるものよ。,どんなものにでももんくをつけるひとはいるものよ。,You can always find somebody to complain about anything.
3543,67,もの もん,,もの もん,because; indicates reason/ excuse/ Verb (casual) +（んだ）,N2,150,9,謝ることはないよ。君が悪いわけじゃないんだもの。,あやまることはないよ。きみがわるいわけじゃないんだもの。,There's no need to apologize. You didn't do anything wrong.
3544,68,ものだ,,ものだ,describe feeling; express memories; state fact Verb (dictionary form),N2,153,1,⼈は誰でも間違いをするものだ。,ひとはだれでもまちがいをするものだ。,Everybody makes mistakes.
3545,68,ものだ,,ものだ,describe feeling; express memories; state fact Verb (dictionary form),N2,153,2,⼈は⾒かけでは分からないものだ。,ひとはみかけではわからないものだ。,People cannot be understood by just their outward appearance.
3546,68,ものだ,,ものだ,describe feeling; express memories; state fact Verb (dictionary form),N2,153,3,⼈は誰でも失敗するものです。,ひとはだれでもしっぱいするものです。,Everybody experiences failure.
3547,68,ものだ,,ものだ,describe feeling; express memories; state fact Verb (dictionary form),N2,153,4,たくさん運動したら疲れるものです。,たくさんうんどうしたらつかれるものです。,Working out a lot will naturally make one tired.
3548,68,ものだ,,ものだ,describe feeling; express memories; state fact Verb (dictionary form),N2,153,5,⼦供は早く寝るもんだよ。,こどもははやくねるもんだよ。,Children must go to bed early.
3549,68,ものだ,,ものだ,describe feeling; express memories; state fact Verb (dictionary form),N2,153,6,⼈の悪⼝は⾔うものじゃない。,ひとのわるぐちはいうものじゃない。,One should not say bad things of others.
3550,68,ものだ,,ものだ,describe feeling; express memories; state fact Verb (dictionary form),N2,153,7,お年寄りには優しくするものだ。,おとしよりにはやさしくするものだ。,One should be kind to their elders.
3551,68,ものだ,,ものだ,describe feeling; express memories; state fact Verb (dictionary form),N2,153,8,知らない⼈を簡単に信じるもんじゃないよ。,しらないひとをかんたんにしんじるもんじゃないよ。,You shouldn't easily trust people you don't know.
3552,69,ものだから,,ものだから,so; therefore; the reason for something Verb (casual),N2,156,1,⽬覚まし時計が壊れたものだから、遅刻してしまった。,めざましどけいがこわれたものだから、ちこくしてしまった。,"My alarm clock broke, so I was late."
3553,69,ものだから,,ものだから,so; therefore; the reason for something Verb (casual),N2,156,2,すみません、⾵邪を引いてしまったものですから、今⽇は⽋席です。,すみません、かぜをひいてしまったものですから、きょうはけっせきです。,"Sorry, I caught a cold and so I will be absent today."
3554,69,ものだから,,ものだから,so; therefore; the reason for something Verb (casual),N2,156,3,上着を着たままですみません。寒いものだから。,うわぎをきたままですみません。さむいものだから。,"I'm sorry for wearing my jacket, but I'm a bit cold.."
3555,69,ものだから,,ものだから,so; therefore; the reason for something Verb (casual),N2,156,4,すみません。お酒は苦⼿なものですから。,すみません。おさけはにがてなものですから。,"My apologies, I am not very good with alcohol."
3556,69,ものだから,,ものだから,so; therefore; the reason for something Verb (casual),N2,156,5,⼀⼈っ⼦なものだからわがままに育ててしまいました。,ひとりっこなものだからわがままにそだててしまいました。,I'm an only child so I grew up a little bit selfish
3557,69,ものだから,,ものだから,so; therefore; the reason for something Verb (casual),N2,156,6,遅くなってごめんなさい。道路が混んでいたものだから。,おそくなってごめんなさい。どうろがこんでいたものだから。,I'm sorry for being late. Traffic was really bad..
3558,69,ものだから,,ものだから,so; therefore; the reason for something Verb (casual),N2,156,7,上着を脱いでもいいですか︖熱いものですから。,うわぎをぬいでもいいですか︖あついものですから。,Is it alright if I take off my jacket? I feel really hot.
3559,69,ものだから,,ものだから,so; therefore; the reason for something Verb (casual),N2,156,8,私の変わりにこれをしていただけませんか。私は⼤変に忙しいものですから。,わたしのかわりにこれをしていただけませんか。わたしはたいへんにいそがしいもの ですから。,Could you please do this on my behalf? I'm too busy to do it myself..
3560,70,ものではない,,ものではない,"shouldn’t do something; it’s impossible to~ Verb (casual, past) ものではない",N2,158,1,何が起こるかわかったものではない。,なにがおこるかわかったものではない。,There is no knowing what will happen.
3561,70,ものではない,,ものではない,"shouldn’t do something; it’s impossible to~ Verb (casual, past) ものではない",N2,158,2,⽬上の⼈にそんな⾔い⽅をするものではない。,めうえのひとにそんないいかたをするものではない。,You should't talk that way to your superiors/seniors.
3562,70,ものではない,,ものではない,"shouldn’t do something; it’s impossible to~ Verb (casual, past) ものではない",N2,158,3,⼝の中に物を⼊れたまましゃべるものではない。,くちのなかにものをいれたまましゃべるものではない。,You shouldn’t speak with your mouth full.
3563,70,ものではない,,ものではない,"shouldn’t do something; it’s impossible to~ Verb (casual, past) ものではない",N2,158,4,⼩さい⼦を⼀⼈で遠くに遊びに⾏かせるものではない。,ちいさいこをひとりでとおくにあそびにいかせるものではない。,We shouldn’t let little kids play far from home.
3564,70,ものではない,,ものではない,"shouldn’t do something; it’s impossible to~ Verb (casual, past) ものではない",N2,158,5,こんな料理、お客さんに出せたものではないよ。もっと練習しなさい。,こんなりょうり、おきゃくさんにだせたものではないよ。もっとれんしゅうしなさ い。,Food like this should not have been served to customers. Make sure to practice more!
3565,70,ものではない,,ものではない,"shouldn’t do something; it’s impossible to~ Verb (casual, past) ものではない",N2,158,6,借りた本に書き込むをするものではない。,かりたほんにかきこむをするものではない。,You shouldn't write inside a borrowed book.
3566,70,ものではない,,ものではない,"shouldn’t do something; it’s impossible to~ Verb (casual, past) ものではない",N2,158,7,無駄遣いをするものではない。お⾦は⼤切にするものだ。,むだづかいをするものではない。おかねはたいせつにするものだ。,You shouldn't waste your money away. Money should be used with caution.
3567,70,ものではない,,ものではない,"shouldn’t do something; it’s impossible to~ Verb (casual, past) ものではない",N2,158,8,こんな難しい宿題、学⽣はできたものではないよ。,こんなむずかしいもんだい、がくせいはできたものではないよ。,It's impossible for the students to do this kind of difficult homework.
3568,70,ものではない,,ものではない,"shouldn’t do something; it’s impossible to~ Verb (casual, past) ものではない",N2,158,9,外は⼤⾬が降っていて、傘を持っていないので、家に帰られたものではない。,そとはおおあめがふっていて、かさをもっていないので、いえにかえられたものでは ない。,"There's heavy rain outside and I've forgot my umbrella, so I cannot return home."
3569,71,ものがある,,ものがある,there is such a thing; to be the case that ; feels Verb (dictionary form),N2,160,1,彼の話にはどこか納得できないものがある。,かれのはなしにはどこかなっとくできないものがある。,There’s something unconvincing about his story.
3570,71,ものがある,,ものがある,there is such a thing; to be the case that ; feels Verb (dictionary form),N2,160,2,社⻑の⾔葉には、こころに響くものがある。この会社を成⻑させるために、も,っと頑張りたい。 しゃちょうのことばには、こころにひびくものがある。このかいしゃをせいちょうさ せるために、もっとがんばりたい。,There's something that resounds from the company president's words and that makes me want to work harder to help the company's growth.
3571,71,ものがある,,ものがある,there is such a thing; to be the case that ; feels Verb (dictionary form),N2,160,3,確かに、⼀⼈で受付と司会をやるのは厳しいものがある。,たしかに、ひとりでうけつけとしかいをやるのはきびしいものがある。,Certainly it is quite difficult to both lead the meeting and run reception all alone.
3572,71,ものがある,,ものがある,there is such a thing; to be the case that ; feels Verb (dictionary form),N2,160,4,こんなに古いパソコンで仕事をするのは、かなりきついものがある。新しいパ,ソコンにしてもらいたい。 こんなにふるいパソコンでしごとをするのは、かなりきついものがある。あたらしい パソコンにしてもらいたい。,It feels quite difficult to be working on an old computer like this. I wish they'd upgrade it to a new computer.
3573,71,ものがある,,ものがある,there is such a thing; to be the case that ; feels Verb (dictionary form),N2,160,5,こんなに悪いことが続くと、何かこわいものがある。今年は運が悪いのかも。,こんなにわるいことがつづくと、なにかこわいものがある。ことしはうんがわるいの かも。,There is something dreadful about bad things happening continually like this. My luck might be not so good this year..
3574,71,ものがある,,ものがある,there is such a thing; to be the case that ; feels Verb (dictionary form),N2,160,6,⾃分の⼦供が、今年もう20歳になるのか。感慨深いものがあるな。,じぶんのこどもが、ことしもう20さいになるのか。かんがいぶかいものがあるな。,My child is already turning 20 this year? There's something really emotional about this..
3575,71,ものがある,,ものがある,there is such a thing; to be the case that ; feels Verb (dictionary form),N2,160,7,いつも来ていたこの店がなくなると思うと、さびしいものがある。,いつもきていたこのみせがなくなるとおもうと、さびしいものがある。,There's something sad about thinking about that this shop I've always visited will be closing down.
3576,71,ものがある,,ものがある,there is such a thing; to be the case that ; feels Verb (dictionary form),N2,160,8,電⾞が苦⼿なのに、満員電⾞に乗らなければいけないとは、なかなかつらいも,のがある。 でんしゃがにがてなのに、まんいんでんしゃにのらなければいけないとは、なかなか つらいものがある。,There's something pretty rough about having to ride the train during rush our when one is already not good with riding trains.
3577,72,ものか もんか,,ものか もんか,as if (something untrue were actually true); Verb (dictionary form),N2,162,1,あんな所へ誰が⾏くものか。,あんなところへだれがいくものか。,Who would think of going there?
3578,72,ものか もんか,,ものか もんか,as if (something untrue were actually true); Verb (dictionary form),N2,162,2,そんな事知るものか。,そんなことしるものか。,How in the world should I know?
3579,72,ものか もんか,,ものか もんか,as if (something untrue were actually true); Verb (dictionary form),N2,162,3,私の気持ちがあなたに分かるものか。,わたしのきもちがあなたにわかるものか。,As if you could understand my feelings.
3580,72,ものか もんか,,ものか もんか,as if (something untrue were actually true); Verb (dictionary form),N2,162,4,こんなにたくさんの仕事、明⽇までに終わるものか。,こんなにたくさんのしごと、あしたまでにおわるものか。,"With this much work to do, there's no way it will be finished by tomorrow."
3581,72,ものか もんか,,ものか もんか,as if (something untrue were actually true); Verb (dictionary form),N2,162,5,店員の態度は悪いし、料理は美味しくないし、こんな店⼆度と来るものか。,てんいんのたいどはわるいし、りょうりはおいしくないし、こんなみせにどとくるも のか。,"The staff's attitude is bad and the food isn't good, there's no way I'm coming to this place ever again."
3582,72,ものか もんか,,ものか もんか,as if (something untrue were actually true); Verb (dictionary form),N2,162,6,⼈の⼼の秘密がどうしてわかるもんか。,ひとのこころのひみつがどうしてわかるもんか。,How could we possibly understand the secrets of the human heart.
3583,72,ものか もんか,,ものか もんか,as if (something untrue were actually true); Verb (dictionary form),N2,162,7,夏休みの遊園地は⼈が多いし、アトラクションには１時間待たなければならな,いこともあるし、絶対に⾏くものか。 なつやすみのゆうえんちはひとがおおいし、アトラクションには１じかんまたなけれ ばならないこともあるし、ぜったいにいくものか。,"During summer break, the asumement park is full of people and the lines for the attractions are over 1 hour. There's no way I'd go.."
3584,73,ものなら,,ものなら,"if I/we could; if [A] is possible, then [B]; if",N2,164,1,やれるもんなら、やってみろ。,やれるもんなら、やってみろ。,"If you can do it, let's see you try."
3585,73,ものなら,,ものなら,"if I/we could; if [A] is possible, then [B]; if",N2,164,2,⽌められるものなら⽌めてみるがよい。,とめられるものならとめてみるがよい。,Try and stop me if you can.
3586,73,ものなら,,ものなら,"if I/we could; if [A] is possible, then [B]; if",N2,164,3,やり直せるものならやり直したい。,やりなおせるものならやりなおしたい。,I wish I could start over.
3587,73,ものなら,,ものなら,"if I/we could; if [A] is possible, then [B]; if",N2,164,4,忘れられるものなら、忘れたいよ。,わすれられるものなら、わすれたいよ。,I wish I could forget it.
3588,73,ものなら,,ものなら,"if I/we could; if [A] is possible, then [B]; if",N2,164,5,彼らがやれるものならやらせてみろ。,かれらがやれるものならやらせてみろ。,Let them try it if they dare.
3589,73,ものなら,,ものなら,"if I/we could; if [A] is possible, then [B]; if",N2,164,6,⽣まれ変われるものなら、⿃になりたい。だって、空を⾶びたいんだもん。,うまれかわれるものなら、とりになりたい。だって、そらをとびたいんだもん。,"If I could be reborn, I'd want to be a bird. Then I could fly through the sky."
3590,73,ものなら,,ものなら,"if I/we could; if [A] is possible, then [B]; if",N2,164,7,帰れるものなら、今すぐ帰国したい。,かえれるものなら、いますぐきこくしたい。,"If I could, I would return to my home country right away."
3591,74,ものの,,ものの,but; although; even though~ Verb (casual),N2,166,1,秋であるものの、まだ暑い。,あきであるものの、まだあつい。,"Although it's fall, it is still hot."
3592,74,ものの,,ものの,but; although; even though~ Verb (casual),N2,166,2,申し込みはしたものの、試験を受けるかどうか未定です。,もうしこみはしたものの、しけんをうけるかどうかみていです。,"Although I applied to take the test, I'm not sure if I'll take it or not."
3593,74,ものの,,ものの,but; although; even though~ Verb (casual),N2,166,3,⾞の免許は持っているものの、ほとんど運転したことがありません。,くるまのめんきょはもっているものの、ほとんどうんてんしたことがありません。,"Although I have my driver's license, I have rarely ever driven."
3594,74,ものの,,ものの,but; although; even though~ Verb (casual),N2,166,4,買ったものの、使い⽅が分からない。,かったものの、つかいかたがわからない。,"Although I bought it, I don't know how to use it.."
3595,74,ものの,,ものの,but; although; even though~ Verb (casual),N2,166,5,⾦⽋ではあるものの、毎⽇美味しい⾷事を楽しんでいる。,きんけつではあるものの、まいにちおいしいしょくじをたのしんでいる。,"Although it's true I'm broke, every day I enjoy a delicious meal."
3596,74,ものの,,ものの,but; although; even though~ Verb (casual),N2,166,6,私のアパートは駅からはちょっと遠いものの、静かできれいな住宅街にある。,わたしのアパートはえきからはちょっとおいものの、しずかできれいなじゅうたくが いにある。,"My apartment may be far from the station, but it is in a very quiet and beautiful neighborhood."
3597,74,ものの,,ものの,but; although; even though~ Verb (casual),N2,166,7,友⼈に勧められてスポーツジムの会員になったものの、ほとんど利⽤していな,い。 ゆうじんにすすめられてスポーツジムのかいいんになったものの、ほとんどりようし ていない。,"Although I joined a sports gym by my friend's recommendation, I've rarely used my membership."
3598,75,もっとも,,もっとも,but then; although; though~ もっとも phrase,N2,168,1,全員が参加しなければなりません。もっとも病気の場合は別です。,ぜんいんがさんかしなければなりません。もっともびょうきのばあいはべつです。,"Everyone must participate, unless you are sick."
3599,75,もっとも,,もっとも,but then; although; though~ もっとも phrase,N2,168,2,今回の失敗は⽥中さんの責任だ。もっとも、私たちも責任を⼀部持ちます。,こんかいのしっぱいはたなかさんのせきにんだ。もっとも、わたしたちもせきにんを いちぶもちます。,This failure is Mr. Tanaka's responsibility. Though really we all share some of the responsibility.
3600,75,もっとも,,もっとも,but then; although; though~ もっとも phrase,N2,168,3,検査の前夜から飲⾷禁⽌です。もっとも⽔は飲んでも構いません。,けんさのぜんやからいんしょくきんしです。もっともみずはのんでもかまいません。,"No food is allowed from the night before the physical exam, but you can drink water though."
3601,75,もっとも,,もっとも,but then; although; though~ もっとも phrase,N2,168,4,今年こそヨーロッパへ⾏きたいと思っています。もっとも休みが取れたらの話,ですが。 ことしこそヨーロッパへ⾏きたいとおもっています。もっともやすみがとれたらのは なしですが。,"I want to finally go to Europe this year, although that depends on if I can take some days off or not."
3602,75,もっとも,,もっとも,but then; although; though~ もっとも phrase,N2,168,5,今⽇の試合は私たちのチームが勝った。もっとも、次の試合はもっと難しいの,で無視にしないほうがいい。 きょうのしあいはわたしたちのチームがかった。もっとも、つぎのしあいはもっとむ ずかしいのでむしにしないほうがいい。,"Our team won today's match. Though our next match will be more difficult, so we can't ignore that."
3603,75,もっとも,,もっとも,but then; although; though~ もっとも phrase,N2,168,6,ウィキペディアに全部書いてあるよ。もっともこのサイトは完全には信⽤でき,ないけど。 ウィキペディアにぜんぶかいてあるよ。もっともこのサイトはかんぜんにはしんよう できないけど。,"It’s all on Wikipedia. Though, of course you can't trust everything on this site."
3604,75,もっとも,,もっとも,but then; although; though~ もっとも phrase,N2,168,7,関係ない⼈は書類をもらわないでください。もっとも、許可を持っている⼈が,もらえます。 かんけいないひとはしょるいをもらわないでください。もっとも、きょかをもってい るひとがもらえます。,"Please do not take the documents that do not relate to you. Although if you have permission, it is OK to take them."
3605,76,もう少しで,もうすこしで,もう少しで (もうすこしで),"almost; nearly, close to~ Verb (ます stem) +",N2,170,1,もう少しであの川でおぼれるところでした.,もうすこしであのかわでおぼれるところでした.,I almost drowned in that river.
3606,76,もう少しで,もうすこしで,もう少しで (もうすこしで),"almost; nearly, close to~ Verb (ます stem) +",N2,170,2,もう少しで、私は、終電に乗り遅れそうでした。,もうすこしで、わたしは、しゅうでんにのりおくれそうでした。,If I were just a little later then I would have missed the last train.
3607,76,もう少しで,もうすこしで,もう少しで (もうすこしで),"almost; nearly, close to~ Verb (ます stem) +",N2,170,3,彼は、バナナの⽪で滑り、もう少しで転ぶところだった。,かれは、バナナのかわですべり、もうすこしでころぶところだった。,He slipped on a banana peel and nearly fell.
3608,76,もう少しで,もうすこしで,もう少しで (もうすこしで),"almost; nearly, close to~ Verb (ます stem) +",N2,170,4,君はもう少しで私の⽬を鉛筆で突き刺すところだったよ。,きみはもうすこしでわたしのめをえんぴつでつきさすところだったよ。,You nearly poked me in the eye with your pencil.
3609,76,もう少しで,もうすこしで,もう少しで (もうすこしで),"almost; nearly, close to~ Verb (ます stem) +",N2,170,5,その話を聞いて、もう少しで泣くところだった。,そのはなしをきいて、もうすこしでなくところだった。,I was on the verge of tears when I heard that story.
3610,76,もう少しで,もうすこしで,もう少しで (もうすこしで),"almost; nearly, close to~ Verb (ます stem) +",N2,170,6,もう少しで⼤切な卒業論⽂をタクシーの中に忘れるところだった。,もうすこしでたいせつなそつぎょうろんぶんをタクシーのなかにわすれるところだっ た。,I almost left my precious graduation thesis in the taxi.
3611,76,もう少しで,もうすこしで,もう少しで (もうすこしで),"almost; nearly, close to~ Verb (ます stem) +",N2,170,7,私は道路を渡るときに、⼤型トラックにもう少しではねられそうになった。,わたしはどうろうをわたるときに、おおがたトラックにもうすこしではねられそうに なった。,A massive truck almost hit me as I crossed the street.
3612,77,ないではいられない,,ないではいられない,can’t help but feel; can’t help but do~ Verb (ない form) ではいられない,N2,172,1,試験の前だから、勉強しないではいられない。,しけんのまえだから、べんきょうしないではいられない。,"Because it's before the test, I can't help but to study."
3613,77,ないではいられない,,ないではいられない,can’t help but feel; can’t help but do~ Verb (ない form) ではいられない,N2,172,2,態度悪いの店員に、⼀⾔⽂句を⾔わないではいられない。,たいどわるいのてんいんに、ひとこともんくをいわないではいられない。,I can't help but to say something to staff with a bad attitude.
3614,77,ないではいられない,,ないではいられない,can’t help but feel; can’t help but do~ Verb (ない form) ではいられない,N2,172,3,友達がいじめられているところを⾒たので、何か⾔わないではいられなかっ,た。 ともだちがいじめられているところをみたので、なにかいわないではいられなかっ た。,I saw my friend getting bullied and couldn't help but say something.
3615,77,ないではいられない,,ないではいられない,can’t help but feel; can’t help but do~ Verb (ない form) ではいられない,N2,172,4,彼の真似を⾒るとおかしくて、笑わないではいられない。,かれのまねをみるとおかしくて、わらわないではいられない。,"Looking at his strange behavior, I can't help but to laugh."
3616,77,ないではいられない,,ないではいられない,can’t help but feel; can’t help but do~ Verb (ない form) ではいられない,N2,172,5,台⾵ の影響が⼼配で、畑を⾒に⾏かないではいられなかった。,たいふうのえいきょうがしんぱいで、はたけをみにいかないではいられなかった。,I was worried about the effects of the typhoon and couldn't help but go check on my fields.
3617,77,ないではいられない,,ないではいられない,can’t help but feel; can’t help but do~ Verb (ない form) ではいられない,N2,172,6,彼⼥はわからないことがあったら、辞書やインターネットですぐに調べないで,はいられない性格だ。 かのじょはわからないことがあったら、じしょやインターネットですぐにしらべない ではいられないせいかくだ。,"If there's anything she doesn't understand, she can't help but to look it up right away either by dictionary or on the internet."
3618,77,ないではいられない,,ないではいられない,can’t help but feel; can’t help but do~ Verb (ない form) ではいられない,N2,172,7,昨⽇、3時間しか寝てなかったから、新幹線の中では寝ないではいられなかっ,た。 きのう、3じかんしかねてなかったから、しんかんせんのなかではねないではいられな かった。,"Yesterday, I only got 3 hours of sleep and couldn't help but sleeping when I was on the Shinkansen."
3619,77,ないではいられない,,ないではいられない,can’t help but feel; can’t help but do~ Verb (ない form) ではいられない,N2,172,8,この店のカレーはとても⾟い。ちょっと⾷べたら、⽔を飲まないではいられな,い。 このみせのカレーはとてもからい。ちょっとたべたら、みずをのまないではいられな い。,This shop's curry is very spicy. Just from eating a little bit you can't help but to drink water.
3620,78,ないことには〜ない,,ないことには〜ない,unless you~ Verb (ない form),N2,174,1,彼が来ないことには、会議を始めることができない。,かれがこないことには、かいぎをはじめることができない。,"Unless he comes, we cannot start the meeting."
3621,78,ないことには〜ない,,ないことには〜ない,unless you~ Verb (ない form),N2,174,2,⼀⼝⾷べてみないことには、美味しいかどうかわかりません。,ひとくちたべてみないことには、おいしいかどうかわかりません。,"Unless you try a bite, you won't know if it tastes good or not."
3622,78,ないことには〜ない,,ないことには〜ない,unless you~ Verb (ない form),N2,174,3,病院へ⾒舞いに⾏かないことには、彼の病状は分からない。,びょういんへみまいにいかないことには、かれのびょうじょうはわからない。,I won’t know his current condition unless I go to the hospital to visit him.
3623,78,ないことには〜ない,,ないことには〜ない,unless you~ Verb (ない form),N2,174,4,両⽅の話を聞いてみないことには、ケンかの原因が分からないでしょう。,りょうほうのはなしをきいてみないことには、ケンかのげんいんがわからないでしょ う。,You won’t know the reason why they fought unless you hear both sides of the story.
3624,78,ないことには〜ない,,ないことには〜ない,unless you~ Verb (ない form),N2,174,5,実際に読まないことには、この⼩説のおもしろさはわからないだろう。,じっさいによまないことには、このしょうせつのおもしろさはわからないだろう。,You won’t understand why this novel is interesting unless you read it.
3625,78,ないことには〜ない,,ないことには〜ない,unless you~ Verb (ない form),N2,174,6,⽇本語がある程度できないことには、⽇本でアルバイトをするのは出来ない。,にほんごがあるていどできないことには、にほんでアルバイトをするのはできない。,You won't be able to work a part-time job in Japan unless you can understand some amount of Japanese.
3626,78,ないことには〜ない,,ないことには〜ない,unless you~ Verb (ない form),N2,174,7,実際に履いてみないことには、サイズが合うかどうかわかりませんし、似合う,かどうかもわかりません。 じっさいにはいてみないことには、サイズがあうかどうかわかりませんし、にあうか どうかもわかりません。,"Unless you actually try it on, you won't know if the size is a good fit or whether it suits you or not."
3627,78,ないことには〜ない,,ないことには〜ない,unless you~ Verb (ない form),N2,174,8,私の聞いた中では、今までで最⾼の演奏だった。,わたしのきいたなかでは、いままででさいこうのえんそうだった。,That was the best musical performance I’ve ever heard.
3628,79,なくはない,,なくはない,it’s not that; I may (double negative) Verb ない,N2,178,1,⾃信がなくはないが、ただちょっと緊張している。,じしんがなくはないが、ただちょっときんちょうしている。,"It’s not that I have no confidence, I’m just a little nervous."
3629,79,なくはない,,なくはない,it’s not that; I may (double negative) Verb ない,N2,178,2,息⼦は野菜を⾷べなくはないが、あまり好きではない。,むすこはやさいをたべなくはないが、あまりすきではない 。,"It’s not that my son doesn’t eat vegetables, he just doesn’t like them very much."
3630,79,なくはない,,なくはない,it’s not that; I may (double negative) Verb ない,N2,178,3,あなたの気持ちは分からなくはないが、ただその⾏為には賛成できない。,あなたのきもちはわからなくはないが、ただそのこういにはさんせいできない 。,"It’s not that I don’t understand how you feel, I just can’t agree with that kind of action."
3631,79,なくはない,,なくはない,it’s not that; I may (double negative) Verb ない,N2,178,4,仕事に不満はないけど、給料は安いし、時には転職を考えなくもない。,しごとにふまんはないけど、きゅうりょうはやすいし、ときにはてんしょくをかんが えなくもない。,"I don't have any dissatisfaction with this job, but the salary is low and I may eventually consider changing jobs."
3632,79,なくはない,,なくはない,it’s not that; I may (double negative) Verb ない,N2,178,5,⾷欲がなくはないが、もう少し後で私は⾷事をしたいです。,しょくよくがなくはないが、もうすこしあとでわたしはしょくじをしたい です。,It’s not that I do not have an appetite but I would like to eat a little bit later.
3633,79,なくはない,,なくはない,it’s not that; I may (double negative) Verb ない,N2,178,6,結婚するつもりはなくもないが、仕事が安定してからのほうがいいだろう。,けっこんするつもりはなくもないが、しごとがあんていしてからのほうがいいだろ う。,"It’s not that I don’t want to get married, I just think it's better to wait until I have a stable job."
3634,79,なくはない,,なくはない,it’s not that; I may (double negative) Verb ない,N2,178,7,バレーボールをできなくはないが、私がその試合でチームの勝利に貢献するの,は難しいだろう。 バレーボールをできなくはないが、わたしがそのしあいでチームのしょうりにこうけ んするのはむずかしいだろう。,"It’s not that I cannot play volleyball, but it would be difficult for me to contribute to the team's victory in that game."
3635,80,なくて済む,なくてすむ,なくて済む (なくてすむ),get by without doing~,N2,180,1,⺟が⾞で迎えに来てくれたので、歩かなくて済みました。,ははがくるまでむかえにきてくれたので、あるかなくてすみました。,My mother came to pick me up and so I didn't have to walk.
3636,80,なくて済む,なくてすむ,なくて済む (なくてすむ),get by without doing~,N2,180,2,amazonさえあれば外出しなくて済む。,amazonさえあればがいしゅつしなくて済む。,"As long as there is Amazon, we can get by without going outside."
3637,80,なくて済む,なくてすむ,なくて済む (なくてすむ),get by without doing~,N2,180,3,予約しておいたおかげで、待たなくて済みました。,よやくしておいたおかげで、またなくてすみました。,I didn't have to wait thanks to making a reservation.
3638,80,なくて済む,なくてすむ,なくて済む (なくてすむ),get by without doing~,N2,180,4,友達がおごってくれたのでお⾦を払わないで済みました。,ともだちがおごってくれたのでおかねをはらわないですみました。,"My friend treated me, so I didn't have to pay any money."
3639,80,なくて済む,なくてすむ,なくて済む (なくてすむ),get by without doing~,N2,180,5,私の友達が⾃分のアパートに泊めてくれたのでホテルに泊まらなくて済んだ。,わたしのともだちがじぶんのアパートにとめてくれたのでホテルにとまらなくてすん だ。,"My friend let me stay at their apartment, so I got by without having to stay at a hotel."
3640,80,なくて済む,なくてすむ,なくて済む (なくてすむ),get by without doing~,N2,180,6,今年は涼しかったので、エアコンを使わなくて済みました。,ことしはすずしかったので、エアコンをつかわなくてすみました。,This year was cool and I got by without using my air conditioner.
3641,80,なくて済む,なくてすむ,なくて済む (なくてすむ),get by without doing~,N2,180,7,学校では皆、同じ制服を着るので、服のことで悩まなくて済みます。,がっこうではみな、おなじせいふくをきるので、ふくのことでなやまなくてすみま す。,"At school everyone wears the same school uniform, so I do not need to worry about clothes."
3642,81,何も〜ない,なにも〜ない,何も〜ない (なにも〜ない),nothing; (not) ~ at all; there’s no need to~ なにも Verb/Noun/Adj (ない form),N2,182,1,私達はなにもいらない。,わたしたちはなにもいらない。,We don't need anything.
3643,81,何も〜ない,なにも〜ない,何も〜ない (なにも〜ない),nothing; (not) ~ at all; there’s no need to~ なにも Verb/Noun/Adj (ない form),N2,182,2,彼⼥はなにも⾔わなかった。,かのじょはなにもいわなかった。,She did not say anything.
3644,81,何も〜ない,なにも〜ない,何も〜ない (なにも〜ない),nothing; (not) ~ at all; there’s no need to~ なにも Verb/Noun/Adj (ない form),N2,182,3,どのみち、何も聞こえなかった。,どのみち、なにもきこえなかった。,"In any case, I couldn't hear anything."
3645,81,何も〜ない,なにも〜ない,何も〜ない (なにも〜ない),nothing; (not) ~ at all; there’s no need to~ なにも Verb/Noun/Adj (ない form),N2,182,4,彼はただ新聞を読むだけでなにもしなかった。,かれはただしんぶんをよむだけでなにもしなかった。,He did nothing but read newspapers.
3646,81,何も〜ない,なにも〜ない,何も〜ない (なにも〜ない),nothing; (not) ~ at all; there’s no need to~ なにも Verb/Noun/Adj (ない form),N2,182,5,そのお店は混雑していたので、私はなにも買えなかった。,そのおみせはこんらんしていたので、わたしはなにもかえなかった。,That store was crowded so I couldn't buy anything.
3647,81,何も〜ない,なにも〜ない,何も〜ない (なにも〜ない),nothing; (not) ~ at all; there’s no need to~ なにも Verb/Noun/Adj (ない form),N2,182,6,それは冗談だけなんだから、なにもそんなに怒ることはない。,それはじょうだんだけなんだから、なにもそんなにおこることはない。,"It's just a joke, there’s no need to get so angry."
3648,81,何も〜ない,なにも〜ない,何も〜ない (なにも〜ない),nothing; (not) ~ at all; there’s no need to~ なにも Verb/Noun/Adj (ない form),N2,182,7,彼がその事件について何も知らないとは不思議だ。,かれがそのじけんについてなにもしらないとはふしぎだ。,It is strange that he knows nothing about the matter.
3649,81,何も〜ない,なにも〜ない,何も〜ない (なにも〜ない),nothing; (not) ~ at all; there’s no need to~ なにも Verb/Noun/Adj (ない form),N2,182,8,⾒学旅⾏は先⽣もいるのだから、何も⼼配する必要はありませんよ。,けんがくりょこうはせんせいもいるのだから、なにもしんぱいするひつようはありま せんよ。,"There are teachers on the tour, so you don't need to worry about anything."
3650,82,なお,,なお,still; yet; furthermore; in addition~ なお phrase,N2,184,1,かなり多くの⼈々が今なおそれを信じている。,かなりおおくのひとびとがいまなおそれをしんじている。,Many people still believe that.
3651,82,なお,,なお,still; yet; furthermore; in addition~ なお phrase,N2,184,2,とても寒く、なお悪いことに、⾬が降り始めた。,とてもさむく、なおわるいことに、あめがふりはじめた。,"It was very cold, and what was worse, it began to rain."
3652,82,なお,,なお,still; yet; furthermore; in addition~ なお phrase,N2,184,3,今度の打ち合わせは⼟曜⽇です。なお、時間は後ほどお伝えします。,こんどのうちあわせはどようびです。なお、じかんはあとほどおつたえします。,The meeting next time will be on Saturday. I’ll let you know about the exact time later.
3653,82,なお,,なお,still; yet; furthermore; in addition~ なお phrase,N2,184,4,あとで起こったことはなお悪かった。,あとでおこったことはなおわるかった。,What followed was worse.
3654,82,なお,,なお,still; yet; furthermore; in addition~ なお phrase,N2,184,5,この件の説明は以上です。なお、詳細についてプリントをご覧ください。,このけんのせつめいはいじょうです。なお、しょうさいについてプリントをごらんく ださい。,I’m finished explaining this matter. Please look at the handout for details.
3655,82,なお,,なお,still; yet; furthermore; in addition~ なお phrase,N2,184,6,この試合に申し込むとき、履歴書を提出してください。なお参加費も提出して,ください。 このしあいにもうしこむとき、りれきしょをていしゅつしてください。なおさんかひ もていしゅつしてください。,"When you apply for the match, please submit your resume. In addition, please submit the participation fee."
3656,82,なお,,なお,still; yet; furthermore; in addition~ なお phrase,N2,184,7,情報はウェブサイトに載らせています。なお聞きたいことがあったら、担当者,に聞いてください。 じょうほうはウェブサイトにのらせています。なおききたいことがあったら、たんと うしゃにきいてください。,"The information is up on the website. If you have any additional questions, please ask them to your representative."
3657,82,なお,,なお,still; yet; furthermore; in addition~ なお phrase,N2,184,8,今年の学費は200万円です。なお⼀年⽣は150万円だけです。,ことしのがくひは200まんえんです。なおいちねんせいは150まんえんだけです。,"This year's tuition is 2,000,000 yen ($20k). First year students are only 1,500,000 yen ($15k)."
3658,83,ねばならない,,ねばならない,have to do; must; should~ Verb ない ねばならない,N2,186,1,⻭医者に⾏かねばならない。,はいしゃにいかねばならない。,I must go to the dentist.
3659,83,ねばならない,,ねばならない,have to do; must; should~ Verb ない ねばならない,N2,186,2,9時までに戻らねばならない。,9じまでにもどらねばならない。,I'm supposed to be back by nine.
3660,83,ねばならない,,ねばならない,have to do; must; should~ Verb ない ねばならない,N2,186,3,ビザが切れたので、国に帰らねばならない。,ビザがきれたので、くににかえらねばならない。,My visa expired so I have to go back to my home country.
3661,83,ねばならない,,ねばならない,have to do; must; should~ Verb ない ねばならない,N2,186,4,来⽉から、転勤で北海道へ⾏かねばならない。,らいげつから、てんきんでほっかいどうへいかねばならない。,"From next month, I will be changing jobs and have to go to Hokkaido."
3662,83,ねばならない,,ねばならない,have to do; must; should~ Verb ない ねばならない,N2,186,5,地球を守るために、プラスチック製品を減らさねばならない。,ちきゅうをまもるために、プラスチックせいひんをへらさねばならない。,"In order to help save the earth, we have to reduce the amount of plastic products."
3663,83,ねばならない,,ねばならない,have to do; must; should~ Verb ない ねばならない,N2,186,6,どんなに⾟いことがあっても、家族のためにしばらくは耐えねばならない。,どんなにつらいことがあっても、かぞくのためにしばらくはたえねばならない。,"No matter how tough things get, we have to endure it for the family."
3664,83,ねばならない,,ねばならない,have to do; must; should~ Verb ない ねばならない,N2,186,7,今あなたは⽇本に住んでおられるのですから、あなたは当然⽇本の法律に従わ,ねばならない。 いまあなたはにほんにすんでおられるのですから、あなたはとうぜんにほんのほうり つにしたがわねばならない。,You are living in Japan now and therefore you must of course obey Japan's laws.
3665,83,ねばならない,,ねばならない,have to do; must; should~ Verb ない ねばならない,N2,186,8,この問題は特にゆっくり考えねばならない。急いで決定することなどできな,い。 このもんだいはとくにゆっくりかんがえねばならない。いそいでけっていすることな どできない。,Especially for this problem I need to slow down and think about it. It is not possible to answer it quickly.
3666,84,にあたって,,にあたって,at the time; on the occasion of~ Verb (dictionary form),N2,188,1,皆さん、JLPTを受けるにあたって、⼤切なことを伝えておきます。,みなさん、JLPTをうけるにあたって、たいせつなことをつたえておきます。,"Everyone, I will tell you an important thing for when you take the JLPT exam."
3667,84,にあたって,,にあたって,at the time; on the occasion of~ Verb (dictionary form),N2,188,2,アルバイトをするにあたっては、学業や体に無理のないようにすること。,アルバイトをするにあたっては、がくぎょうやからだにむりのないようにすること。,"If you are going to work part-time, make sure that it does not interfere with your studies or health."
3668,84,にあたって,,にあたって,at the time; on the occasion of~ Verb (dictionary form),N2,188,3,結婚するにあたって、たくさんのお⾦を準備しなければならない。,けっこんするにあたって、たくさんのおかねをじゅんびしなければならない。,"When you get married, you need to prepare a lot of money."
3669,84,にあたって,,にあたって,at the time; on the occasion of~ Verb (dictionary form),N2,188,4,⽇本に留学するにあたって、⾏く前にしておくべきことは先輩に聞いた。,にほんにりゅうがくするにあたって、いくまえにしておくべきことはせんぱいにきい た。,I asked my senior for things I should do before studying abroad in Japan.
3670,84,にあたって,,にあたって,at the time; on the occasion of~ Verb (dictionary form),N2,188,5,試験を始めるにあたり、まずは注意事項を読んでおいてください。,しけんをはじめるにあたり、まずはちゅういじこうをよんでおいてください。,"When starting the test, first read the important points."
3671,84,にあたって,,にあたって,at the time; on the occasion of~ Verb (dictionary form),N2,188,6,マンションを買うにあたって、妻と⾊んな調査をしました。,マンションをかうにあたって、つまといろんなちょうさをしました。,"When I bought an apartment, I did a lot of research with my wife."
3672,84,にあたって,,にあたって,at the time; on the occasion of~ Verb (dictionary form),N2,188,7,ビザを申請するにあたって必要な書類を⽤意しました。,ビザをしんせいするにあたってひつようなしょるいをよういしました。,I prepared the necessary documents at the time of my visa application.
3673,84,にあたって,,にあたって,at the time; on the occasion of~ Verb (dictionary form),N2,188,8,社員旅⾏を計画するにあたって、社員に旅⾏先の希望調査を⾏った。,しゃいんりょこうをけいかくするにあたって、しゃいんにりょこうさきのきぼうちょ うさをおこなった。,"When planning for the company trip, we conducted a survey on where the employees wanted to go."
3674,85,にほかならない,,にほかならない,nothing but; none other than~ Noun にほかならない,N2,190,1,合格したのは、彼の努⼒の結果にほかならない。,ごうかくしたのは、かれのどりょくのけっかにほかならない。,Him being able to pass is nothing else but the result of his hard effort.
3675,85,にほかならない,,にほかならない,nothing but; none other than~ Noun にほかならない,N2,190,2,緊急時に⼀番⼤切なことは、まず落ち着くことにほかならない。,きんきゅうときにいちばんたいせつなことは、まずおちつくことにほかならない。,"In an emergency, the most important thing is nothing other than to first calm down."
3676,85,にほかならない,,にほかならない,nothing but; none other than~ Noun にほかならない,N2,190,3,⾃分からやると⾔ったのに、途中でやめてしまうのは無責任にほかならない。,じぶんからやるといったのに、とうちゅうでやめてしまうのはむせきにんにほかなら ない。,"Despite saying you would do it yourself, to stop halfway through is nothing short of irresponsible."
3677,85,にほかならない,,にほかならない,nothing but; none other than~ Noun にほかならない,N2,190,4,事故が発⽣した原因は、運転⼿の前⽅不注意にほかならない。,じこがはっせいしたげんいんは、うんてんしゅのぜんぽうふちゅういにほかならな い。,The only reason why the accident occurred is because the driver didn’t pay attention. 𠮟
3678,85,にほかならない,,にほかならない,nothing but; none other than~ Noun にほかならない,N2,190,5,親が⼦供を るのは⼦供を愛してるからにほかならない。,おやがこどもをしかるのはこどもをあいしてるからにほかならない。,The only reason why a parent scolds their child is because they love them.
3679,85,にほかならない,,にほかならない,nothing but; none other than~ Noun にほかならない,N2,190,6,彼らが⽇本へ⾏くのは、お⾦を稼ぎたいからにほかならない。,かれらがにほんへいくのは、おかねをかせぎたいからにほかならない。,"They will come to Japan because they want to save money, and nothing else."
3680,85,にほかならない,,にほかならない,nothing but; none other than~ Noun にほかならない,N2,190,7,僕がここまでやってこられたのは、家族や友⼈、恋⼈の⽀えがあったからにほ,かならない。 ぼくがここまでやってこられたのは、かぞくやゆうじん、こいびとのささえがあった からにほかならない。,"The only reason I was able to come this far is because of the support from my family, friends, and lover."
3681,86,に限らず,にかぎらず,に限らず (にかぎらず),not just; not only.. but also~ Noun に限らず,N2,192,1,最近は、⼥性に限らず男性も化粧をする。,さいきんは、じょせいにかぎらずだんせいもけしょうをする。,"Lately, not only women but also men have been wearing makeup."
3682,86,に限らず,にかぎらず,に限らず (にかぎらず),not just; not only.. but also~ Noun に限らず,N2,192,2,この映画は⼦供に限らず、⼤⼈も楽しめます。,このえいがはこどもにかぎらず、おとなもたのしめます。,"With this movie, not only children but also adults can enjoy it."
3683,86,に限らず,にかぎらず,に限らず (にかぎらず),not just; not only.. but also~ Noun に限らず,N2,192,3,この番組は若者に限らず⽼⼈も関⼼します。,このばんぐみはわかものにかぎらずろうじんもかんしんします。,"This program is interesting to not only young people, but to elderly people as well."
3684,86,に限らず,にかぎらず,に限らず (にかぎらず),not just; not only.. but also~ Noun に限らず,N2,192,4,ディズニー映画は⼦供に限らず、⼤⼈にも⼈気がある。,ディズニーえいがはこどもにかぎらず、おとなにもにんきがある。,"Diseney movies are popular with not only children, but with adults as well."
3685,86,に限らず,にかぎらず,に限らず (にかぎらず),not just; not only.. but also~ Noun に限らず,N2,192,5,これから、科学に限らず⽂学もちゃんと勉強します。,これから、かがくにかぎらずぶんがくもちゃんとべんきょうします。,"From now on I will study not only science, but literature as well."
3686,86,に限らず,にかぎらず,に限らず (にかぎらず),not just; not only.. but also~ Noun に限らず,N2,192,6,⼥の⼦に限らず男の⼦も掃除や洗濯をしなければならないよ。,おんなのこにかぎらずおとこのこもそうじやせんたくをしなければならないよ。,"Not just the girls, but the boys as well must help clean and wash."
3687,86,に限らず,にかぎらず,に限らず (にかぎらず),not just; not only.. but also~ Noun に限らず,N2,192,7,この⼤学は⽇本⼈に限らず、世界各国からの留学⽣を受け⼊れている。,このだいがくはにほんじんにかぎらず、せかいかっこくからのりゅうがくをうけいれ ている。,"This university accept students from all over the world, not just Japan."
3688,87,に限る,にかぎる,に限る (にかぎる),"is best; nothing is better than~ Verb (casual, non-past)",N2,194,1,寒い⽇は、熱いラーメンに限る。,さむいひは、あついラーメンにかぎる。,"On a cold day, nothing beats a hot bowl of ramen."
3689,87,に限る,にかぎる,に限る (にかぎる),"is best; nothing is better than~ Verb (casual, non-past)",N2,194,2,⾵邪には寝ているに限る。,かぜにはねているにかぎる。,Staying in bed is the best remedy for a cold.
3690,87,に限る,にかぎる,に限る (にかぎる),"is best; nothing is better than~ Verb (casual, non-past)",N2,194,3,何といっても我が家に限る。,なんといってもわがやにかぎる。,"After all, there's no place like home."
3691,87,に限る,にかぎる,に限る (にかぎる),"is best; nothing is better than~ Verb (casual, non-past)",N2,194,4,夏は冷たいビールに限る。,なつはつめたいビールにかぎる。,"In summer, nothing beats a cold beer.."
3692,87,に限る,にかぎる,に限る (にかぎる),"is best; nothing is better than~ Verb (casual, non-past)",N2,194,5,語学は若い時に限る。,ごがくはわかいときにかぎる。,Languages are best learned in one's youth.
3693,87,に限る,にかぎる,に限る (にかぎる),"is best; nothing is better than~ Verb (casual, non-past)",N2,194,6,たこ焼きはやっぱり⼤阪に限るね。,たこやきはやっぱりおおさかにかぎるね。,Takoyaki is best in Osaka.
3694,87,に限る,にかぎる,に限る (にかぎる),"is best; nothing is better than~ Verb (casual, non-past)",N2,194,8,⾵邪を引いたときは、薬など飲むよりゆっくり寝るに限る。,かぜをひいたときは、くすりなどのむよりゆっくりねるにかぎる。,"When you catch a cold, rather than take a bunch of meds, it's best to get a proper rest."
3695,88,に限って,にかぎって,に限って (にかぎって),only; in particular~ Noun に限って,N2,196,1,うちの娘に限って、⼈をいじめるようなことはしません。,うちのむすめにかぎって、ひとをいじめるようなことはしません。,Our daughter would be the last person to do something like bully another person.
3696,88,に限って,にかぎって,に限って (にかぎって),only; in particular~ Noun に限って,N2,196,2,私は学校に休んだ⽇に限って、テストがある。,わたしはがっこうにやすんだひにかぎって、テストがある。,There was a test on the one day I missed school..
3697,88,に限って,にかぎって,に限って (にかぎって),only; in particular~ Noun に限って,N2,196,3,仕事が忙しい⽇に限って、なぜかシステムトラブルが発⽣する。,しごとがいそがしいひにかぎって、なぜかシステムトラブルがはっせいする。,The system errors always occur only on the busy days at work.
3698,88,に限って,にかぎって,に限って (にかぎって),only; in particular~ Noun に限って,N2,196,4,ここから富⼠⼭が⾒えるそうだけど、今⽇に限って雲が多いね。,ここからふじさんがみえるそうだけど、きょうにかぎってくもがおおいね。,"You can apparently see Mt. Fuji from here, but today there are a lot of clouds."
3699,88,に限って,にかぎって,に限って (にかぎって),only; in particular~ Noun に限って,N2,196,5,彼は、いつも家にいるのに、今⽇に限って留守でした。,かれは、いつもいえにいるのに、きょうにかぎってるすでした。,"Although he is always home, today of all days he was not."
3700,88,に限って,にかぎって,に限って (にかぎって),only; in particular~ Noun に限って,N2,196,6,⾒たいドラマがある⽇に限って残業で帰りが遅くなってしまう。,みたいドラマがあるひにかぎってざんぎょうでかえりがおそくなってしまう。,Of course on the day with the TV show I want to watch I have overtime and will get home late.
3701,88,に限って,にかぎって,に限って (にかぎって),only; in particular~ Noun に限って,N2,196,7,困ったなあ。急いでいるときに限って、こういう事故が起きるんだから。,こまったなあ。いそいでいるときにかぎって、こういうじこがおきるんだから。,I'm in a bit of a pinch.. Accidents like this happen when you are in a hurry.
3702,89,に関わらず,にかかわらず,に関わらず (にかかわらず),in spite of; regardless of~ Verb (dictionary form),N2,198,1,このバスは距離にかかわらず、どこまで⾏っても200円だ。,このバスはきょりにかかわらず、どこまでいっても200えんだ。,This bus costs 200 yen regardless of the distance you go.
3703,89,に関わらず,にかかわらず,に関わらず (にかかわらず),in spite of; regardless of~ Verb (dictionary form),N2,198,2,値段にかかわらず、新しいiPhoneが発売したら買うつもりだ。,ねだんにかかわらず、あたらしいiPhoneがはつばいしたらかうつもりだ。,"I plan to buy the new iPhone once it is released, regardless of the price,"
3704,89,に関わらず,にかかわらず,に関わらず (にかかわらず),in spite of; regardless of~ Verb (dictionary form),N2,198,3,明⽇の国際交流イベントに来る来ないにかかわらず、連絡してください。,あしたのこくさいこうりゅうイベントにくるこないにかかわらず、れんらくしてくだ さい。,"Regardless of if you come to tomorrow's international exchange event or not, please contact me."
3705,89,に関わらず,にかかわらず,に関わらず (にかかわらず),in spite of; regardless of~ Verb (dictionary form),N2,198,4,"お酒を飲む飲まないに関わらず、飲み会の参加費は3,000円です。","おさけをのむのまないにかかわらず、のみかいのさんかひは3,000えんです。","Regardless of if you drink or not, the fee for the drinking party is 3,000 yen."
3706,89,に関わらず,にかかわらず,に関わらず (にかかわらず),in spite of; regardless of~ Verb (dictionary form),N2,198,5,好き嫌いに関わらず、家族のためにこの仕事は必ずしなければならない。,すききらいにかかわらず、かぞくのためにこのしごとはかならずしなければならな い。,"Regardless of whether I like it or not, I must do this job to support my family."
3707,89,に関わらず,にかかわらず,に関わらず (にかかわらず),in spite of; regardless of~ Verb (dictionary form),N2,198,6,テストの点数に関わらず、間違えたところは復習するようにしてください。,テストのてんすうにかかわらず、まちがえたところはふくしゅうするようにしてくだ さい。,"Regardless of your test score, please review the mistakes you made."
3708,89,に関わらず,にかかわらず,に関わらず (にかかわらず),in spite of; regardless of~ Verb (dictionary form),N2,198,7,この銀⾏の振り込み⼿数料は、送⾦⾦額に関わらず無料です。,このぎんこうはふりこみてすうりょうは、そうきんきんがくにかからわずむりょうで す。,The bank transfer fee at this bank is free regardless of the amount of money sent.
3709,90,に関わる,にかかわる,に関わる (にかかわる),to relate to; to have to do with; relating to~,N2,200,1,息⼦はマスコミに関わる仕事をしている。,むすこはマスコミにかかわるしごとをしている。,My son works in a job related to mass communications.
3710,90,に関わる,にかかわる,に関わる (にかかわる),to relate to; to have to do with; relating to~,N2,200,2,命に関わる病気ではないので、安⼼してください。,いのちにかかわるびょうきではないので、あんしんしてください。,"This is not a life-threatening illness, so please relax."
3711,90,に関わる,にかかわる,に関わる (にかかわる),to relate to; to have to do with; relating to~,N2,200,3,政治に関わる仕事をしているのでコメントできない。,せいじにかかわるしごとをしているのでコメントできない。,I work in relation with the government and therefore cannot comment.
3712,90,に関わる,にかかわる,に関わる (にかかわる),to relate to; to have to do with; relating to~,N2,200,4,彼は汚職事件に関って逮捕された。,彼はおしょくじけんにかかわってたいほされた。,He was arrested in relation to a corruption case.
3713,90,に関わる,にかかわる,に関わる (にかかわる),to relate to; to have to do with; relating to~,N2,200,5,こんな質が低い商品を売ったら店の評判に関わる。,こんなしつがひくいしょうひんをうったらみせのひょうばんにかかわる。,The reputation of this shop will be affected if it sells products of this low quality.
3714,90,に関わる,にかかわる,に関わる (にかかわる),to relate to; to have to do with; relating to~,N2,200,6,睡眠剤は飲みすぎると、命に関わることもある。,すいみんざいは飲のみすぎると、いのちにかかわることもある。,Taking too much sleeping medicine could become life-threatening.
3715,90,に関わる,にかかわる,に関わる (にかかわる),to relate to; to have to do with; relating to~,N2,200,7,国⺠の⽣活に関わる⼤切な問題だから、早く解決しなければならない。,こくみんのせいかつにかかわるたいせつなもんだいだから、はやくかいけつしなけれ ばならない。,This is an important problem that concerns people's lives and must be resolved quickly.
3716,91,に決まっている,にきまっている,に決まっている (にきまっている),certainly; I’m sure/certain that; it must be Verb (casual),N2,202,1,毎⽇、⼀⽣懸命勉強したから、絶対合格するに決まっている。,まいにち、いっしょうけんめいべんきょうしたから、ぜったいごうかくするにきまっ ている。,I've studied very hard every day so I am certain that I will pass the exam.
3717,91,に決まっている,にきまっている,に決まっている (にきまっている),certainly; I’m sure/certain that; it must be Verb (casual),N2,202,2,同じ値段なら、質がいいほうがたくさん売れるに決まっている。,おなじねだんなら、しつがいいほうがたくさんうれるにきまっている。,"If the price is the same, the product with better quality will sell more for sure."
3718,91,に決まっている,にきまっている,に決まっている (にきまっている),certainly; I’m sure/certain that; it must be Verb (casual),N2,202,3,⼀⼈で外国へ旅⾏するなんて、親に反対されるに決まっている。,ひとりでかいがいへりょこうするなんて、おやにはんたいされるにきまっている。,Surely your parents will be against you travelling abroad alone.
3719,91,に決まっている,にきまっている,に決まっている (にきまっている),certainly; I’m sure/certain that; it must be Verb (casual),N2,202,4,こんな暗いところで本を読んだら⽬に悪くなるに決まっている。,こんなくらいところでほんをよんだらめにわるくなるにきまっている。,You're eyes will get worse if you read books in dark places like this.
3720,91,に決まっている,にきまっている,に決まっている (にきまっている),certainly; I’m sure/certain that; it must be Verb (casual),N2,202,5,⼦供にそんなお菓⼦を⾒せたらほしがるに決まっている。,こどもにそんなおかしをみせたらほしがるにきまっている。,"If you show the kids those sweets, they’ll want them for sure."
3721,91,に決まっている,にきまっている,に決まっている (にきまっている),certainly; I’m sure/certain that; it must be Verb (casual),N2,202,6,あの選⼿は今まで誰にも負けたことがないから、優勝するに決まっています,よ。 あのせんしゅはいままでだれにもまけたことがないから、ゆうしょうするにきまって いますよ。,"Since that athlete has never lost to anyone, he’ll win the championship for sure."
3722,91,に決まっている,にきまっている,に決まっている (にきまっている),certainly; I’m sure/certain that; it must be Verb (casual),N2,202,7,昨晩3時までお酒を飲んでいたの︖それじゃ、朝起きられないに決まっている,よ。 さくばん3じまでおさけをのんでいたの︖それじゃ、あさおきられないにきまっている よ。,You drank until 3am last night? Well you're certainly not getting up in the morning after that..
3723,92,に越したことはない,にこしたことはない,に越したことはない (にこしたことはない),"it’s best that, there’s nothing better than~ Verb (casual, non-past)",N2,204,1,そうするに越したことはない。,そうするにこしたことはない。,That is the best thing to do.
3724,92,に越したことはない,にこしたことはない,に越したことはない (にこしたことはない),"it’s best that, there’s nothing better than~ Verb (casual, non-past)",N2,204,2,何が起こるかわからないから、試験のときは、早く⾏くに越したことはない。,なにがおこるかわからないから、しけんのときは、はやくいくにこしたことはない。,"You never know what might happen, so it's best to go early on the test day."
3725,92,に越したことはない,にこしたことはない,に越したことはない (にこしたことはない),"it’s best that, there’s nothing better than~ Verb (casual, non-past)",N2,204,3,値段に関係なくいい質のものを買いたいが、安く買えるに越したことはない。,ねだんにかんけいなくいいしつのものをかいたいが、やすくかえるにこしたことはな い。,"Regardless of price, I want to buy at item of good quality, but it it would be best if I could buy it cheaper."
3726,92,に越したことはない,にこしたことはない,に越したことはない (にこしたことはない),"it’s best that, there’s nothing better than~ Verb (casual, non-past)",N2,204,4,同じ業種をするなら、給料が⾼いに越したことはない。,おなじぎょうしゅをするなら、きゅうりょうがたかいにこしたことはない。,"If you're going to work in the same industry, it would be best to go for a higher salary."
3727,92,に越したことはない,にこしたことはない,に越したことはない (にこしたことはない),"it’s best that, there’s nothing better than~ Verb (casual, non-past)",N2,204,5,当⽇はレストランに⾏っても⼤丈夫だと思うけど、念のために予約しておくに,越したことはない。 とうじつはレストランにいってもだいじょうぶだとおもうけど、ねんのためによやく しておくにこしたことはない。,"I think it would be fine if you went to a restaurant on that day, but just to be safe it would be best to make a reservation."
3728,92,に越したことはない,にこしたことはない,に越したことはない (にこしたことはない),"it’s best that, there’s nothing better than~ Verb (casual, non-past)",N2,204,6,地震がいつ起こるかわからないから、とにかく避難の物を準備しておくに越し,たことはない。 じしんがいつおこるかわからないから、とにかくひなんのものをじゅんびしておくに こしたことはない。,"You never know when an earthquake might suddenly occur, so it's best to prepare evacuation items."
3729,92,に越したことはない,にこしたことはない,に越したことはない (にこしたことはない),"it’s best that, there’s nothing better than~ Verb (casual, non-past)",N2,204,7,何もないに越したことはないけど、念のため、海外旅⾏に⾏くときは必ず保険,に⼊ります。 なにもないにこしたことはないけど、ねんのため、かいがいりょこうにいくときはか ならずほけんにはいります。,"Of course it's best if nothing happens, but just to be safe I always get insurance when I travel."
3730,92,に越したことはない,にこしたことはない,に越したことはない (にこしたことはない),"it’s best that, there’s nothing better than~ Verb (casual, non-past)",N2,204,8,留学するなら、海外保険はあるに越したことはないよ。,りゅうがっくするなら、かいがいほけんはあるにこしたことはないよ。,"If you're going to study abroad, it would be bestt to have international insurance."
3731,93,に応えて,にこたえて,に応えて (にこたえて),in response to~,N2,206,1,⼤学は、学⽣たちの要望にこたえて、図書館の利⽤時間を延ばした。,だいがくは、がくせいたちのようぼうにこたえて、としょかんのりようじかんをのば した。,The university extended the library hours in response to student requests.
3732,93,に応えて,にこたえて,に応えて (にこたえて),in response to~,N2,206,2,お客様の意⾒にこたえて、営業時間を延⻑することいたしました。,おきゃくさまのいけんにこたえて、えいぎょうじかんをえんちょうすることいたしま した。,"In response to the voices of the customers, I've extended our business hours."
3733,93,に応えて,にこたえて,に応えて (にこたえて),in response to~,N2,206,3,クライアントの要望にこたえて、新しい機能を追加いたしました。,クライアントのようぼうにこたえて、あたらしいきのうをついかいたしました。,"In response to a client request, we've added a new feature."
3734,93,に応えて,にこたえて,に応えて (にこたえて),in response to~,N2,206,4,多くのファンの声援にこたえる完璧なプレーをし遂げた。,おおくのファンのせいえんにこたえるかんぺきなプレーをしとげた。,They carried out a perfect play in response to the many fans cheering voices.
3735,93,に応えて,にこたえて,に応えて (にこたえて),in response to~,N2,206,5,我が社では消費者のニーズにこたえる新しい商品を開発中です。,わがしゃではしょうひしゃのニーズにこたえるあたらしいしょうひんをかいはつちゅ うです。,Our company is developing new products that meet the needs of consumers.
3736,93,に応えて,にこたえて,に応えて (にこたえて),in response to~,N2,206,6,両親の期待にこたえて、私はイギリスに留学した。,りょうしんのきたいにこたえて、わたしはイギリスにりゅうがくした。,"In response to my parents’ expectations, I went to study abroad in England."
3737,93,に応えて,にこたえて,に応えて (にこたえて),in response to~,N2,206,7,市⺠の希望にこたえて、あそこに公園を作ることになった。,しみんのきぼうにこたえて、あそこにこうえんをつくることになった。,"In response to the public’s wish, a park will be built there."
3738,93,に応えて,にこたえて,に応えて (にこたえて),in response to~,N2,206,8,社員の要求にこたえて、労働時間を短縮した。,しゃいんのようきゅうにこたえて、ろうどうじかんをたんしゅくした。,"In response to the employees’ demand, we’ve reduced the working hours."
3739,94,に加えて,にくわえて,に加えて (にくわえて),in addition~ Noun に加えて,N2,208,1,のどの痛みに加えて、熱も出てきたので学校を休むしかない。,のどのいたみにくわえて、ねつもでてきたのでがっこうをやすむしかない。,"In addition to throat pain, I've started getting a fever and have no choice but to miss school."
3740,94,に加えて,にくわえて,に加えて (にくわえて),in addition~ Noun に加えて,N2,208,2,彼⼥は週末にアルバイトに加えて、ボランティア活動もしている。,かのじょはしゅうまつにアルバイトにくわえて、ボランティアかつどうもしている。,"In addition to working a part-time job on weekends, she also works as a volunteer."
3741,94,に加えて,にくわえて,に加えて (にくわえて),in addition~ Noun に加えて,N2,208,3,今学期から初級クラスに加えて、中級クラスでも教えるようになった。,こんがっきからしょきゅうクラスにくわえて、ちゅうきゅうクラスでもおしえるよう になった。,"From this semester, in addition to teaching the beginner class I will also be teaching the intermediate class."
3742,94,に加えて,にくわえて,に加えて (にくわえて),in addition~ Noun に加えて,N2,208,4,⺟は⾼⾎圧に加えて、⼼臓もあまり良くないので⼼配だ。,はははこうけつあつにくわえて、しんぞうもあまりよくないのでしんぱいだ。,My mother has high blood pressure in addition to a weak heart so I am worried.
3743,94,に加えて,にくわえて,に加えて (にくわえて),in addition~ Noun に加えて,N2,208,5,彼⼥は看護師の資格に加えて、保育⼠の資格も持っている。,かのじょはかんごしのしかくにくわえて、ほいくしのしかくももっている。,"In addition to having her nurse qualification, she also is certified as a childcare worker."
3744,94,に加えて,にくわえて,に加えて (にくわえて),in addition~ Noun に加えて,N2,208,6,今年から家のローンに加えて、⼦供の学費も払わなければならないので⼤変,だ。 ことしからいえのローンにくわえて、こどものがくひもはらわなければならないので たいへんだ。,"From this year, in addition to the house loan we need to pay for the kid's school fees so things are a bit tough."
3745,94,に加えて,にくわえて,に加えて (にくわえて),in addition~ Noun に加えて,N2,208,7,この学校では⽇本語の指導に加えて、⽂化体験や地域の⼈との交流活動も積極,的に⾏っている。 このがっこうではにほんごのしどうにくわえて、ぶんかたいけんやちいきのひととの こうりゅうかつどうもせっきょくてきにおこなっている。,"In addition to teaching Japanese, this school actively engages in cultural experiences and exchanges with local people."
3746,95,に基づいて,にもとづいて,に基づいて (にもとづいて),based on; on the basis of~,N2,210,1,この⼩説は実際にあったことに基づいて書かれたそうです。,このしょうせつはじっさいにあったことにもとづいてかかれたそうです。,This novel is apparently written based on things that actually happened.
3747,95,に基づいて,にもとづいて,に基づいて (にもとづいて),based on; on the basis of~,N2,210,2,このテストの結果に基づいて君たちのクラスを分けるので、頑張ってくださ,い。 このテストのけっかにもとづいてきみたちのクラスをわけるので、ばんばってくださ い。,"We will split your class based on the results of this test, so good luck!"
3748,95,に基づいて,にもとづいて,に基づいて (にもとづいて),based on; on the basis of~,N2,210,3,集めた資料に基づいて、卒業の論⽂を書きました。,あつめたしりょうにもとづいて、そつぎょうのろんぶんをかきました。,I wrote my graduation thesis based on the collected materials.
3749,95,に基づいて,にもとづいて,に基づいて (にもとづいて),based on; on the basis of~,N2,210,4,私は⻑年の経験に基づき新⼊社員を教育する。,わたしはながねんのけいけんにもとづきしんにゅうしゃいんをきょういくする。,I educate new employees based on years of experience.
3750,95,に基づいて,にもとづいて,に基づいて (にもとづいて),based on; on the basis of~,N2,210,5,公務員の給与は、法律に基づいて決められています。,こうむいんのきゅうよは、ほうりつにもとづいてきめられています。,The salaries of civil servants are determined by law.
3751,95,に基づいて,にもとづいて,に基づいて (にもとづいて),based on; on the basis of~,N2,210,6,アンケート結果に基づいて、新商品の⽅向性を決めるつもりだ。,アンケートけっかにもとづいて、しんしょうひんのほうこうせいをきめるつもりだ。,"Based on the results of the questionnaire, we will decide the direction of the new product."
3752,95,に基づいて,にもとづいて,に基づいて (にもとづいて),based on; on the basis of~,N2,210,7,この番組は皆様からのご意⾒に基づいて構成されています。,このばんぐみはみなさまからのごいけんにもとづいてこうせいされています。,This program is composed based on everyone's opinions.
3753,96,に向かって,にむかって,に向かって (にむかって),to face; to go towards; to head to~,N2,212,1,先⽣に向かって失礼なことを⾔わないでください。,せんせいにむかってしつれいなことをいわないでください。,Please don’t say rude things to your teacher.
3754,96,に向かって,にむかって,に向かって (にむかって),to face; to go towards; to head to~,N2,212,2,彼⼥は今どこに向かっていますか︖,かのじょはいまどこにむかっていますか︖,Where is she heading to?
3755,96,に向かって,にむかって,に向かって (にむかって),to face; to go towards; to head to~,N2,212,3,私は今新幹線に乗って東京に向かっています。,わたしはいましんかんせんにのってとうきょうにむかっています。,I am currently on a bullet train heading towards Tokyo.
3756,96,に向かって,にむかって,に向かって (にむかって),to face; to go towards; to head to~,N2,212,4,学⽣たちは⿊板に向かって座っている。,がくせいたちはこくばんにむかってすわっている。,The students are sitting facing the blackboard.
3757,96,に向かって,にむかって,に向かって (にむかって),to face; to go towards; to head to~,N2,212,5,選⼿はゴールに向かって全速⼒で⾛っている。,せんしゅはゴールにむかってぜんそくりょくではしっている。,The players are running toward the goal at full speed.
3758,96,に向かって,にむかって,に向かって (にむかって),to face; to go towards; to head to~,N2,212,6,私は夢に向かって頑張って努⼒をしたいです。,わたしはゆめにむかってがんばってどりょくをしたいです。,I'd like to do my best and work hard towards my dream.
3759,96,に向かって,にむかって,に向かって (にむかって),to face; to go towards; to head to~,N2,212,7,2⼈の少⼥はカメラに向かって微笑みながら⽴っていた。,ふたりのしょうじょはカメラにむかってほほえみながらたっていた。,The two girls stood smiling at the camera.
3760,97,に応じて,におうじて,に応じて (におうじて),depending on; in accordance with~,N2,214,1,この学校は⽣徒の⽇本語のレベルに応じて、クラスを分けます。,このがっこうはせいとのにほんごのレベルにおうじて、クラスをわけます。,At this school students are divided up based on their Japanese ability level.
3761,97,に応じて,におうじて,に応じて (におうじて),depending on; in accordance with~,N2,214,2,家具は部屋の広さに応じて決めたほうがいい。,かぐはへやのひろさにおうじてきめたほうがいい。,You had best pick furniture based on the space of the room.
3762,97,に応じて,におうじて,に応じて (におうじて),depending on; in accordance with~,N2,214,3,この店は季節に応じてメニューが異なるからおもしろい。,このみせはきせつにおうじてメニューがことなるからおもしろい。,This restaurant is interesting because the menu varies according to the season.
3763,97,に応じて,におうじて,に応じて (におうじて),depending on; in accordance with~,N2,214,4,このテープルは、⼈数に応じて、⼤きさを変えることもできるんです。,このテープルは、にんずうにおうじて、おおきさをかえることもできるんです。,This table can change sizes according to the number of people to fit.
3764,97,に応じて,におうじて,に応じて (におうじて),depending on; in accordance with~,N2,214,5,⼤学では、学⽣の興味に応じて、好きな授業を受けることができる。,だいがくでは、がくせいのきょうみにおうじて、すきなじゅぎょうをうけることがで きる。,"At university, students can take classes according to what they are interested in."
3765,97,に応じて,におうじて,に応じて (におうじて),depending on; in accordance with~,N2,214,6,地震が起きたら、その時にいる場所に応じて、避難の仕⽅は変わる。,じしんがおきたら、そのときにいるばしょにおうじて、ひなんのしかたはかわる。,"When an earthquake occurs, the evacuation method changes depending where you are at that time."
3766,97,に応じて,におうじて,に応じて (におうじて),depending on; in accordance with~,N2,214,7,私の会社で社員の給料は能⼒や経験に応じ、決めさせていただきます。,わたしのかいしゃでしゃいんのきゅうりょうはのうりょくやけいけんにおうじ、きめ させていただきます。,"In my company, employees' salaries are determined based on their abilities and experience."
3767,97,に応じて,におうじて,に応じて (におうじて),depending on; in accordance with~,N2,214,8,当ホテルではお客様⼀⼈⼀⼈のニーズに応じて、サービスを提供いたします。,とうホテルではおきゃくさまひとりひとりのニーズにおうじて、サービスをていきょ ういたします。,The hotel offers services according to the needs of each guest.
3768,98,に際して,にさいして,に際して (にさいして),on the occasion of; at the time of~ Verb (dictionary form),N2,216,1,⾞を買うに際しては、保険に⼊らなければならない。,くるまをかうにさいしては、ほけんにはいらなければならない。,"When you buy a new car, you must buy insurance."
3769,98,に際して,にさいして,に際して (にさいして),on the occasion of; at the time of~ Verb (dictionary form),N2,216,2,試験に際して、携帯電話の電源を切ってください。,しけんにさいして、けいたいでんわのでんげんをきってください。,Please turn off your cell phones during the test.
3770,98,に際して,にさいして,に際して (にさいして),on the occasion of; at the time of~ Verb (dictionary form),N2,216,3,お申し込みに際しては、履歴書が必要となります。,おもうしこみにさいしては、りれきしょがひつようとなります。,"When applying, a resume is required."
3771,98,に際して,にさいして,に際して (にさいして),on the occasion of; at the time of~ Verb (dictionary form),N2,216,4,図書館のご利⽤に際しては、以下の点にご注意ください。,としょかんのごりようにさいしては、いかのてんにごちゅういください。,Please follow the below rules when using the library.
3772,98,に際して,にさいして,に際して (にさいして),on the occasion of; at the time of~ Verb (dictionary form),N2,216,5,仕事選びに際してはベネフィッツも重要だ。,しごとえらびにさいしてはベネフィッツもじゅうようだ。,Benefits are important when choosing a job.
3773,98,に際して,にさいして,に際して (にさいして),on the occasion of; at the time of~ Verb (dictionary form),N2,216,6,出発に際して彼はいろいろ世話をしてくれた。,しゅっぱつにさいしてかれはいろいろせわをしてくれた。,He helped me out with various things during my departure.
3774,98,に際して,にさいして,に際して (にさいして),on the occasion of; at the time of~ Verb (dictionary form),N2,216,7,⾯接に際して、しっかりと練習しておいた⽅がいいですよ。,めんせつにさいして、しっかりとれんしゅうしておいたほうがいいですよ。,"When you are interviewing, it's best to thoroughly practice."
3775,99,にさきだち,,にさきだち,before; prior to~,N2,218,1,会議に先⽴って、資料を集めておかなければならない。,かいぎにさきだって、しりょうをあつめておかなければならない,"Before the meeting, we must gather the resources."
3776,99,にさきだち,,にさきだち,before; prior to~,N2,218,2,⽇本への留学に先⽴ち、パスポートの申請をしました。,にほんへのりゅうがくにさきだち、パスポートのしんせいをしました。,"Before studying abroad in Japan, I applied for my passport."
3777,99,にさきだち,,にさきだち,before; prior to~,N2,218,3,新製品の発売に先⽴って、テレビやネットで連⽇宣伝しています。,しんせいひんのはつばいにさきだって、テレビやネットでれんじつせんでんしていま す。,"Prior to launching new products, we promote them on TV and online every day."
3778,99,にさきだち,,にさきだち,before; prior to~,N2,218,4,オリンピックの開催に先⽴ち、応援グッズやチケットなどの販売が開始され,た。 オリンピックのかいさいにさきだち、おうえんグッズやチケットなどのはんばいがか いしされた。,"Prior to the Olympics, sales of support items and tickets began."
3779,99,にさきだち,,にさきだち,before; prior to~,N2,218,5,⼿術をするに先⽴って、医師は患者とその家族に考えうる全てのリスクを説明,した。 しゅじゅつをするにさきだって、いしはかんじゃとそのかぞくにかんがえうるすべて のリスクをせつめいした。,"Prior to surgery, the doctor explained all possible risks to the patient and their family."
3780,99,にさきだち,,にさきだち,before; prior to~,N2,218,6,家の購⼊に先⽴って、先輩や友達にいろいろなアドバイスをもらいました。,いえのこうにゅうにさきだって、せんぱいやにいろいろなアドバイスをもらいまし た。,"Prior to buying the house, I got some advice from my seniors and friends."
3781,99,にさきだち,,にさきだち,before; prior to~,N2,218,7,会社のホームページに写真を載せるに先⽴って、写真に写っている⼈に使⽤許,可をもらいました。 かいしゃのホームページにしゃしんをのせるにさきだって、しゃしんにうつっている ひとにしようきょかをもらいました。,"Prior to posting the photo on the company's website, we received permission from the person in the photo."
3782,100,にせよ にしろ,,にせよ にしろ,even if; regardless; whether... or Verb (casual),N2,220,1,熱が下がったにせよ、しばらく安静が必要です。,ねつがさがったにせよ、しばらくあんせいがひつようです。,"Even if your fever has gone down, you still need to rest."
3783,100,にせよ にしろ,,にせよ にしろ,even if; regardless; whether... or Verb (casual),N2,220,2,⽋席するにせよ連絡はしてください。,けっせきするにせよれんらくはしてください。,"Even if you will be absent, please contact us."
3784,100,にせよ にしろ,,にせよ にしろ,even if; regardless; whether... or Verb (casual),N2,220,3,事故で⾃転⾞がめちゃくちゃになったが、何にしろ、誰もけがをしなくてよか,った。 じこでじてんしゃがめちゃくちゃになったが、なににしろ、だれもけがをしなくてよ かった。,"My bike got pretty messed up in an accident, but at any rate, I'm just glad nobody was hurt."
3785,100,にせよ にしろ,,にせよ にしろ,even if; regardless; whether... or Verb (casual),N2,220,4,ここは不便でどの駅に⾏くにせよ、徒歩で30分以上かかる。,ここはふべんでどのえきにいくにせよ、とほで３０ぷんいじょうかかる。,"This place is really inconvenient, no matter which station you go to will take at least 30 minutes by foot."
3786,100,にせよ にしろ,,にせよ にしろ,even if; regardless; whether... or Verb (casual),N2,220,5,来るにせよ来ないにせよ、必ず連絡を⼊れてください。,くるにせよこないにせよ、かならずれんらくをいれてください。,"Whether you will come or not, please make sure to inform us."
3787,101,にしろ〜にしろ,,にしろ〜にしろ,whether… or~ Verb Verb,N2,223,1,明⽇のパーティーに⾏くにしろ⾏かないにしろ、連絡してくださいね。,あしたのパーティーにいくにしろいかないにしろ、れんらくしてくださいね。,"Whether you go to the party tomorrow or not, please contact me."
3788,101,にしろ〜にしろ,,にしろ〜にしろ,whether… or~ Verb Verb,N2,223,2,就職するにしろ進学するにしろ、⾃分でよく考えてください。,しゅうしょくするにしろしんがくするにしろ、じぶんでよくかんがえてください。,Think carefully by yourself whether you’ll start working or pursue higher education.
3789,101,にしろ〜にしろ,,にしろ〜にしろ,whether… or~ Verb Verb,N2,223,3,⽝にしろ猫にしろ、このマンションではペットを飼ってはいけない決まりで,す。 いぬにしろねこにしろ、このマンションではペットをかってはいけないきまりです。,"Whether it be dogs or cats, pets are not allowed in this apartment."
3790,101,にしろ〜にしろ,,にしろ〜にしろ,whether… or~ Verb Verb,N2,223,4,給料が上がるにしろ上がらないにしろ、私はこの仕事を辞めます。,きゅうりょうがあがるにしろあがらないにしろ、わたしはこのしごとをやめます。,I will quit this job regardless of whether my salary goes up or not.
3791,101,にしろ〜にしろ,,にしろ〜にしろ,whether… or~ Verb Verb,N2,223,5,使うにしろ使わないにしろ、それをもらったことにはお礼を⾔った⽅がいいで,すよ。 つかうにしろつかわないにしろ、それをもらったことにはおれいをいったほうがいい ですよ。,"Whether you will use it or not, you should say thanks for receiving it."
3792,101,にしろ〜にしろ,,にしろ〜にしろ,whether… or~ Verb Verb,N2,223,6,親にしろともだちにしろ、みんなが彼と結婚することを反対した。,おやにしろともだちにしろ、みんながかれとけっこんすることをはんたいした。,"Whether it be her parents or her friends, everyone was opposed to her getting married to him."
3793,101,にしろ〜にしろ,,にしろ〜にしろ,whether… or~ Verb Verb,N2,223,7,その仕事を引き受けるにしろ引き受けないにしろ、明⽇までに返事は欲しいで,す。 そのしごとをひきうけるにしろひきうけないにしろ、あしたまでにへんじはほしいで す。,Please let me know by tomorrow whether you will take on that job or not.
3794,101,にしろ〜にしろ,,にしろ〜にしろ,whether… or~ Verb Verb,N2,223,8,英語を学ぶにしろ⽇本語を学ぶにしろ⽬的や⽬標をはっきりしないと続けない,よ。 えいごをまなぶにしろにほんごをまなぶにしろもくてきやもくひょうをはっきりしな いとつづけないよ。,"Whether you are studying English or Japanese, you need to define clear goals or you won't be able to continue on."
3795,102,にしたら にすれば,,にしたら にすれば,from one’s perspective; from the point of,N2,226,1,あなたにすれば⼩さなことかもしれないけど、ほかの⼈にはそうでもないんで,すよ。 あなたにすればちいさなことかもしれないけど、ほかのひとにはそうでもないんです よ。,"To you, this may be just a small issue, but that's not the same for other people."
3796,102,にしたら にすれば,,にしたら にすれば,from one’s perspective; from the point of,N2,226,2,⼤きすぎる親の期待は、⼦供にしたら苦痛だ。,おおきすぎるおやのきたいは、こどもにしたらくつうだ。,Too big of expectations from parents are painful for children to bear.
3797,102,にしたら にすれば,,にしたら にすれば,from one’s perspective; from the point of,N2,226,3,⽝や猫はかわいいが、飼っていない⼈にすれば迷惑なっこともある。,いぬやねこはかわいいが、かっていないひとにすればめいわくなっこともある。,"Dogs and cats are cute, but for those who don’t have them, they can be a nuisance."
3798,102,にしたら にすれば,,にしたら にすれば,from one’s perspective; from the point of,N2,226,4,彼にすれば冗談のつもりでも、彼⼥はすごく傷ついている。,かれにすればじょうだんのつもりでも、かのじょはすごくきずついている。,"To him it was just a joke, but she is extremely hurt."
3799,102,にしたら にすれば,,にしたら にすれば,from one’s perspective; from the point of,N2,226,5,⽇本⼈にすれば簡単な漢字でも、外国⼈にはとても難しいことかもしれない。,にほんじんにすればかんたんなかんじでも、がいこくじんにはとてもむずかしいこと かもしれない。,"From a Japanese person's perspective, even a simple kanji character might be very difficult for foreigners."
3800,102,にしたら にすれば,,にしたら にすれば,from one’s perspective; from the point of,N2,226,6,両親にすれば、⼀⼈の娘を海外に留学させるのは、かなり⼼配だったと思いま,す。 りょうしんにすれば、ひとりのむすめをかいがいにりゅうがくさせるのは、かなりし んぱいだったとおもいます。,"I think that for her parents, having their only daughter study abroad was very worrying."
3801,102,にしたら にすれば,,にしたら にすれば,from one’s perspective; from the point of,N2,226,7,留学は今すぐではなく、⼤学を卒業してからします。両親にしたら、そのほう,が安⼼でしょう。 りゅうがくはいますぐではなく、だいがくをそつぎょうしてからします。りょうしん にしたら、そのほうがあんしんでしょう。,"I will not study abroad now, but I will after I graduate university. This way should be a relief to my parents too."
3802,103,にしても〜にしても,,にしても〜にしても,regardless of whether~ Verb Verb,N2,228,1,⾏くにしても⾏かないにしても、早く決めてください。,いくにしてもいかないにしても、はやくきめてください。,Hurry up and decide whether you will go or not.
3803,103,にしても〜にしても,,にしても〜にしても,regardless of whether~ Verb Verb,N2,228,2,⾼いにしろ安いにしろ、この教科書は買わないといけません。,たかいにしろやすいにしろ、このきょうかしょはかわないといけません。,"Regardless of cost, I need to buy this textbook."
3804,103,にしても〜にしても,,にしても〜にしても,regardless of whether~ Verb Verb,N2,228,3,飲み会に参加するにしても、しないにしても明⽇までに参加可否を連絡くださ,い。 のみかいにさんかするにしても、しないにしてもあしたまでにさんかかひをれんらく ください。,Let me know whether you will participate or not in the drinking party by tomorrow.
3805,103,にしても〜にしても,,にしても〜にしても,regardless of whether~ Verb Verb,N2,228,4,JLPTを受けるにしても、受けないにしてもしっかりと勉強する必要がある。,,"JLPTをうけるにしても、うけないにしてもしっかりとべんきょうするひつようがあ る。 Whether you take the JLPT or not, you will still need to study hard."
3806,103,にしても〜にしても,,にしても〜にしても,regardless of whether~ Verb Verb,N2,228,5,英語を学ぶにしても中国語を学ぶにしても⽬的や⽬標をはっきりしないと続か,ないよ。 えいごをまなぶにしてもちゅうごくをまなぶにしてももくてきやもくひょうをはっき りしないとつづかないよ。,"Whether you learn English or Chinese, you won't be able to continue on without clearly defining your objectives and goals."
3807,103,にしても〜にしても,,にしても〜にしても,regardless of whether~ Verb Verb,N2,228,6,⽝にしても猫にしてもこのマンションではペットを飼ってはいけないことにな,っている。 いぬにしてもねこにしてもこのマンションではペットをかってはいけないことになっ ている。,"Whether it is a dog or cat, pets are not allowed in this apartment building."
3808,103,にしても〜にしても,,にしても〜にしても,regardless of whether~ Verb Verb,N2,228,7,⾼いにしても安いにしても、必要なものは買わなければならない。,たかいにしてもやすいにしても、ひつようなものはかわなければならない。,Necessary items need to be bought regardless of whether they are expensive or cheap.
3809,103,にしても〜にしても,,にしても〜にしても,regardless of whether~ Verb Verb,N2,228,8,体調がいいにしても良くないにしても健康診断は定期的に受けておいた⽅がい,い。 たいちょうがいいにしてもよくないにしてもけんこうしんだんはていきてきにうけて おいたほうがいい。,"Regardless of if you feel good or bad, you should take regular health examinations."
3810,104,に沿って,にそって,に沿って (にそって),along with; in accordance with,N2,231,1,この坂道に沿って⾃転⾞で⾏けば、1時間半ぐらいで頂上に着きます。,このさかみちにそってじてんしゃでいけば、1じかんはんぐらいでちょうじょうにつき ます。,"If you go along this mountain road by bicycle, you will reach the peak in about an hour and a half."
3811,104,に沿って,にそって,に沿って (にそって),along with; in accordance with,N2,231,2,週末は、川の道に沿って⼆時間ほど仲間とサイクリングしました。,しゅうまつは、かわのみちにそってにじかんほどなかまとサイクリングしました。,"On the weekend, I went cycling for about 2 hours with my friends along the river path."
3812,104,に沿って,にそって,に沿って (にそって),along with; in accordance with,N2,231,3,この道を線路に沿って真っすぐ⾏くと、左側に美味しいケーキ屋があります。,このみちをせんろにそってまっすぐいくと、ひだりがわにおいしいケーキやがありま す。,"If you go straight along this road parallel to the railroad tracks, on the left side there is a delicious cake shop."
3813,104,に沿って,にそって,に沿って (にそって),along with; in accordance with,N2,231,4,今⽇はお配りしている資料の内容に沿って、発表いたします。,きょうはおくばりしているしりょうのないようにそって、はっぴょういたします。,Today I will make an announcement in accordance with the documents being handed out.
3814,104,に沿って,にそって,に沿って (にそって),along with; in accordance with,N2,231,5,祖⽗の遺産は、遺⾔に沿って分配しました。,そふのいさんは、ゆいごんにそってぶんぱいしました。,My grandfather's inheritance was divided up in accordance with his will.
3815,104,に沿って,にそって,に沿って (にそって),along with; in accordance with,N2,231,6,計画に沿って実施されているので、問題がないと思います。,けいかくにそってじっしされているので、もんだいがないとおもいます。,"Since we followed the plan, I don’t think there should be any problems."
3816,104,に沿って,にそって,に沿って (にそって),along with; in accordance with,N2,231,7,友達が書いてくれたメモに沿って探したけど、⼈気なコーヒー屋が⾒つけなか,った。 ともだちがかいてくれたメモにそってさがしたけど、にんきなコーヒーやがみつけな かった。,"I looked according to the memo my friend wrote for me, but I wasn't able to find the popular coffee shop."
3817,104,に沿って,にそって,に沿って (にそって),along with; in accordance with,N2,231,8,お客様⼀⼈⼀⼈のご希望に沿った旅⾏プランをお作りします。,おきゃくさまひとりひとりのごきぼうに沿ったりょこうプランをおつくりします。,We make travel plans in accordance to each customer's individual requests.
3818,105,に相違ない,にそういない,に相違ない (にそういない),without a doubt; certain; sure Verb (casual),N2,233,1,冷蔵庫に⼊れていたアイスクリームを⾷べたのは、娘に相違ない。,れいぞうこにいれていたアイスクリームをたべたのは、むすめにそういない。,I'm certain it was my daughter who ate the ice cream I put in the freezer.
3819,105,に相違ない,にそういない,に相違ない (にそういない),without a doubt; certain; sure Verb (casual),N2,233,2,その情報を漏らしたのは彼⼥に相違ない。,そのじょうほうをもらしたのはかのじょにそういない。,The one who leaked that information must be her.
3820,105,に相違ない,にそういない,に相違ない (にそういない),without a doubt; certain; sure Verb (casual),N2,233,3,この⽇本語学校は⾊々な国の学⽣がいる、楽しいに相違ない。,このにほんごがっこうはいろいろなくにのがくせいがいる、たのしいにそういない。,"This Japanese language school has students from various countries, it will certainly be enjoyable."
3821,105,に相違ない,にそういない,に相違ない (にそういない),without a doubt; certain; sure Verb (casual),N2,233,4,これだけの証拠があるなら、犯⼈はあの男に相違ない。,これだけのしょうこがあるなら、はんにんはあのおとこにそういない。,"With this much evidence, without a doubt that man is the criminal."
3822,105,に相違ない,にそういない,に相違ない (にそういない),without a doubt; certain; sure Verb (casual),N2,233,6,この絵の描き⽅を⾒ると⽗親が描いたものに相違ない。,このえのかきかたをみるとちちおやがかいたものにそういない。,"Looking at the way this was drawn, this is without a doubt my father's work."
3823,105,に相違ない,にそういない,に相違ない (にそういない),without a doubt; certain; sure Verb (casual),N2,233,7,調べた結果、それはこの時代に作られたものに相違ない。,しらべたけっか、それはこのじだいにつくられたものにそういない。,"From the results of the investigation, this was without a doubt made in this period."
3824,106,に過ぎない,にすぎない,に過ぎない (にすぎない),no more than; just; merely; only~ Verb (casual),N2,235,1,単に幸運だったにすぎない。,たんにこううんだったにすぎない。,That was just pure luck.
3825,106,に過ぎない,にすぎない,に過ぎない (にすぎない),no more than; just; merely; only~ Verb (casual),N2,235,2,これはまだ始まりにすぎない。,これはまだはじまりにすぎない。,This is only the beginning.
3826,106,に過ぎない,にすぎない,に過ぎない (にすぎない),no more than; just; merely; only~ Verb (casual),N2,235,3,そんなのは⾔い訳に過ぎない。,そんなのはいいわけにすぎない。,That's just an excuse.
3827,106,に過ぎない,にすぎない,に過ぎない (にすぎない),no more than; just; merely; only~ Verb (casual),N2,235,4,それはただの道具にすぎない。その道具をどう使うかが⼤切だ。,それはただのどうぐにすぎない。そのどうぐをどうつかうかがたいせつだ。,That is merely a tool. What is important is how you use it.
3828,106,に過ぎない,にすぎない,に過ぎない (にすぎない),no more than; just; merely; only~ Verb (casual),N2,235,5,病気で病院へ⾏ったといっても、ただの⾵邪に過ぎない。,びょうきでびょういんへいったといっても、ただのかぜにすぎない。,"Although i said that i went to the hospital because i was sick, it was just a normal cold."
3829,106,に過ぎない,にすぎない,に過ぎない (にすぎない),no more than; just; merely; only~ Verb (casual),N2,235,6,私はこの会社の⼀社員にすぎませんから、決定権はありません。,わたしはこのかいしゃのいっしゃいんにすぎませんから、けっていけんはありませ ん。,I am nothing more than an employee of this customer and have no decision making power.
3830,106,に過ぎない,にすぎない,に過ぎない (にすぎない),no more than; just; merely; only~ Verb (casual),N2,235,7,いくら働いても⼀ヶ⽉の収⼊は２０万円にすぎない。,いくらはたらいても⼀かげつのしゅうにゅうは２０まんえんにすぎない。,"No matter how hard i work, I can't earn more than 200,000 yen a month."
3831,106,に過ぎない,にすぎない,に過ぎない (にすぎない),no more than; just; merely; only~ Verb (casual),N2,235,8,学⽣にすぎないので、私は結婚する余裕がない。,がくせいにすぎないので、わたしはけっこんするよゆうがない。,"Being only a student, I can't afford to get married."
3832,107,に伴って,にともなって,に伴って (にともなって),as; due to; with; along with; following;,N2,237,1,それに伴って私たちの予定は再度変わるかもしれません。,それにともなってわたしたちのよていはさいどかわるかもしれません。,"Accordingly, our plans may change again."
3833,107,に伴って,にともなって,に伴って (にともなって),as; due to; with; along with; following;,N2,237,2,⼈⼝が増えるに伴って、いろいろな問題が起こってきた。,じんこうがふえるににともなって、いろいろなもんだいがおこってきた。,"As the population increased, various problems began to occur."
3834,107,に伴って,にともなって,に伴って (にともなって),as; due to; with; along with; following;,N2,237,3,彼は昨⽇のパーティーに婚約者に伴って来た。,かれはきのうのパーティーにこんやくしゃにともなってきた。,He came to yesterday's party with his fiance.
3835,107,に伴って,にともなって,に伴って (にともなって),as; due to; with; along with; following;,N2,237,4,会社を倒産に伴って、多くの社員が失業した。,かいしゃをとうさんにともなって、おおくのしゃいんがしつぎょうした。,"Following the company's bankruptcy, many employees lost their jobs."
3836,107,に伴って,にともなって,に伴って (にともなって),as; due to; with; along with; following;,N2,237,5,インターネットの普及に伴って、ネットで買い物をする⼈が増えた。,インターネットのふきゅうにともなって、ネットでかいものをするひとがふえた。,"With the spread of the internet, more and more people are shopping online."
3837,107,に伴って,にともなって,に伴って (にともなって),as; due to; with; along with; following;,N2,237,6,これに伴ってタイムスケジュールの変更をお願いします。,これにともなってタイムスケジュールのへんこうをおねがいします。,Please modify the time schedule according to this.
3838,107,に伴って,にともなって,に伴って (にともなって),as; due to; with; along with; following;,N2,237,7,機器の⼊れ替えに伴い、⼀時的にシステムを停⽌する。,ききのいれかえにともない、いちじてきにシステムをていしする。,"Due to the replacing of equipment, we will temporarily stop."
3839,107,に伴って,にともなって,に伴って (にともなって),as; due to; with; along with; following;,N2,237,8,⼊院に伴う費⽤は、会社の保険から⽀払われた。,にゅういんにともなうひようは、かいしゃのほけんからしはらわれた。,Costs from the hospitalization where paid from the company insurance.
3840,107,に伴って,にともなって,に伴って (にともなって),as; due to; with; along with; following;,N2,237,9,昇進に伴い、さまざまな責任が増えるだろう。,しょうしんにともない、さまざまなせきにんがふえるだろう。,With a promotion comes increased responsibilities.
3841,108,につけ,,につけ,every time; whenever; as; whether; in (either Verb (dictionary form),N2,239,1,その写真を⾒るにつけ、⼩学校のころを思い出す。,そのしゃしんをみるにつけ、しょうがっこうのころをおもいだす。,"Whenever I see that photo, I think back to my elementary school days."
3842,108,につけ,,につけ,every time; whenever; as; whether; in (either Verb (dictionary form),N2,239,2,環境汚染のニュースを聞くにつけて、健康への影響に不安を感じる。,かんきょうおせんのニュースをきくにつけて、けんこうへのえいきょうにふあんをか んじる。,Whenever I hear about environmental pollution on the news I worry about it's effect on our health.
3843,108,につけ,,につけ,every time; whenever; as; whether; in (either Verb (dictionary form),N2,239,3,謝るにつけ謝らないにつけ私は許しませんよ。,あやまるにつけあやまらないにつけわたしはゆるしませんよ。,"Whether you apologize or not, I will not forgive you."
3844,108,につけ,,につけ,every time; whenever; as; whether; in (either Verb (dictionary form),N2,239,4,⾬につけ、雪につけ、あの⼈は毎⽇⼀時間のジョギングを続ける。,あめにつけ、ゆきにつけ、あの⼈はまいにちいちじかんのジョギングをつづける。,"Whether it rains or snows, that person continues to jog for 1 hour every day."
3845,108,につけ,,につけ,every time; whenever; as; whether; in (either Verb (dictionary form),N2,239,5,⼀⽣懸命勉強する⼦供たちを⾒るにつけ、この仕事をやっていて、本当によか,ったと思う。 いしょうけんめいべんきょうするこどもたちをみるにつけ、このしごとをやってい て、ほんとうによかったとおもう。,"Whenever I see children working hard on their studies, I feel really glad to be doing this job."
3846,108,につけ,,につけ,every time; whenever; as; whether; in (either Verb (dictionary form),N2,239,6,彼⼥の⽣活を聞くにつけて、家庭教育の⼤切を感じる。,かのじょのせいかつをきくにつけて、かていきょういくのたいせつをかんじる。,"Whenever I ask her about her life, I really feel the importance of home education."
3847,108,につけ,,につけ,every time; whenever; as; whether; in (either Verb (dictionary form),N2,239,7,時々、勉強をやめたいこともあるが、電話で家族の声を聞くにつけて、もっと,頑張らなければならないと思う。 ときどき、べんきょうをやめたいこともあるが、でんわでかぞくのこえをきくにつけ て、もっとがんばらなければならないとおもう。,"There are times when I want to quit studying, but whenever I hear my family's voice on the phone I feel like I must work harder."
3848,109,につき,,につき,due to; because of; per; each Noun + につき,N2,241,1,昼休みにつき、事務所は2時まで休みです。,ひるやすみにつき、じむしょはじまでやすみです。,The office will be closed until 2 o’clock due to the lunch break.
3849,109,につき,,につき,due to; because of; per; each Noun + につき,N2,241,2,現在、⼯事中につき、このエリアは通⾏ができません。,げんざい、こうじちゅうにつき、このエリアはつうこうができません。,"Due to this area being currently under construction, you cannot pass through."
3850,109,につき,,につき,due to; because of; per; each Noun + につき,N2,241,3,店内改装につき、しばらく休業いたします。,てんないかいそうにつき、しばらくきゅうぎょういたします。,"Due to store interior remodeling, this shop will be closed for a while."
3851,109,につき,,につき,due to; because of; per; each Noun + につき,N2,241,4,冷房中につき、部屋に⼊る時はドアを閉めてください。,れいぼうちゅうにつき、へやにはいるときはドアをしめてください。,"Because the AC is running, please close the door when you enter the room."
3852,109,につき,,につき,due to; because of; per; each Noun + につき,N2,241,5,会議中につき中に⼊ってはいけない。ここでお待ちください。,かいぎちゅうにつきなかにはいってはいけない。ここおまちください。,"Because there is a meeting going on, you cannot enter inside. Please wait here."
3853,109,につき,,につき,due to; because of; per; each Noun + につき,N2,241,6,現在、この商品は製造中⽌につき、販売しておりません。,げんざい、このしょうひんはせいぞうちゅうしにつき、はんばいしておりません。,"Because production of this product has been stopped, it is currently not being sold."
3854,109,につき,,につき,due to; because of; per; each Noun + につき,N2,241,7,この幼稚園は⼦供１０⼈につき⼀⼈の先⽣が配置されている。,このようちえんはこども１０にんにつきひとりのせんせいがはいちされている。,One teacher is in charge of 10 kids at this kindergarten.
3855,110,にわたって,,にわたって,throughout; over a period of~ Noun にわたって,N2,243,1,道路は数マイルにわたってまっすぐ続いていた。,どうろはすうまいるにわたってまっすぐつづいていた。,The road ran straight for several miles.
3856,110,にわたって,,にわたって,throughout; over a period of~ Noun にわたって,N2,243,2,広い地域にわたって⼤雪が降った。,ひろいちいきにわたっておおゆきがふった。,There was heavy snow over a large area.
3857,110,にわたって,,にわたって,throughout; over a period of~ Noun にわたって,N2,243,3,⾬が１週間にわたって降り続いた。,あめが１しゅうかんにわたってふりつづいた。,The rain continued throughout the entire week.
3858,110,にわたって,,にわたって,throughout; over a period of~ Noun にわたって,N2,243,4,この会社は2世紀にわたって、おもちゃを作っている。,このかいしゃは２せいきにわたって、おもちゃをつくっている。,This company has been making toys for 2 centuries.
3859,110,にわたって,,にわたって,throughout; over a period of~ Noun にわたって,N2,243,5,彼の知識は広範囲にわたっている。,かれのちしきはこうはんいにわたっている。,His knowledge is very extensive.
3860,110,にわたって,,にわたって,throughout; over a period of~ Noun にわたって,N2,243,6,⻑年にわたる戦争のため、あの美しかった街はすっかり変わってしまった。,ながねんにわたるせんそうのため、あのうつくしかったまちはすっかりかわってしま った。,"Due to the war that lasted many years, the once beautiful village had completely changed."
3861,110,にわたって,,にわたって,throughout; over a period of~ Noun にわたって,N2,243,7,3時間にわたる激しい議論の末、ようやく意⾒がまとまった。,３じかんにわたるはげしいぎろんのすえ、ようやくいけんがまとまった。,"After 3 hours of intense debate, we finally unified everyone's opinions."
3862,110,にわたって,,にわたって,throughout; over a period of~ Noun にわたって,N2,243,8,前半と後半、あわせて90分にわたる試合で、両チームとも得点があげられず、,結局引き分けでした。 ぜんはんとこうはん、あわせて９０ぷんにわたるしあいで、りょうチームともとくて んがあげられず、けっきょくひきわけでした。,"With the first and second half combining to a mach that lasted 90 minutes, both teams did not concede any points and the match ended in a draw."
3863,111,にも関わらず,にもかかわらず,にも関わらず (にもかかわらず),despite; in spite of; nevertheless; although~ Verb (casual),N2,245,1,⼤学⽣にも関わらず、基本的な漢字が書けない⼈もいる。,だいがくせいにもかかわらず、きほんてきなかんじがかけないひともいる。,"Despite being university students, there are some people who cannot write basic kanji."
3864,111,にも関わらず,にもかかわらず,にも関わらず (にもかかわらず),despite; in spite of; nevertheless; although~ Verb (casual),N2,245,2,問題が易しかったにも関わらず、不注意でミスをしてしまった。,もんだいがやさしかったにもかかわらず、ふちゅういでミスをしてしまった。,"Even though the problem was easy, I made a careless mistake."
3865,111,にも関わらず,にもかかわらず,にも関わらず (にもかかわらず),despite; in spite of; nevertheless; although~ Verb (casual),N2,245,3,⼀⽣懸命勉強したにも関わらず、⼊りたかった⼤学の試験に落ちてしまった。,いっしょうけんめいべんきょうしたにもかかわらず、はいりたかっただいがくのしけ んにおちてしまった。,"Despite studying to the best of my ability, I failed the entrance exam for my target university."
3866,111,にも関わらず,にもかかわらず,にも関わらず (にもかかわらず),despite; in spite of; nevertheless; although~ Verb (casual),N2,245,4,彼は全く⽇本語が話せないにも関わらず、⽇本で⽣活したいと⾔っている。,かれはまったくにほんごがはなせないにもかかわらず、にほんでせいかつしたいとい っている。,"He says he wants to live in Japan, despite not being able to speak Japanese at all."
3867,111,にも関わらず,にもかかわらず,にも関わらず (にもかかわらず),despite; in spite of; nevertheless; although~ Verb (casual),N2,245,5,校則で禁⽌されているにも関わらず、授業中にスマホを使う学⽣が多い。,こうそくできんしされているにもかかわらず、じゅぎょうちゅうにスマホをつかうが くせいがおおい。,"Despite being banned by school regulations, many students use smartphones during class."
3868,111,にも関わらず,にもかかわらず,にも関わらず (にもかかわらず),despite; in spite of; nevertheless; although~ Verb (casual),N2,245,6,彼⼥は⽇本語が上⼿であるにも関わらず、⽇本⼈と会話する時はいつも英語を,使う。 かのじょはにほんごがじょうずであるにもかかわらず、にほんじんとかいわするとき はいつもえいごをつかう。,"Although she is good at Japanese, she always uses English when speaking to Japanese people."
3869,111,にも関わらず,にもかかわらず,にも関わらず (にもかかわらず),despite; in spite of; nevertheless; although~ Verb (casual),N2,245,7,友だちは私より成績が良かったにも関わらず、試験で実⼒が出せずに、不合格,になった。 ともだちはわたしよりせいせきがよかったにもかかわらず、しけんでじつりょくがだ せずに、ふごうかくになった。,"Although my friend has better grades than me, they didn't give it their all on the exam and ended up failing."
3870,111,にも関わらず,にもかかわらず,にも関わらず (にもかかわらず),despite; in spite of; nevertheless; although~ Verb (casual),N2,245,8,ずっと待っていたので明⽇の天候にも関わらず、友⼈と旅⾏に⾏きたいです。,ずっとまっていたのであしたのてんこうにもかかわらず、ゆうじんとりょこうにいき たいです。,I've been waiting so long for this and I want to travel with my friends tomorrow regardless of the weather.
3871,112,にて,,にて,"in, at, with, by (formal particle) Noun にて",N2,248,1,今回のイベントは駅前にて⾏います。,こんかいのイベントはえきまえにておこないます。,This event will be held in front of the station.
3872,112,にて,,にて,"in, at, with, by (formal particle) Noun にて",N2,248,2,質問があれば電話かメールにて連絡ください。,しつもんがあればでんわかメールにてれんらくください。,"If there are any questions, please contact us by phone or email."
3873,112,にて,,にて,"in, at, with, by (formal particle) Noun にて",N2,248,3,この資料は⼤事なものですので、書留便にて送ります。,このしりょうはだいじなものですので、かきとめびんにておくります。,"These documents are very important, so I will send them by registered mail."
3874,112,にて,,にて,"in, at, with, by (formal particle) Noun にて",N2,248,4,週末の試合は⾬の場合だと、体育館にて⾏います。,しゅうまつのしあいはあめのばあいだと、たいいくかんにておこないます。,The weekend match will be held in the gymnasium in the event of rain.
3875,112,にて,,にて,"in, at, with, by (formal particle) Noun にて",N2,248,5,こちらへどうぞ︕安⽥さんは3階の会議室にてお待ちしております。,こちらへどうぞ︕やすださんは3かいのかいぎしつにておまちしております。,Please come over this way. Mr. Yasuda is waiting in the meeting room on the 3rd floor.
3876,112,にて,,にて,"in, at, with, by (formal particle) Noun にて",N2,248,6,最後のシーンは京都のお寺にて撮影されたそうです。,さいごのシーンはきょうとのおてらにてさつえいされたそうです。,The last scene will be shot at a temple in Tokyo.
3877,112,にて,,にて,"in, at, with, by (formal particle) Noun にて",N2,248,7,報告会は南の会場にて7時より⾏われます。,ほうこくかいはみなみのかいじょうにて7じよりおこなわれます。,The briefing will be held at 7 o'clock at the South meeting hall.
3878,113,のももっともだ,,のももっともだ,no wonder; …is only natural Verb (casual) + のも,N2,250,1,彼が仕事を辞めるのももっともだ。,かれがしごとをやめるのももっともだ。,He has every reason to quit his job.
3879,113,のももっともだ,,のももっともだ,no wonder; …is only natural Verb (casual) + のも,N2,250,2,彼⼥は毎⽇頑張って勉強している。N2に合格したのももっともだ。,かのじょはまいにちがんばってべんきょうしている。N2にごうかくしたのももっとも だ。,She works hard every day with her studies. It's no wonder she passed the N2.
3880,113,のももっともだ,,のももっともだ,no wonder; …is only natural Verb (casual) + のも,N2,250,3,あなたはよく嘘ついたから、みんなが信⽤しないのももっともだ。,あなたはよくうそついたから、みんながしんようしないのももっともだ。,"You often lie, so it's only natural that no one trusts you."
3881,113,のももっともだ,,のももっともだ,no wonder; …is only natural Verb (casual) + のも,N2,250,4,⼤切な⼈が亡くなったから、落ち込むのももっともだ。,たいせつなひとがなくなったから、おちこむのももっともだ。,"They lost someone close to them, so it's only natural to be down."
3882,113,のももっともだ,,のももっともだ,no wonder; …is only natural Verb (casual) + のも,N2,250,5,⼦供が初めて⼀⼈暮らしをするから、親が⼼配するのももっともだ。,こどもがはじめてひとりぐらしをするから、おやがしんぱいするのももっともだ。,"When it's their child's first time living alone, it's only natural for parents to worry."
3883,113,のももっともだ,,のももっともだ,no wonder; …is only natural Verb (casual) + のも,N2,250,6,あなたが浮気したから、奥さんが許さないのももっともだ。,あなたがうわきしたから、おくさんがゆるさないのももっともだ。,"You cheated, so it's only natural your wife does not forgive you."
3884,113,のももっともだ,,のももっともだ,no wonder; …is only natural Verb (casual) + のも,N2,250,7,彼⼥は無駄遣いばかりしている。貯⾦できないのももっともだ。,かのじょはむだづかいばかりしている。ちょきんできないのももっともだ。,"She keeps wasting her money, so it's no wonder why can't save any."
3885,113,のももっともだ,,のももっともだ,no wonder; …is only natural Verb (casual) + のも,N2,250,8,あなたが約束を破ったのだから、彼⼥が怒るのももっともだと思う。,あなたがやくそくをやぶったのだから、かのじょがおこるのももっともだとおもう。,"You broke your promise, so I think it's only natural for her to be upset."
3886,114,の下で,のもとで,の下で (のもとで),under; with~,N2,252,1,⽇本語を勉強するなら英語が話せる先⽣の下で勉強したいです。,にほんごをべんきょうするならえいごがはなせるせんせいのもとでべんきょうしたい です。,"If I am going to study Japanese, I want to study under a teacher who can speak English."
3887,114,の下で,のもとで,の下で (のもとで),under; with~,N2,252,2,私は⼩さい時にそれを⺟の下で教わった。,わたしはちいさいときにそれをははのもとでおそわった。,I was taught that by my mother at a young age.
3888,114,の下で,のもとで,の下で (のもとで),under; with~,N2,252,3,私はいつも⽊と太陽の下で過ごしています。,私はいつも⽊と太陽の下で過ごしています。,I am always spending time under the trees and sun.
3889,114,の下で,のもとで,の下で (のもとで),under; with~,N2,252,4,法の下では全ての⼈は平等だ。,ほうのもとではすべてのひとはびょうどうだ。,"Under the law, all humans are equal."
3890,114,の下で,のもとで,の下で (のもとで),under; with~,N2,252,5,この規則は特定の状況の下では適⽤されない。,このきそくはとくていのじょうきょうのもとではてきようされない。,This rule doesn't apply under certain circumstances.
3891,114,の下で,のもとで,の下で (のもとで),under; with~,N2,252,6,⼦供たちが⻘空の下で元気に遊んでいる。,こどもたちがあおぞらの下でげんきにあそんでいる。,Children are energetically playing under the blue sky.
3892,114,の下で,のもとで,の下で (のもとで),under; with~,N2,252,7,彼は有名なデザイナーの下で、3年間勉強してきたそうだ。,かれはゆうめいなデザイナーのもとで、3ねんかんべんきょうしてきたそうだ。,He has apparently been studying for three years under a famous designer.
3893,114,の下で,のもとで,の下で (のもとで),under; with~,N2,252,8,先⽣のご指導の下、研究論⽂を書いています。,せんせいのごしどうのもと、けんきゅうろんぶんをかいています。,I am writing my research thesis under the guidance of my teacher.
3894,114,の下で,のもとで,の下で (のもとで),under; with~,N2,252,9,地震で親を亡くなった彼は、祖⽗⺟の下で育てられた。,じしんでおやをなくなったかれは、そふぼのもとでそだてられた。,He lost his parents in the earthquake and was raised by his grandparents.
3895,115,の上では,のうえでは,の上では (のうえでは),according to; from the viewpoint of~,N2,254,1,規則の上では彼はまだ学⽣だ。,きそくのうえではかれはまだがくせいだ。,"According to the rules, he is still a student."
3896,115,の上では,のうえでは,の上では (のうえでは),according to; from the viewpoint of~,N2,254,2,彼は仕事の上では私の先輩だ。,かれはしごとのうえではわたしのせんぱいだ。,He has more experience on the job than I do.
3897,115,の上では,のうえでは,の上では (のうえでは),according to; from the viewpoint of~,N2,254,3,彼⼥は健康上の理由で学校をやめた。,かのじょはけんこううえのりゆうでがっこうをやめた。,She quit school for health reasons.
3898,115,の上では,のうえでは,の上では (のうえでは),according to; from the viewpoint of~,N2,254,4,法律上、⽇本⼈は⼆⼗歳にならないとタバコを吸ったり、お酒を飲んだりでき,ない。 ほうりつうえ、にほんじんははたちにならないとタバコをすったり、おさけをのんだ りできない。,"According to the law, Japanese people cannot smoke or drink until they turn 20 years old."
3899,115,の上では,のうえでは,の上では (のうえでは),according to; from the viewpoint of~,N2,254,5,ニュースの上では、市役所の前で⼤変な事故が起こった。,ニュースのうえでは、しやくしょのまえでたいへんなじこがおこった。,"According to the news, a terrible accident occurred in front of the city hall."
3900,115,の上では,のうえでは,の上では (のうえでは),according to; from the viewpoint of~,N2,254,6,この図の上では、去年と⽐べたら今年の売上が下がっています。,このずのうえでは、きょねんとくらべたらことしのうりあげがさがっています。,"According to this figure, compared to last year, profits this year are decreasing."
3901,115,の上では,のうえでは,の上では (のうえでは),according to; from the viewpoint of~,N2,254,7,この本のすべての登場⼈物は想像上のものです。,このほんのすべてのとうじょうじんぶつはそうぞううえのものです。,All the characters in this book are imaginary.
3902,115,の上では,のうえでは,の上では (のうえでは),according to; from the viewpoint of~,N2,254,8,このテレビ番組は⼦供の教育上よくない。,このテレビばんぐみはこどものきょういくうえよくない。,This TV show is not good for children's education.
3903,116,のみならず,,のみならず,not only; besides; as well as~ Verb (dictionary form),N2,256,1,彼は英語のみならず、スペイン語も話せる。,かれはえいごのみならず、スペインごもはなせる。,"Not only does he speak English, he speaks Spanish as well."
3904,116,のみならず,,のみならず,not only; besides; as well as~ Verb (dictionary form),N2,256,2,彼のアニメは国内のみならず、海外でも⼈気がある。,かれのアニメはこくないのみならず、かいがいでもにんきがある。,"His anime is popular not only in Japan, but internationally as well."
3905,116,のみならず,,のみならず,not only; besides; as well as~ Verb (dictionary form),N2,256,3,健康のためには、⾷事のみならず、⽣活リズムも重要になってくる。,けんこうのためには、しょくじのみならず、せいかつリズムもじゅうようになってく る。,"For your health, not only is diet important, but so is the rhythm of your lifestyle."
3906,116,のみならず,,のみならず,not only; besides; as well as~ Verb (dictionary form),N2,256,4,学⽣のみならず、教師もスポーツ⼤会に参加することになっている。,がくせいのみならず、きょうしもスポーツたいかいにさんかすることになっている。,"Not only the students, but the teachers as well will be participating in the sports festival."
3907,116,のみならず,,のみならず,not only; besides; as well as~ Verb (dictionary form),N2,256,5,こちらの製品は⽇本国内のみならず、海外でも広くご利⽤いただいています。,こちらのせいひんはにほんこくないのみならず、かいがいでもひろくりよういただい ています。,"This product is not only being widely used in Japan, but internationally as well."
3908,116,のみならず,,のみならず,not only; besides; as well as~ Verb (dictionary form),N2,256,6,この不景気では中⼩企業のみならず、⼤企業でも経費の削減をしている。,このふけいきではちゅうしょうきぎょうのみならず、だいきぎょうでもけいひのさく げんをしている。,"In this recession, not only small and medium-sized companies but also large companies are cutting costs."
3909,116,のみならず,,のみならず,not only; besides; as well as~ Verb (dictionary form),N2,256,7,⽬の前で起きた事故を、私のみならず、他の⼈もカメラで撮影していた。,めのまえでおきたじこを、わたしのみならず、ほかのひともカメラでさつえいしてい た。,"The accident that happened right in front of me wasn't just seen by me, other people also recorded it on their cameras."
3910,117,ぬ,,ぬ,negative verb conjugation; traditional Verb ない ぬ,N2,258,1,知らぬが仏。,しらぬがほとけ。,Ignorance is bliss.
3911,117,ぬ,,ぬ,negative verb conjugation; traditional Verb ない ぬ,N2,258,2,彼は何にも知らぬ。,かれはなにもしらぬ。,He knows nothing.
3912,117,ぬ,,ぬ,negative verb conjugation; traditional Verb ない ぬ,N2,258,3,どの本も気に⼊らぬ。,どのほんもきにいらぬ。,None of these books interest me.
3913,117,ぬ,,ぬ,negative verb conjugation; traditional Verb ない ぬ,N2,258,4,⼈は働かねばならぬ。,ひとははたらかねばならぬ。,Man must work.
3914,117,ぬ,,ぬ,negative verb conjugation; traditional Verb ない ぬ,N2,258,5,是⾮そうでなければならぬ,ぜひそうでなければならぬ。,It must be so.
3915,117,ぬ,,ぬ,negative verb conjugation; traditional Verb ない ぬ,N2,258,6,いらぬお世話だ。,いらぬおせわだ。,It is none of your business.
3916,117,ぬ,,ぬ,negative verb conjugation; traditional Verb ない ぬ,N2,258,7,四⼈の旅⼈たちは眠れぬ夜を過ごしました。,ほんにんのたびひとたちはねむれぬよるをすごしました。,The four travelers spent a sleepless night.
3917,117,ぬ,,ぬ,negative verb conjugation; traditional Verb ない ぬ,N2,258,8,⾝の程を知らぬ奴だ。,みのほどをしらぬやつだ。,He should know his place.
3918,118,抜く,ぬく,抜く (ぬく),to do something from beginning to end; Verb ます (stem form) 抜く,N2,262,1,彼は、何においても頑張り抜く。,かれは、なににおいてもがんばりぬく。,He tries to do his best in everything.
3919,118,抜く,ぬく,抜く (ぬく),to do something from beginning to end; Verb ます (stem form) 抜く,N2,262,2,あなたはこの仕事を最後までやり抜くことができますか。,あなたはこのしごとをさいごまでやりぬくことができますか。,Can you stick to this job until it's completed?
3920,118,抜く,ぬく,抜く (ぬく),to do something from beginning to end; Verb ます (stem form) 抜く,N2,262,3,どんなに苦しくても最後まで⾛り抜くつもりだ。,どんなにくるしくてもさいごまではしりぬくつもりだ。,"No matter how painful it may be, I plan to run all the way until the end."
3921,118,抜く,ぬく,抜く (ぬく),to do something from beginning to end; Verb ます (stem form) 抜く,N2,262,4,彼は決めたことは守り抜くでしょう。,かれはきめたことはまもりぬくでしょう。,He will probably stick with the things he's decided on till the end.
3922,118,抜く,ぬく,抜く (ぬく),to do something from beginning to end; Verb ます (stem form) 抜く,N2,262,5,⼤変な仕事でも、やり抜く⾃信があります。,たいへんなしごとでも、やりぬくじしんがあります。,"Even if the work is difficult, I have confidence to do it to the end."
3923,118,抜く,ぬく,抜く (ぬく),to do something from beginning to end; Verb ます (stem form) 抜く,N2,262,6,彼は10年間⾬の⽇も⾵の⽇もジョギングをやり抜いた。,かれは10ねんかんあめのひもかぜのひもジョギングをやりぬいた。,"He's been jogging for 10 years, even on rainy or windy days."
3924,118,抜く,ぬく,抜く (ぬく),to do something from beginning to end; Verb ます (stem form) 抜く,N2,262,7,フルマラソンはとても⻑く⾟かったのですが、なんとか最後まで⾛り抜きまし,た。 フルマラソンはとてもながくつらかったのですが、なんとかさいごまではしりぬきま した。,"The full marathon was very long and painful, but somehow I managed to finish running all the way until the end."
3925,118,抜く,ぬく,抜く (ぬく),to do something from beginning to end; Verb ます (stem form) 抜く,N2,262,8,優勝するには、これから5つ試合を勝ち抜いていかなければならない。,ゆうしょうするには、これからいつつしあいをかちぬいていかなければならない。,"In order to achieve overall victory, we must win each of these 5 matches."
3926,119,を契機に,をけいきに,を契機に (をけいきに),as a good opportunity/chance to; as a result,N2,264,1,⼊院を契機に、今後はできるだけ毎⽇運動しようと思った。,にゅういんをけいきに、こんごはできるだけまいにちうんどうしようとおもった。,"As a result of my hospitalization, I am thinking to work out as much as possible every day from now on."
3927,119,を契機に,をけいきに,を契機に (をけいきに),as a good opportunity/chance to; as a result,N2,264,2,⼊社試験に落ちたのを契機に英会話の勉強を始めた。,にゅうしゃしけんにおちたのをけいきにえいかいわのべんきょうをはじめた。,I made the best of failing the company entrance exam and started studying English conversation.
3928,119,を契機に,をけいきに,を契機に (をけいきに),as a good opportunity/chance to; as a result,N2,264,3,⽗は病気を契機にお酒を辞めました。,ちちはびょうきをけいきにおさけをやめました。,My father's illness helped him to quit drinking alcohol.
3929,119,を契機に,をけいきに,を契機に (をけいきに),as a good opportunity/chance to; as a result,N2,264,4,昨年の事故を契機として、安全対策を強化された。,さくねんのじこをけいきとして、あんぜんたいさくをきょうかされた。,Safety measures have been strengthened as a result of last year's accident.
3930,119,を契機に,をけいきに,を契機に (をけいきに),as a good opportunity/chance to; as a result,N2,264,5,もうすぐタバコの値上がりになるので、これを契機に辞めることにしました。,もうすぐタバコのねあがりになるので、これをけいきにやめることにしました。,"Soon the prices of cigarettes will go up, so I decided to take this as an opportunity to quit."
3931,119,を契機に,をけいきに,を契機に (をけいきに),as a good opportunity/chance to; as a result,N2,264,6,夫は病気を契機に⾷⽣活を⾒直したり、運動したりするようになった。,おっとはびょうきをけいきにしょくせいかつをみなおしたり、うんどうしたりするよ うになった。,"As a result of my husband's illness, he started improving his diet and working out."
3932,119,を契機に,をけいきに,を契機に (をけいきに),as a good opportunity/chance to; as a result,N2,264,7,⼦供の病気になったのを契機に、健康管理をもっと注意するようにします。,こどものびょうきになったのをけいきに、けんこうかんりをもっとちゅういするよう にします。,I will learn from this experience of my child getting sick and be more cautious about health management moving forward.
3933,119,を契機に,をけいきに,を契機に (をけいきに),as a good opportunity/chance to; as a result,N2,264,8,勤めていた会社が倒産したのを契機に独⽴することにしました。,つとめていたかいしゃがとうさんしたのをけいきにどくりつすることにしました。,I decided to become independent after the company I worked for went bankrupt.
3934,120,をめぐって,,をめぐって,concerning; in regard to~,N2,266,1,⽗の残した⼟地をめぐって、兄弟喧嘩が続いていく。,ちちののこしたとちをめぐって、きょうだいけんかがつづいていく。,"Concerning the father's leftover land, the fight among siblings continues."
3935,120,をめぐって,,をめぐって,concerning; in regard to~,N2,266,2,昨⽇の会議では、新しい計画をめぐって、様々な意⾒が出された。,きのうのかいぎでは、あたらしいけいかくをめぐって、さまざまないけんがだされ た。,"At yesterday's meeting, many opinions were given regarding the new plan."
3936,120,をめぐって,,をめぐって,concerning; in regard to~,N2,266,3,オリンピックの代表をめぐって、最後のレースが⾏われます。,オリンピックの代表をめぐって、最後のレースが⾏われます。,The final race with the Olympic representatives will take place.
3937,120,をめぐって,,をめぐって,concerning; in regard to~,N2,266,4,そのドラマは、⼀⼈の⼥性をめぐって、三⼈の男性が戦う話です。,そのドラマは、ひとりのじょせいをめぐって、さんにんのだんせいがたたかうはなし です。,That drama is about three men fighting over one woman.
3938,120,をめぐって,,をめぐって,concerning; in regard to~,N2,266,5,環境の問題をめぐって多くの意⾒が出された。,かんきょうのもんだいをめぐっておおくのいけんがだされた。,Many opinions were proposed regarding the environmental issues.
3939,120,をめぐって,,をめぐって,concerning; in regard to~,N2,266,6,その問題をめぐって、みんなが⽅策を考えようとして、少し間があった。,そのもんだいをめぐって、みんながほうさくをかんがえようとして、すこしあいだが あった。,There was a pause while everyone tried to think of a way around the problem.
3940,120,をめぐって,,をめぐって,concerning; in regard to~,N2,266,7,⼈事削減をめぐって、社内は険悪な雰囲気となった。,じんじさくげんをめぐって、しゃないはけんあくなふんいきとなった。,"With the staff reduction, the atmosphere inside the company became severely bad."
3941,121,をもとに,,をもとに,based on; derived from; building on;,N2,268,1,試験の結果をもとにしてクラス分けを⾏います。,しけんのけっかをもとにしてクラスわけをおこないます。,We’ll divide the class based on the test results.
3942,121,をもとに,,をもとに,based on; derived from; building on;,N2,268,2,この映画は実際にあった話をもとに作られた。,このえいがはじっさいにあったはなしをもとにつくられた。,This movie was made based on things that actually happened.
3943,121,をもとに,,をもとに,based on; derived from; building on;,N2,268,3,友だちのアドバイスをもとに、新しいビジネスを始めた。,ともだちのアドバイスをもとに、あたらしいビジネスをはじめた。,"Based on advice from my friend, I've started a new business."
3944,121,をもとに,,をもとに,based on; derived from; building on;,N2,268,4,⼈の噂だけをもとにして⼈の判断するのは良くないだと思います。,ひとのうわさだけをもとにしてひとのはんだんするのはよくないだとおもいます。,I don't think it's good to judge people based only on rumors.
3945,121,をもとに,,をもとに,based on; derived from; building on;,N2,268,5,調査団からの報告をもとに救援物資の調達が⾏われた。,ちょうさだんからのほうこくをもとにきゅうえんぶっしのちょうたつがおこなわれ た。,Relief supplies were procured based on reports from the inspection team.
3946,121,をもとに,,をもとに,based on; derived from; building on;,N2,268,6,実際にあった事件をもとに映画化して⼤ヒットした作品です。,じっさいにあったじけんをもとにえいがかしてだいヒットしたさくひんです。,This is a hugely successful movie that’s based on a case that actually happened.
3947,121,をもとに,,をもとに,based on; derived from; building on;,N2,268,7,ファンの⼈気投票をもとに、今年の歌のベストテンが決まります。,ファンのにんきとうひょうをもとに、ことしのうたのベストテンがきまります。,This year's top 10 songs will be decided based on the fan's popular vote.
3948,122,を除いて,をのぞいて,を除いて (をのぞいて),except; with the exception of; excluding~ を除いて(は),N2,270,1,彼は⽇曜⽇を除いて毎⽇働いている。,かれはにちようびをのぞいてまいにちはたらいている。,He works every day except Sundays.
3949,122,を除いて,をのぞいて,を除いて (をのぞいて),except; with the exception of; excluding~ を除いて(は),N2,270,2,"この本は２,３の間違いを除いて、とてもよい本です。","このほんは２,３のまちがいをのぞいて、とてもよいほんです。",This book is very good except for a few mistakes.
3950,122,を除いて,をのぞいて,を除いて (をのぞいて),except; with the exception of; excluding~ を除いて(は),N2,270,3,うちの娘は⾷事の時を除いてずっと⾃分の部屋にいる。,うちのむすめはしょくじのときをのぞいてずっとじぶんのへやにいる。,Our daughter spends all of her time with the exception of meals inside her room.
3951,122,を除いて,をのぞいて,を除いて (をのぞいて),except; with the exception of; excluding~ を除いて(は),N2,270,4,私は⽕曜⽇を除いてはいつでも空いています。,わたしはかようびをのぞいてはいつでもあいています。,I’m free the whole week except Tuesday.
3952,122,を除いて,をのぞいて,を除いて (をのぞいて),except; with the exception of; excluding~ を除いて(は),N2,270,5,私を除いて、この部屋には誰もいませんでした。,わたしをのぞいて、このへやにはだれもいませんでした。,"Other than me, there was no one in this room."
3953,122,を除いて,をのぞいて,を除いて (をのぞいて),except; with the exception of; excluding~ を除いて(は),N2,270,6,今回の試験はいちばん難しいものを除いてすべての問題に答えた。,こんかいのしけんはいちばんむずかしいものをのぞいてすべてのもんだいにこたえ た。,On this exam I was able to answer every question other than the most difficult one.
3954,122,を除いて,をのぞいて,を除いて (をのぞいて),except; with the exception of; excluding~ を除いて(は),N2,270,7,この仕事は楽だし、給料もいいし、通勤時間が⻑いことを除けば⽂句ない。,このしごとはらくだし、きゅうりょうもいいし、つうきんじかんがながいことをのぞ けばもんくない。,This job is easy and the salary is good. I have no complaints except that the working hours are too long.
3955,123,を問わず,をとわず,を問わず (をとわず),regardless of; irrespective of; no matter Noun を問わず,N2,272,1,この公園では季節を問わず美しい花が⾒られます。,このこうえんではきせつをとわずうつくしいはながみられます。,You can see beautiful flowers in this park regardless of the season.
3956,123,を問わず,をとわず,を問わず (をとわず),regardless of; irrespective of; no matter Noun を問わず,N2,272,2,このスポーツクラブは年齢を問わず誰でも⼊れます。,このスポーツクラブはねんれいをとわずだれでもはいれます。,"Anyone can join this sports club, regardless of age."
3957,123,を問わず,をとわず,を問わず (をとわず),regardless of; irrespective of; no matter Noun を問わず,N2,272,3,⾼い安いの値段を問わず、私はいいものを買いたいです。,たかいやすいのねだんをとわず、わたしはいいものをかいたいです。,"Regardless of if the price is high or low, I want to buy good items."
3958,123,を問わず,をとわず,を問わず (をとわず),regardless of; irrespective of; no matter Noun を問わず,N2,272,4,学歴、経験を問わず、やる気がある社員を募集します。,がくれき、けいけんをとわず、やるきがあるしゃいんをぼしゅうします。,"Regardless of education and experience, we are looking for employees with motivation."
3959,123,を問わず,をとわず,を問わず (をとわず),regardless of; irrespective of; no matter Noun を問わず,N2,272,5,この島には、季節を問わず、多くの観光客が訪れる。,このしまには、きせつをとわず、おおくのかんこうきゃくがおとずれる。,"Regardless of the season, this island is always visited by many tourists."
3960,123,を問わず,をとわず,を問わず (をとわず),regardless of; irrespective of; no matter Noun を問わず,N2,272,6,インターネットが発達したことで、場所を問わずどこでも仕事ができるように,なった。 インターネットがはったつしたことで、ばしょをとわずどこでもしごとができるよう になった。,"With the development of the internet, we've become able to do work from anywhere, regardless of location."
3961,123,を問わず,をとわず,を問わず (をとわず),regardless of; irrespective of; no matter Noun を問わず,N2,272,7,彼は国籍を問わず、どんな⼈とでもコミュニケーションを取ることができる。,かれはこくせきをとわず、どんなひととでもコミュニケーションをとることができ る。,"He can communicate with anyone, regardless of their nationality."
3962,124,お〜願う,お〜ねがう,お〜願う (お〜ねがう),please do; could you please…; I ask of you お + Verb ます (stem form),N2,274,1,しばらくお待ち願います。,しばらくおまちねがいます。,Please wait a moment.
3963,124,お〜願う,お〜ねがう,お〜願う (お〜ねがう),please do; could you please…; I ask of you お + Verb ます (stem form),N2,274,2,図書館では⼩さな声でお話し願います。,としょかんではちいささなこえでおはなしねがいます。,Please speak in a small voice in the library.
3964,124,お〜願う,お〜ねがう,お〜願う (お〜ねがう),please do; could you please…; I ask of you お + Verb ます (stem form),N2,274,3,ご提案の詳細についてお聞かせ願えますか︖,ごていあんのしょうさいについておきかせねがえますか︖,Would you please share the details of your proposal?
3965,124,お〜願う,お〜ねがう,お〜願う (お〜ねがう),please do; could you please…; I ask of you お + Verb ます (stem form),N2,274,4,ご⾃分のシートベルトが安全にかかっているかお確かめ願います。,ごじぶんのシートベルトがあんぜんにかかっているかおたしかめねがいます。,Please make sure that your seat-belt is securely fastened.
3966,124,お〜願う,お〜ねがう,お〜願う (お〜ねがう),please do; could you please…; I ask of you お + Verb ます (stem form),N2,274,5,私は明⽇休みますと、安⽥課⻑にお伝え願えますか。,わたしはあしたやすみますと、やすだかちょうにおつたえねがえますか。,Could you please inform section manager Yasuda that I will be absent tomorrow.
3967,124,お〜願う,お〜ねがう,お〜願う (お〜ねがう),please do; could you please…; I ask of you お + Verb ます (stem form),N2,274,6,その書類を作成したのでご確認願います。,そのしょるいをさくせいしたのでごかくにんねがいます。,"I have made the document, so please confirm it."
3968,124,お〜願う,お〜ねがう,お〜願う (お〜ねがう),please do; could you please…; I ask of you お + Verb ます (stem form),N2,274,7,そちらでも再度ご確認願います。,そちらでもさいどごかくにんねがいます。,Please double check on your side as well.
3969,124,お〜願う,お〜ねがう,お〜願う (お〜ねがう),please do; could you please…; I ask of you お + Verb ます (stem form),N2,274,8,次の機会があれば、ぜひご出席願いたいですね。,つぎのきかいがあれば、ぜひごしゅっせきねがいたいですね。,We would be glad to have you attend at the next opportunity.
3970,125,おまけに,,おまけに,to make matters worse; besides; what's Phrase おまけに,N2,276,1,寒くておまけに⾵も強かった。,さむくておまけにかぜもつよかった。,"It was cold, and to make matters worse, the wind was strong."
3971,125,おまけに,,おまけに,to make matters worse; besides; what's Phrase おまけに,N2,276,2,この部屋は私には⼤きすぎる。おまけに家賃が⾼すぎる。,このへやはわたしにはおおきすぎる。おまけにやちんがたかすぎる。,"This room is too big for me, and what's more, the rent is too expensive."
3972,125,おまけに,,おまけに,to make matters worse; besides; what's Phrase おまけに,N2,276,3,明⽇から３連休だ。おまけに宿題もない、最⾼だ。,あしたから３れんきゅうだ。おまけにしゅくだいもない、さいこうだ。,"There are three consecutive holidays from tomorrow. To make things even better, there is no homework, this is great!"
3973,125,おまけに,,おまけに,to make matters worse; besides; what's Phrase おまけに,N2,276,4,その辞書は役に⽴つし、おまけに⾼くない。,そのじしょはやくにたつし、おまけにたかくない。,That dictionary is useful and in addition it is not expensive.
3974,125,おまけに,,おまけに,to make matters worse; besides; what's Phrase おまけに,N2,276,5,お腹がすいたが冷蔵庫は空だ。おまけにインスタントラーメンもない。,おなかがすいたがれいぞうこはからだ。おまけにインスタントラーメンもない。,"I'm hungry but the refrigerator is empty. To make things even worse, I don't even have any instant noodles."
3975,125,おまけに,,おまけに,to make matters worse; besides; what's Phrase おまけに,N2,276,6,朝寝坊して家を出るのが遅くなった。おまけに⾬が降ってきた。,あさねぼうしていえをでるのがおそくなった。おまけにあめがふってきた。,"I slept in the morning and left home late. To make things worse, it started raining."
3976,125,おまけに,,おまけに,to make matters worse; besides; what's Phrase おまけに,N2,276,7,その試合はテンポが遅くて、おまけに退屈だった。,そのしあいはテンポがおそくて、おまけにたいくつだった。,The match moved at a slow pace and and was boring.
3977,125,おまけに,,おまけに,to make matters worse; besides; what's Phrase おまけに,N2,276,8,彼の奥さんは優しくて美⼈で、おまけに料理も上⼿なんですよ。,かれのおくさんはやさしくてびじんで、おまけにりょうりもじょうずなんですよ。,"His wife is kind and beautiful, and to top things off she is also good at cooking."
3978,126,恐らく,おそらく,恐らく (おそらく),perhaps; likely; probably; I dare say~ おそらく phrase,N2,278,1,これは恐らく間違いです。,これはおそらくまちがいです。,This is likely a mistake.
3979,126,恐らく,おそらく,恐らく (おそらく),perhaps; likely; probably; I dare say~ おそらく phrase,N2,278,2,彼は恐らくパーティーには来ないだろう。,かれはおそらくパーティーにはこないだろう。,He probably won't come to the party.
3980,126,恐らく,おそらく,恐らく (おそらく),perhaps; likely; probably; I dare say~ おそらく phrase,N2,278,3,明⽇は恐らく⾬が降るでしょう。,あしたはおそらくあめがふるでしょう。,It will rain perhaps tomorrow.
3981,126,恐らく,おそらく,恐らく (おそらく),perhaps; likely; probably; I dare say~ おそらく phrase,N2,278,4,それはおそらく可能です。,それはおそらくかのうです。,There might be a possibility.
3982,126,恐らく,おそらく,恐らく (おそらく),perhaps; likely; probably; I dare say~ おそらく phrase,N2,278,5,恐らく彼は承知しないでしょう。,おそらくかれはしょうちしないでしょう。,I'm afraid he won't agree.
3983,126,恐らく,おそらく,恐らく (おそらく),perhaps; likely; probably; I dare say~ おそらく phrase,N2,278,6,その事は恐らく君のいうとおりでしょう。,そのことはおそらくきみのいうとおりでしょう。,I dare say you're right about that.
3984,126,恐らく,おそらく,恐らく (おそらく),perhaps; likely; probably; I dare say~ おそらく phrase,N2,278,7,彼は35歳だと⾔うが，恐らく50歳近いだろう。,かれは３５さいだというが、おそらく５０さいちかいだろう。,"He claims to be 35, but he is probably more like 50."
3985,127,恐れがある,おそれがある,恐れがある (おそれがある),it is feared that; to be in danger of; to be Verb (casual),N2,280,1,梅⾬に⼊ってからほとんど⾬が降っていない。このまま降らないと、⽔不⾜に,なる恐れがある。 つゆにはいってからほとんどあめがふっていない。このままふらないと、みずふそく になるおそれがある。,"It has barely rained since entering the rainy season. If things continue like this, there is worry of a water shortage."
3986,127,恐れがある,おそれがある,恐れがある (おそれがある),it is feared that; to be in danger of; to be Verb (casual),N2,280,2,⼤きい地震が来たら、この建物は倒れる恐れがある。,おおきいじしんがきたら、このたてものはたおれるおそれがある。,"If a big earthquake comes, this building may collapse."
3987,127,恐れがある,おそれがある,恐れがある (おそれがある),it is feared that; to be in danger of; to be Verb (casual),N2,280,3,この番組は⼦供に悪い影響を与える恐れがある。,このばんぐみはこどもにわるいえいきょうをあたえるおそれがある。,This show is worried to have a negative effect on children.
3988,127,恐れがある,おそれがある,恐れがある (おそれがある),it is feared that; to be in danger of; to be Verb (casual),N2,280,4,台⾵がこのまま北上すると、⽇本に上陸する恐れがある。,たいふうがこのままほくじょうすると、にほんにじょうりくするおそれがある。,"If the typhoon continues north, it may land in Japan."
3989,127,恐れがある,おそれがある,恐れがある (おそれがある),it is feared that; to be in danger of; to be Verb (casual),N2,280,5,このまま⼿術をしなければ、眼が⾒えなくなる恐れがあると医者に⾔われた。,このまましゅじゅつをしなければ、めがみえなくなるおそれがあるといしゃにいわれ た。,"The doctor told me that if I didn't do the surgery, I could go blind."
3990,127,恐れがある,おそれがある,恐れがある (おそれがある),it is feared that; to be in danger of; to be Verb (casual),N2,280,6,こんなに⾚字が続くと、この会社は倒産の恐れがある。,こんなにあかじがつづくと、このかいしゃはとうさんのおそれがある。,"If the deficit continues, the company is at risk of bankruptcy."
3991,127,恐れがある,おそれがある,恐れがある (おそれがある),it is feared that; to be in danger of; to be Verb (casual),N2,280,7,この原料は健康に害を与える恐れがあるので使⽤が禁⽌された。,この原料は健康に害を与える恐れがあるので使⽤が禁⽌された。,The use of this ingredient has been banned because it could be harmful to health.
3992,127,恐れがある,おそれがある,恐れがある (おそれがある),it is feared that; to be in danger of; to be Verb (casual),N2,280,8,イタリアのピザの斜塔は観光地として有名だが、そのまま何もしないと、倒れ,る恐れがあるということで、補強⼯事が⾏われた。 イタリアのピザのしゃとうはかんこうちとしてゆうめいだが、そのままなにもしない と、たおれるおそれがあるということで、ほきょうこうじがおこなわれた。,"Italy's Leaning Tower of Pisa is a famous tourist attraction, but it was feared to possibly fall over if nothing was done, so reinforcement construction was done."
3993,128,及び,および,及び (および),and; as well as~ Noun および Noun,N2,282,1,鉛筆及び紙を持ってきてください。,えんぴつおよびかみをもってきてください。,Please bring a Pencil and a Paper.
3994,128,及び,および,及び (および),and; as well as~ Noun および Noun,N2,282,2,教室内での飲⾷及び喫煙はご遠慮ください。,きょうしつないでのいんしょくおよびきつえんはごえんりょください。,"Please restrain from eating, drinking, and smoking within the classrooms."
3995,128,及び,および,及び (および),and; as well as~ Noun および Noun,N2,282,3,安全のために観光する時、地図及びホテルの情報を持っていたほうがいい。,あんぜんのためにかんこうするとき、ちずおよびホテルのじょうほうをもっていたほ うがいい。,"To be safe when you are traveling, you should bring a map and your hotel information."
3996,128,及び,および,及び (および),and; as well as~ Noun および Noun,N2,282,4,私は兄と外⾒及び性格が⼤きく異なる。,わたしはあにとがいけんおよびせいかくがおおきくことなる。,There is a big difference in appearance and personality between me and my older brother.
3997,128,及び,および,及び (および),and; as well as~ Noun および Noun,N2,282,5,試験中は携帯電話および他の電⼦機器が使⽤禁⽌です。,試験中は携帯電話および他の電⼦機器が使⽤禁⽌です。,Mobile phones and other electronic devices are prohibited during the test.
3998,128,及び,および,及び (および),and; as well as~ Noun および Noun,N2,282,6,図書館の中では携帯電話及びゲーム機械を使ってはいけません。,としょかんのなかではけいたいでんわおよびゲームきかいをつかってはいけません。,Do not use mobile phones or play games in the library.
3999,128,及び,および,及び (および),and; as well as~ Noun および Noun,N2,282,7,お祭りの前⽇および前々⽇は準備のため、休業させていただきます。,おまつりのぜんじつおよびぜんぜんじつはじゅんびのため、きゅうぎょうさせていた だきます。,We will be closed for preparation on both the day before and 2 days before the festival.
4000,128,及び,および,及び (および),and; as well as~ Noun および Noun,N2,282,8,⼭本⽒は新聞および雑誌に多くのコラムを書いている。,やまもとしはしんぶんおよびざっしにおおくのコラムをかいている。,Mr. Yamamoto writes many columns for newspapers and magazines.
4001,129,ろくに〜ない,,ろくに〜ない,not well; not enough; improperly; ろくに Verb (ない form),N2,284,1,昨夜はろくに寝なかった。,きのうはろくにねなかった。,I did not sleep well last night.
4002,129,ろくに〜ない,,ろくに〜ない,not well; not enough; improperly; ろくに Verb (ない form),N2,284,2,彼とはろくに話をしたことも無い。,かれとはろくにはなしをしたこともない。,I scarcely ever talked with him.
4003,129,ろくに〜ない,,ろくに〜ない,not well; not enough; improperly; ろくに Verb (ない form),N2,284,3,彼の字は汚くて、ろくに読めない。,かれのじはきたなくて、ろくによめない。,His handwriting is messy and I'm not able to read it properly.
4004,129,ろくに〜ない,,ろくに〜ない,not well; not enough; improperly; ろくに Verb (ない form),N2,284,4,彼⼥は昨⽇からろくに何も⾷べなかった。,かのじょはきのうからろくになにもたべなかった。,She hasn't properly eaten since yesterday.
4005,129,ろくに〜ない,,ろくに〜ない,not well; not enough; improperly; ろくに Verb (ない form),N2,284,5,若い頃、⽇本語をたくさん学んだが、今はろくに覚えない。,わかいころ、にほんごをたくさんまなんだが、いまはろくにおぼえない。,"When I was young, I learned a lot of Japanese, but now I don't remember much."
4006,129,ろくに〜ない,,ろくに〜ない,not well; not enough; improperly; ろくに Verb (ない form),N2,284,6,彼はろくに働かないくせに給料のことに⽂句を⾔っています。,かれはろくにはたらかないくせにきゅうりょうのことにもんくをいっています。,He is complaining about the salary even though even though he doesn’t properly work.
4007,129,ろくに〜ない,,ろくに〜ない,not well; not enough; improperly; ろくに Verb (ない form),N2,284,7,彼は⼀⼈暮らししたことがないから、掃除と洗濯するのはろくにできない。,かれはひとりぐらししたことがないから、そうじとせんたくするのはろくにできな い。,"He has never lived on his own before, so he is not able to do things like cleaning or laundry."
4008,129,ろくに〜ない,,ろくに〜ない,not well; not enough; improperly; ろくに Verb (ない form),N2,284,8,⼊学試験が近いのに、彼はろくに勉強しないんだ。,にゅうがくしけんがちかいのに、かれはろくにべんきょうしないんだ。,"Even though the university entrance exam is near, he does not study."
4009,129,ろくに〜ない,,ろくに〜ない,not well; not enough; improperly; ろくに Verb (ない form),N2,284,9,あいつはろくに仕事をしないくせに、⾷べる時は⼈の⼆倍⾷べた。,あいつはろくにしごとをしないくせに、たべるときはひとのにばいたべた。,"He barely works, but eats twice as much as anyone else."
4010,130,幸いなことに,さいわいなことに,幸いなことに (さいわいなことに),fortunately; luckily; thankfully~,N2,286,1,幸い彼は気づかなかった。,さいわいかれはきづかなかった。,"Luckily, he did not notice."
4011,130,幸いなことに,さいわいなことに,幸いなことに (さいわいなことに),fortunately; luckily; thankfully~,N2,286,2,幸い私は締切に間に合った。,さいわいわたしはしめきりにまにあった。,"Fortunately, I was able to meet the deadline."
4012,130,幸いなことに,さいわいなことに,幸いなことに (さいわいなことに),fortunately; luckily; thankfully~,N2,286,3,幸いなことに、⺟の⼼臓の⼿術はうまくいった。,さいわいなことに、ははのしんぞうのしゅじゅつはうまくいった。,"Fortunately, my mother's heart surgery went well."
4013,130,幸いなことに,さいわいなことに,幸いなことに (さいわいなことに),fortunately; luckily; thankfully~,N2,286,4,幸いなことに、息⼦は新しい学校での⽣活にすぐに慣れた。,さいわいなことに、むすこはあたらしいがっこうでのせいかつにすぐになれた。,"Fortunately, my son quickly adjusted to life in his new school."
4014,130,幸いなことに,さいわいなことに,幸いなことに (さいわいなことに),fortunately; luckily; thankfully~,N2,286,5,幸いなことに私たちは事故を避けることができた。,さいわいなことにわたしたちはじこをよけることができた。,"Fortunately, we were able to avoid an accident."
4015,130,幸いなことに,さいわいなことに,幸いなことに (さいわいなことに),fortunately; luckily; thankfully~,N2,286,6,近所で⽕事が起きたが、その家の⼈たちは幸い無事だった。,きんじょでかじがおきたが、そのいえのひとたちはさいわいぶじだった。,"A fire broke out in the neighborhood, but luckily the people in that house were fine."
4016,130,幸いなことに,さいわいなことに,幸いなことに (さいわいなことに),fortunately; luckily; thankfully~,N2,286,7,幸い⼤過なく仕事を終わらせることができた。,さいわいたいかなくしごとをおわらせることができた。,"Fortunately, I was able to finish my work without any serious errors."
4017,130,幸いなことに,さいわいなことに,幸いなことに (さいわいなことに),fortunately; luckily; thankfully~,N2,286,8,私はあなたのお役に⽴てれば幸いです。,わたしはあなたのおやくにたてればさいわいです。,I am happy if I can help you.
4018,131,せいか,,せいか,perhaps because~ Verb (casual),N2,288,1,たくさん仕事をしたせいか、病気になってしまった。,たくさんしごとをしたせいか、びょうきになってしまった。,I got sick perhaps because I worked too much
4019,131,せいか,,せいか,perhaps because~ Verb (casual),N2,288,2,薬を飲んだせいか頭痛が治った。,くすりをのんだせいかずつうがなおった。,"My headache has gone away, likely from the medicine I took."
4020,131,せいか,,せいか,perhaps because~ Verb (casual),N2,288,3,今⽇はお天気がよいせいか、とても眠たいです。,きょうはおてんきがよいせいか、とてもねむたいです。,"I'm very sleepy, perhaps because of the nice weather today."
4021,131,せいか,,せいか,perhaps because~ Verb (casual),N2,288,4,年のせいか、最近は⾊んなことをよく忘れた。,としのせいか、さいきんはいろんなことをよくわすれた。,"I forget many things recently, probably because I am aging."
4022,131,せいか,,せいか,perhaps because~ Verb (casual),N2,288,5,睡眠不⾜のせいか、⽬まいがした。,すいみんぶそくのせいか、めまいがした。,"I felt dizzy, probably because of my lack of sleep."
4023,131,せいか,,せいか,perhaps because~ Verb (casual),N2,288,6,ストレスがいっぱいあるせいか、胃が痛いです。,ストレスがいっぱいあるせいか、いがいたいです。,"My stomach hurts, probably because I have a lot of stress."
4024,131,せいか,,せいか,perhaps because~ Verb (casual),N2,288,7,今朝は薬を飲んだせいか、眠たくなった。,けさはくすりをのんだせいか、ねむたくなった。,"I became sleepy, probably because of the medicine I took this morning."
4025,131,せいか,,せいか,perhaps because~ Verb (casual),N2,288,8,暑いせいか、⾷欲がないです。,あついせいか、しょくよくがないです。,"I don't have an appetite now, probably because of the hot weather."
4026,131,せいか,,せいか,perhaps because~ Verb (casual),N2,288,9,昨夜お酒をたくさん飲んだせいか、今⽇は気分が悪い。,ゆうべおさけをたくさんのんだせいか、きょうはきぶんがわるい。,"I feel sick today, probably because I drink a lot of sake last night."
4027,131,せいか,,せいか,perhaps because~ Verb (casual),N2,288,10,来週、⽇本語のテストがあるせいか、何だか落ち着かない。,らいしゅう、にほんごのテストがあるせいか、なんだかおちつかない。,"Perhaps of the Japanese test next week, I can't seem to settle down."
4028,132,せっかく,,せっかく,"especially; (thank you for) troubling to, going せっかく clause (+ conjunction)",N2,290,1,せっかく勉強したのに合格できなかった。,せっかくべんきょうしたのにごうかくできなかった。,"Even though I went through the effort of studying, I couldn't pass (the test)."
4029,132,せっかく,,せっかく,"especially; (thank you for) troubling to, going せっかく clause (+ conjunction)",N2,290,2,せっかくレポートを書いたのに提出しなくてもよくなった。,せっかくレポートをかいたのにていしゅつしなくてもよくなった。,"Even though I went through the effort of writing my report, I ended up not having to turn it in."
4030,132,せっかく,,せっかく,"especially; (thank you for) troubling to, going せっかく clause (+ conjunction)",N2,290,3,せっかく⺟がお弁当を作ってくれたのに家に忘れてしまった。,せっかくははがおべんとうをつくってくれたのにいえにわすれてしまった。,"Although my mother went through the effort of making my lunch box for me, I forgot it at home."
4031,132,せっかく,,せっかく,"especially; (thank you for) troubling to, going せっかく clause (+ conjunction)",N2,290,4,せっかくのお志ですがお断り致します。,せっかくのおこころざしですがおことわりいたします。,"I am sorry, but I must decline your kind offer."
4032,132,せっかく,,せっかく,"especially; (thank you for) troubling to, going せっかく clause (+ conjunction)",N2,290,5,せっかく来たのだから楽しまなきゃ。,せっかくきたのだからたのしまなきゃ。,Since I've come all the way here I may as well enjoy myself.
4033,132,せっかく,,せっかく,"especially; (thank you for) troubling to, going せっかく clause (+ conjunction)",N2,290,6,せっかく⽇本にいるのですから、⾊んな所に旅⾏に⾏ってみたいです。,せっかくにほんにいるのですから、いろんなところにりょこうにいってみたいです。,"Since I am in Japan, I want to take advantage and travel to many places."
4034,132,せっかく,,せっかく,"especially; (thank you for) troubling to, going せっかく clause (+ conjunction)",N2,290,7,あんまり店員の態度が悪いから、よっぽど⾷べずに帰ろうと思ったが、せっか,く注⽂したから⾷べることにした。 あんまりてんいんのたいどがわるいから、よっぽどたべずにかえろうとおもったが、 せっかくちゅうもんしたからたべることにした。,"I really thought about leaving without eating because the staff's attitude was so bad, but I had already ordered so I decided to stay and eat."
4035,132,せっかく,,せっかく,"especially; (thank you for) troubling to, going せっかく clause (+ conjunction)",N2,290,8,彼⼥がせっかく作ってくれたから、⽢いものが嫌いなんて、とても⾔えない。,かのじょがせっかくつくってくれたから、あまいものがきらいなんて、とてもいえな い。,"Since she went through the trouble of making it for me, I couldn't possibly tell her I don't like sweets."
4036,133,せめて,,せめて,at least; at most~ せめて phrase,N2,293,1,せめてあと⼗分待ってくれませんか。,せめてあとじゅうぷんまってくれませんか。,Can't you wait just ten more minutes?
4037,133,せめて,,せめて,at least; at most~ せめて phrase,N2,293,2,⼀⽇にせめて⼆回は⻭を磨くべきだ。,いちにちにせめてにかいははをみがくべきだ。,You should brush your teeth at least twice a day.
4038,133,せめて,,せめて,at least; at most~ せめて phrase,N2,293,3,じゃ、せめてテーブルの準備でもしましょう。,じゃ、せめてテーブルのじゅんびでもしましょう。,"Well, at least let me set up the table."
4039,133,せめて,,せめて,at least; at most~ せめて phrase,N2,293,4,優勝するのは無理だとしても、せめて⼊賞はしたい。,ゆうしょうするのはむりだとしても、せめてにゅうしょうはしたい。,"Even if winning is out of the question, I would like to at least place near the top."
4040,133,せめて,,せめて,at least; at most~ せめて phrase,N2,293,5,せめて⽇曜だけも遊ぶがよい。,せめてにちようだけもあそぶがよい。,You ought to enjoy yourself on Sunday at least.
4041,133,せめて,,せめて,at least; at most~ せめて phrase,N2,293,6,せめて百円なら売るけれども。,せめてひゃくえんならうるけれども。,I would sell it for at least 100 yen..
4042,133,せめて,,せめて,at least; at most~ せめて phrase,N2,293,7,せめて皆さんのために努⼒をしたい。,せめてみなさんのためにどりょくしたい。,I want to at least make an effort for everyone.
4043,133,せめて,,せめて,at least; at most~ せめて phrase,N2,293,8,禁煙が無理なら，せめて量を減らしては?,きんえんがむりなら、せめてりょうをへらしては︖,"If it's impossible for you to quit smoking, could you at least cut down on the amount?"
4044,134,次第,しだい,次第 (しだい),"as soon as, dependent upon Verb ます (stem form) 次第",N2,295,1,部屋の準備ができ次第、会議を始めます。,へやのじゅんびができしだい、かいぎをはじめます。,"Once the room preparations are complete, we will begin the meeting."
4045,134,次第,しだい,次第 (しだい),"as soon as, dependent upon Verb ます (stem form) 次第",N2,295,2,⾬がやみ次第、出発することにしましょう。,あめがやみしだい、しゅっぱつすることにしましょう。,Let's depart once the rain stops.
4046,134,次第,しだい,次第 (しだい),"as soon as, dependent upon Verb ます (stem form) 次第",N2,295,3,詳しいことは情報が⼊り次第、お伝えします。,くわしいことはじょうほうがはいりしだい、おつたえします。,I will inform you with more specific details once I get more information.
4047,134,次第,しだい,次第 (しだい),"as soon as, dependent upon Verb ます (stem form) 次第",N2,295,4,式が終了次第、ロビーに集合してください。,しきがしゅうりょうしだい、ロビーにしゅうごうしてください。,"As soon as the ceremony is over, please gather in the lobby."
4048,134,次第,しだい,次第 (しだい),"as soon as, dependent upon Verb ます (stem form) 次第",N2,295,5,来週のスケジュールが決まり次第、連絡してください。,らいしゅうのスケジュールがきまりしだい、れんらくしてください。,Please contact me as soon as next week’s schedule is decided.
4049,134,次第,しだい,次第 (しだい),"as soon as, dependent upon Verb ます (stem form) 次第",N2,295,6,参加者の情報がわかり次第、教えていただけませんか。,さんかしゃのじょうほうがわかりしだい、おしえていただけませんか。,"Once you know the data for the participants, would you please let me know?"
4050,134,次第,しだい,次第 (しだい),"as soon as, dependent upon Verb ます (stem form) 次第",N2,295,7,議⻑が到着次第、会議を始めたいと思いますので、もうしばらくお待ちくださ,い。 ぎちょうがとうちゃくしだい、かいぎをはじめたいとおもいますので、もうしばらく おまちください。,"We will start the meeting once the chairman arrives, so please wait a little while longer."
4051,134,次第,しだい,次第 (しだい),"as soon as, dependent upon Verb ます (stem form) 次第",N2,295,8,⾒つかり次第、ご連絡差し上げますから、ここに連絡先の電話番号を書いてく,ださい。 みつかりしだい、ごれんらくさしあげますから、ここにれんらくさきのでんわばんご うをかいてください。,"I will contact you once I find it, so please write your contact phone number here."
4052,135,次第で,しだいで,次第で (しだいで),depending on; so~,N2,297,1,我々が成功できるかどうかは君次第だ。,われわれがせいこうできるかどうかはきみしだいだ。,It is up to you whether we can succeed or not.
4053,135,次第で,しだいで,次第で (しだいで),depending on; so~,N2,297,2,花⽕⼤会は天気次第で中⽌になる場合もあります。,はなびたいかいはてんきしだいでちゅうしになるばあいもあります。,The fireworks festival may be cancelled depending on the weather.
4054,135,次第で,しだいで,次第で (しだいで),depending on; so~,N2,297,3,結婚した相⼿次第で⼈⽣が決まってしまうこともある。,けっこんしたあいてしだいでじんせいがきまってしまうこともある。,Sometimes the person you married will decide your future.
4055,135,次第で,しだいで,次第で (しだいで),depending on; so~,N2,297,4,ビアガーデンに客がたくさんいるかどうかは天気次第だ。,ビアガーデンにきゃくがたくさんいるかどうかはてんきしだいだ。,The number of customers in the beer garden is at the mercy of the weather.
4056,135,次第で,しだいで,次第で (しだいで),depending on; so~,N2,297,5,仕事は紹介するが、うまくいくかどうかは本⼈次第だ。,しごとはしょうかいするが、うまくいくかどうかはほんにんしだいだ。,"I can introduce some work, but whether it goes well or not is dependent on the person interviewing."
4057,135,次第で,しだいで,次第で (しだいで),depending on; so~,N2,297,6,⾔葉の使い⽅次第で、相⼿を喜ばせるもあるし、怒らせることもある。,ことばのつかいかたしだいで、あいてをよろこばせるもあるし、おこらせることもあ る。,"Depending on how you choose your words, you may either please or anger your partner."
4058,135,次第で,しだいで,次第で (しだいで),depending on; so~,N2,297,7,この会社では年齢は関係ない。実⼒次第で年収もアップする。,このかいしゃではねんれいはかんけいない。じつりょくしだいでねんしゅうもアップ する。,"At this company, age is irrelevant. Depending on your ability, your annual salary will increase."
4059,135,次第で,しだいで,次第で (しだいで),depending on; so~,N2,297,8,明⽇検査の結果が出ます。検査の結果次第では退院できるかもしれません。,あしたけんさのけっかがでます。けんさのけっかしだいではたいいんできるかもしれ ません。,"Tomorrow the test results will come out. Depending on the results, you may be able to leave the hospital."
4060,136,次第に,しだいに,次第に (しだいに),gradually (progress into a state); in 次第に phrase,N2,299,1,⾵は次第におさまった。,かぜはしだいにおさまった。,The wind gradually died down.
4061,136,次第に,しだいに,次第に (しだいに),gradually (progress into a state); in 次第に phrase,N2,299,2,それは次第に消えた。,それはしだいにきえた。,That gradually disappeared.
4062,136,次第に,しだいに,次第に (しだいに),gradually (progress into a state); in 次第に phrase,N2,299,3,彼らは次第に仲良くなっていった。,かれらはしだいになかよくなっていった。,They gradually became closer.
4063,136,次第に,しだいに,次第に (しだいに),gradually (progress into a state); in 次第に phrase,N2,299,4,今朝は⾬でしたが、午後から次第に天気は回復してきました。,けさはあめでしたが、ごごからしだいにてんきはかいふくしてきました。,"It rained this mornin, but the weather gradually got better from the afternoon."
4064,136,次第に,しだいに,次第に (しだいに),gradually (progress into a state); in 次第に phrase,N2,299,5,練習を続ければ、次第に結果が出るようになりますよ。,れんしゅうをつづければ、しだいにけっかがでるようになりますよ。,"If you keep practicing, you will gradually be able to get results."
4065,136,次第に,しだいに,次第に (しだいに),gradually (progress into a state); in 次第に phrase,N2,299,6,戦争によってその国は資源を次第に失った。,せんそうによってそのくにはしげんをしだいにうしなった。,The war gradually drained the country of its resources.
4066,136,次第に,しだいに,次第に (しだいに),gradually (progress into a state); in 次第に phrase,N2,299,7,彼⼥は次第にこの⽥舎の⽣活に慣れてきている。,かのじょはしだいにこのいなかのせいかつになれてきている。,She is gradually getting used to this countryside life.
4067,136,次第に,しだいに,次第に (しだいに),gradually (progress into a state); in 次第に phrase,N2,299,8,⼿当たり次第に本を読んだ。,てあたりしだいにほんをよんだ。,I read whatever I could get my hands on.
4068,137,しかも,,しかも,moreover; furthermore; and yet; what’s しかも phrase,N2,301,1,この教科書の説明はわかりやすくて、しかも詳しい 。,このきょうかしょのせつめいはわかりやすくて、しかもくわしい。,"This textbook’s explanations are easy to understand and what’s more, they’re very detailed."
4069,137,しかも,,しかも,moreover; furthermore; and yet; what’s しかも phrase,N2,301,2,今⽇はとても暑い。しかも、湿度も⾼いので何もしたくないだ。,きょうはとてもあつい。しかも、しつどもたかいのでなにもしたくないだ。,"It's very hot today, and furthermore it's very humid so I don't feel like doing anything."
4070,137,しかも,,しかも,moreover; furthermore; and yet; what’s しかも phrase,N2,301,3,彼は仕事がとても早い。しかも、正確で丁寧だから安⼼して任せられる。,かれはしごとがとてもはやい。しかも、せいかくでていねいだからあんしんしてまか せられる。,"He is very fast with his work, and furthermore he is very accurate and careful so you can rest assured and depend on him."
4071,137,しかも,,しかも,moreover; furthermore; and yet; what’s しかも phrase,N2,301,4,彼⼥は美⼈で頭がいい。しかも性格もいいですから皆さんは彼⼥のことが好き,になる。 かのじょはびじんでがいい。しかもせいかくもいいですからみなさんはかのじょのこ とがすきになる。,"She is beautiful and smart. Furthermore, she has a good personality and so everyone falls in love with her."
4072,137,しかも,,しかも,moreover; furthermore; and yet; what’s しかも phrase,N2,301,5,外⾷は⾼くて。しかも、栄養がかたよるので、なるべく⾃炊しようと思ってい,る。 がいしょくはたかくて。しかも、えいようがかたよるので、なるべくじすいしようと おもっている。,"Eating out is expensive and bad for our health, so I think we should do our own cooking as much as possible."
4073,137,しかも,,しかも,moreover; furthermore; and yet; what’s しかも phrase,N2,301,6,漢字の読み⽅は⼀つだけではなく。しかも、似たようなものがたくさんあるの,で覚えるのが⼤変だ。 かんじのよみかたはひとつだけではなく。しかも、にたようなものがたくさんあるの でおぼえるのがたいへんだ。,Kanji do not only have one reading and to top things off there are many similar characters so it can be hard memorizing them.
4074,137,しかも,,しかも,moreover; furthermore; and yet; what’s しかも phrase,N2,301,7,先⽇泊まったホテルは、古くて⾼かった。しかもサービスが悪かったので、も,う⼆度と⾏かない。 せんじつとまったホテルは、ふるくてたかかった。しかもサービスがわるかったの で、もうにどといかない。,"The hotel I stayed at the other day was old and expensive. To make things worse, the service was bad so I will never go there again."
4075,138,その上,そのうえ,その上 (そのうえ),besides; in addition; furthermore~ その上 phrase,N2,303,1,その上、そのレストランは私たちのホテルからとても近い。,そのうえ、そのレストランはわたしたちのホテルからとてもちかい。,"In addition, the restaurant is very near to our hotel."
4076,138,その上,そのうえ,その上 (そのうえ),besides; in addition; furthermore~ その上 phrase,N2,303,2,この靴の値段は⾼い、その上デザインも良くない。,このくつのねだんはたかい、その上デザインもよくない。,These shoes are expensive and furthermore the design is not good.
4077,138,その上,そのうえ,その上 (そのうえ),besides; in addition; furthermore~ その上 phrase,N2,303,3,今⽇は暑いです。その上湿度も⾼い。,きょうはあついです。そのうえしつどもたかい。,"It's hot today, and in addition, it is also very humid."
4078,138,その上,そのうえ,その上 (そのうえ),besides; in addition; furthermore~ その上 phrase,N2,303,4,この仕事は⾯⽩いし、その上給料がいいのです。,このしごとはおもしろいし、そのうえきゅうりょうがいいのです。,"This job is interesting, and in addition the pay is good."
4079,138,その上,そのうえ,その上 (そのうえ),besides; in addition; furthermore~ その上 phrase,N2,303,5,彼⼥は英語を出来るし、その上⽇本語も上⼿だ。,かのじょはえいごをできるし、そのうえにほんごもじょうずだ。,She speaks English and in addition is good at Japanese.
4080,138,その上,そのうえ,その上 (そのうえ),besides; in addition; furthermore~ その上 phrase,N2,303,6,その上、あなたは英語の授業も受ける必要があるよ。,そのうえ、あなたはえいごのじゅぎょうもうけるひつようがあるよ。,"Besides, it is necessary that you take the English class."
4081,138,その上,そのうえ,その上 (そのうえ),besides; in addition; furthermore~ その上 phrase,N2,303,7,サイクリングはいい運動になる。その上空気を汚染することもない。,サイクリングはいいうんどうになる。そのうえくうきをおせんすることもない。,"Cycling is good exercise. Moreover, it doesn't pollute the air."
4082,138,その上,そのうえ,その上 (そのうえ),besides; in addition; furthermore~ その上 phrase,N2,303,8,友⼈のお⺟さんは本当に優しい⼈だ。ピクニックの⾷べ物を準備したし、その,上チケットのお⾦もくれた。 ゆうじんのおかあさんはほんとうにやさしいひとだ。ピクニックのたべものをじゅん びしたし、そのうえチケットのおかねもくれた。,My friend's mother is a truly kind person. She prepared food for the picnic and also gave me money for my ticket.
4083,139,それなのに,,それなのに,and yet; despite this; but even so~ それなのに phrase,N2,305,1,毎⽇残業しているし、休⽇も出勤した。それなのに給料がまだ少ない。,まいにちざんぎょうしているし、きゅうじつもしゅっきんした。それなのにきゅうり ょうがまだすくない。,"I work overtime everyday and even work on holidays. Despite that, my salary is still low."
4084,139,それなのに,,それなのに,and yet; despite this; but even so~ それなのに phrase,N2,305,2,この間に買った時計は⾼かった。それなのにすぐに壊れた。,このあいだにかったとけいはたかかった。それなのにすぐにこわれた。,"The watch I bought recently was really expensive, but despite that it broke right away."
4085,139,それなのに,,それなのに,and yet; despite this; but even so~ それなのに phrase,N2,305,3,彼の家は誰よりも学校に近い。それなのにいつも遅刻する。,かれのいえはだれよりもがっこうにちかい。それなのにいつもちこくする。,"His house is closer to school than anyone else, but despite that he is always late."
4086,139,それなのに,,それなのに,and yet; despite this; but even so~ それなのに phrase,N2,305,4,私は⼀⽣懸命勉強している。それなのに成績はよくならない。,わたしはいっしょうけんめいべんきょうしている。それなのにせいせきはよくならな い。,"I’ve been studying very hard, yet my grades have not improved."
4087,139,それなのに,,それなのに,and yet; despite this; but even so~ それなのに phrase,N2,305,5,毎⽇節約している。それなのに、お⾦がちっともたまらない。,まいにちせつやくしている。それなのに、おかねがちっともたまらない。,"I’m saving money every day, yet I have no money in my savings."
4088,139,それなのに,,それなのに,and yet; despite this; but even so~ それなのに phrase,N2,305,6,こんな暑い時に⾃転⾞で図書館へ⾏った。それなのに休館⽇だった。調べてか,ら⾏けばよかった。 こんなあついときにじてんしゃでとしょかんへいった。それなのにきゅうかんびだっ た。しらべてからいけばよかった。,"On this hot day I went to the library by my bicycle, but despite my efforts it was closed. I should have looked up the open hours beforehand."
4089,139,それなのに,,それなのに,and yet; despite this; but even so~ それなのに phrase,N2,305,7,昨晩は遅くまで勉強をした。それなのに試験範囲を間違えて、よい点が取れな,かった。 さくばんはおそくまでテべんきょうをした。それなのにしけんはんいをまちがえてい て、よいてんがとれなかった。,"Last night I studied until late at night, but despite that I misunderstood the scope of the test and couldn't get a good score."
4090,139,それなのに,,それなのに,and yet; despite this; but even so~ それなのに phrase,N2,305,8,早起きするために⽬覚まし時計を２つセットした。それなのに⽌めて寝てしま,った。 はやおきするためにめざましどけいをふたつセットした。それなのにとめてねてしま った。,"In order to get up early, I set 2 alarm clocks. Despite that, I ended up turning them off and kept sleeping."
4091,141,それにしても,,それにしても,nevertheless; at any rate; even so; be that as それにしても phrase,N2,310,1,それにしてもあなたは絵が上⼿ですね。,それにしてもあなたはえがじょうずですね。,"At any rate, I think you are great at drawing."
4092,141,それにしても,,それにしても,nevertheless; at any rate; even so; be that as それにしても phrase,N2,310,2,それにしても私はあなたが優秀だと思います。,それにしてもわたしはあなたがゆうしゅうだとおもいます。,"At any rate, I think you are exceptional."
4093,141,それにしても,,それにしても,nevertheless; at any rate; even so; be that as それにしても phrase,N2,310,3,今⽇は早く帰ると⾔ったが、それにしても8時半まで残業した。,きょうははやくかえるといったが、それにしても8じはんまでざんぎょうした。,"He said he would return home early today, but even so he worked overtime until 8:30."
4094,141,それにしても,,それにしても,nevertheless; at any rate; even so; be that as それにしても phrase,N2,310,4,それにしてもあなたは遅くまで働くつもりですか。,それにしてもあなたはおそくまではたらくつもりですか。,"Even so, do you still plan to work until late?"
4095,141,それにしても,,それにしても,nevertheless; at any rate; even so; be that as それにしても phrase,N2,310,5,彼⼥がちょっと遅刻すると⾔ったが、それにしても遅くない︖,かのじょがちょっとちこくするといったが、それにしてもおそくない︖,"She said she would be a little late, but even so, isn't she too late?"
4096,141,それにしても,,それにしても,nevertheless; at any rate; even so; be that as それにしても phrase,N2,310,6,⽇本の夏はいつも蒸し暑いですよ。それにしても今年はずいぶん蒸し暑いです,ね。 にほんのなつはいつもむしあついですよ。それにしてもことしはずいぶんむしあつい ですね。,"The Japanese summer is always muggy. Even so, this year is especially muggy."
4097,141,それにしても,,それにしても,nevertheless; at any rate; even so; be that as それにしても phrase,N2,310,7,今⽇は早く帰ってねと伝えたけど、それにしても彼がいつも同じ時間に帰っ,た。 きょうははやくかえってねとつたえたけど、それにしてもかれがいつもおなじじかん にかえった。,"I asked him to return home early today, but nevertheless he ended up coming home at the same time as usual."
4098,141,それにしても,,それにしても,nevertheless; at any rate; even so; be that as それにしても phrase,N2,310,8,彼らは彼がそれを解決するのに⼿を貸しているが、それにしても難問だ。,かれらはかれがそれをかいけつするのにてをかしているが、それにしてもなんもん だ。,"They are helping him to solve it, but, all the same, it is a hard problem."
4099,142,そういえば,,そういえば,come to think of it…; now that you mention そういえば phrase,N2,312,1,そういえば、⼦供のころ、両親と⼀緒にここに来たことを覚えている。,そういえば、こどものころ、りょうしんといっしょにここにきたことをおぼえてい る。,"Come to think of it, I remember coming here together with my parents during my childhood."
4100,142,そういえば,,そういえば,come to think of it…; now that you mention そういえば phrase,N2,312,2,いい家ですね。そういえば、お兄さんは建築家さんでしたよね。,いいいえですね。そういえば、おにいさんはけんちくかさんでしたよね。,"It’s a very nice house. Come to think of it, isn’t your big brother an architect?"
4101,142,そういえば,,そういえば,come to think of it…; now that you mention そういえば phrase,N2,312,3,そういえば、昨⽇のテストはどうでしたか︖ よくできましたか︖,そういえば、きのうのテストはどうでしたか︖ よくできましたか︖,"Come to think of it, how was yesterday's test? Did you do well?"
4102,142,そういえば,,そういえば,come to think of it…; now that you mention そういえば phrase,N2,312,4,あれ、⾬︖そういえば、天気予報で午後から⾬が降るって⾔ってたね。,あれ、あめ︖そういえば、てんきじょうほうでごごからあめがふるっていってたね。,"Is that rain? Come to think of it, the weather report said it would rain in the afternoon."
4103,142,そういえば,,そういえば,come to think of it…; now that you mention そういえば phrase,N2,312,5,売り場が混んでいると思ったら、チョコレートか。ああ、そういえば、明⽇は,バレンタインデーだった。 うりばがこんでいるとおもったら、チョコレートか。ああ、そういえば、あしたはバ レンタインデーだった。,"The shops are full of people who want to buy chocolate. Come to think about it, tomorrow is Valentine’s Day."
4104,142,そういえば,,そういえば,come to think of it…; now that you mention そういえば phrase,N2,312,6,今度、美味しいスイーツを⾷べに⾏きたいですね。そう⾔えば、あそこに新し,いケーキ屋ができていましたよ。 こんど、おいしいスイーツをたべにいきたいですね。そういえば、あそこにあたらし いケーキやができていましたよ。,"I'd like to go and eat some delicious sweets next time. Come to think of it, there's a new cake shop over there."
4105,142,そういえば,,そういえば,come to think of it…; now that you mention そういえば phrase,N2,312,7,今⽇は、遅刻の⼈が多いですね。そう⾔えば、事故で渋滞しているとラジオで,⾔っていました。 きょうは、ちこくのひとがおおいですね。そういえば、じこでじゅうたいしていると ラジオでいっていました。,"There's a lot of people late today. Come to think of it, I heard on the radio that there was an accident and traffic was being delayed."
4106,143,そうすると,,そうすると,having done that; if that is done; if it is done そうすると phrase,N2,314,1,まだ出発しないの︖そうすると、約束の時間に間に合わないよ。,まだしゅっぱつしないの︖そうすると、やくそくのじかんにまにあわないよ。,You haven't left yet? You're not going to make it on time now.
4107,143,そうすると,,そうすると,having done that; if that is done; if it is done そうすると phrase,N2,314,2,私は⼤学を早く卒業したいです。そうすると、仕事をやって親に返報できま,す。 わたしはだいがくをはやくそつぎょうしたいです。そうすると、しごとをやっておや にへんぽうできます。,I want to hurry and graduate university. Once that is done I can start working and pay back my parents.
4108,143,そうすると,,そうすると,having done that; if that is done; if it is done そうすると phrase,N2,314,3,テニスの練習は⼟曜⽇の朝にしよう。そうすると、⼟曜⽇の午後は、時間がで,きる。 テニスのれんしゅうはどようびのあさにしよう。そうすると、どようびのごごは、じ かんができる。,Let's have tennis practice on Saturday morning. That way we can have time in the afternoon.
4109,143,そうすると,,そうすると,having done that; if that is done; if it is done そうすると phrase,N2,314,4,帰る前に社内を回ってみた。そうすると、トイレの電気がまだついて、気づい,た。 かえるまえにしゃないをまわってみた。そうすると、トイレのでんきがまだついて、 きづいた。,"Before heading home, I walked around the inside of the company. By doing so, I noticed that a light was still on."
4110,143,そうすると,,そうすると,having done that; if that is done; if it is done そうすると phrase,N2,314,5,そうすると彼は、⽬の前にあったペンを⼿にとってなにやらメモし始めた。,そうするとかれは、めのまえにあったペンをてにとってなにやらメモしはじめた。,"Having done that, he grabbed the pen in front of him and started writing something."
4111,143,そうすると,,そうすると,having done that; if that is done; if it is done そうすると phrase,N2,314,6,東京へ新幹線で⾏くの︖そうすると、電⾞よりお⾦が3倍にかかるよ。,とうきょうへしんかんせんでいくの︖そうすると、でんしゃよりおかねが3ばいにかか るよ。,You're going to Tokyo by bullet train? That way the fee is 3 times higher than the normal train.
4112,143,そうすると,,そうすると,having done that; if that is done; if it is done そうすると phrase,N2,314,7,その⽅法はいいかもしれない。そうすると、仕事は少し楽になる。,そのほうほうはいいかもしれない。そうすると、しごとはすこしらくになる。,"That method may be good. By doing so, work will get a little easier."
4113,144,末に,すえに,末に (すえに),finally; after; following; at the end/ Verb (た form),N2,316,1,いろいろ迷った末に、留学することにした。,いろいろまよったすえに、りゅうがくすることにした。,"After worrying about various things, I decided to study abroad."
4114,144,末に,すえに,末に (すえに),finally; after; following; at the end/ Verb (た form),N2,316,2,3時間にわたる激しい議論の末、ようやく意⾒がまとまった。,３じかんにわたるはげしいぎろんのすえ、ようやくいけんがまとまった。,"After 3 hours of intense debate, we finally unified everyone's opinions."
4115,144,末に,すえに,末に (すえに),finally; after; following; at the end/ Verb (た form),N2,316,3,彼は3年間の闘病⽣活の末に、亡くなった。,かれは3ねんかんのとうびょうせいかつのすえに、なくなった。,"After fighting the illness for 3 years, he passed away."
4116,144,末に,すえに,末に (すえに),finally; after; following; at the end/ Verb (た form),N2,316,4,考えた末に、会社を辞めて独⽴することにしました。,かんがえたすえに、かいしゃをやめてどくりつすることにしました。,"After giving it a lot of thought, i decided to quit my job to start my own business."
4117,144,末に,すえに,末に (すえに),finally; after; following; at the end/ Verb (た form),N2,316,5,住⺠と話し合いの末、その建物の建設は中⽌となった。,じゅうみんとはなしあいのすえ、そのたてもののけんせつはちゅうしとなった。,"After the discussion with the residents, the construction of the building was suspended."
4118,144,末に,すえに,末に (すえに),finally; after; following; at the end/ Verb (た form),N2,316,6,８時間にわたる話し合いの末に、やっと契約を結んだ。,８じかんにわたるはなしあいの末に、やっとけいやくをむすんだ。,"After discussing for 8 hours, we finally closed the deal."
4119,144,末に,すえに,末に (すえに),finally; after; following; at the end/ Verb (た form),N2,316,7,彼は⾊々と考えた末、⼤学を卒業したら国へ帰ることにした。,かれはいろいろとかんがえたすえ、だいがくをそつぎょうしたらくにへかえることに した。,"After thinking about various things, he decided to return to his home country after graduating university."
4120,144,末に,すえに,末に (すえに),finally; after; following; at the end/ Verb (た form),N2,316,8,私は悩んだ末、進学ではなく就職することにした。,わたしはなやんだすえ、しんがくではなくしゅうしょくすることにした。,"After worrying about what to do, I decided to not continue my education and start working instead."
4121,145,少しも〜ない,すこしも〜ない,少しも〜ない (すこしも〜ない),not one bit; not even a little~ Verb (ない form),N2,318,1,こんな暑い天気でピクニックするなんて、少しも楽しくないよ。,こんなあついてんきでピクニックするなんて、すこしもたのしくないよ。,Having a picnic in such hot weather isn't fun at all.
4122,145,少しも〜ない,すこしも〜ない,少しも〜ない (すこしも〜ない),not one bit; not even a little~ Verb (ない form),N2,318,2,この町は10年前と少しも変わらない。,このまちは10ねんまえとすこしもかわらない。,This town hasn't changed much from 10 years ago.
4123,145,少しも〜ない,すこしも〜ない,少しも〜ない (すこしも〜ない),not one bit; not even a little~ Verb (ない form),N2,318,3,あなたは少しも⽇本語が読めないのですか。,あなたはすこしもにほんごがよめないのですか。,You can't read Japanese even a little?
4124,145,少しも〜ない,すこしも〜ない,少しも〜ない (すこしも〜ない),not one bit; not even a little~ Verb (ない form),N2,318,4,私は彼の⾔うことは少しも理解できなかった。,わたしはかれのいうことはすこしもりかいできなかった。,I could not make any sense of what he said.
4125,145,少しも〜ない,すこしも〜ない,少しも〜ない (すこしも〜ない),not one bit; not even a little~ Verb (ない form),N2,318,5,そんな冗談は僕には少しも⾯⽩くないよ。,そんなじょうだんはぼくにはすこしもおもしろくないよ。,That kind of joke isn't one bit funny to me.
4126,145,少しも〜ない,すこしも〜ない,少しも〜ない (すこしも〜ない),not one bit; not even a little~ Verb (ない form),N2,318,6,その薬は私には少しも効かなかった。,そのくすりはわたしにはすこしもきかなかった。,The medicine had no effect on me.
4127,145,少しも〜ない,すこしも〜ない,少しも〜ない (すこしも〜ない),not one bit; not even a little~ Verb (ない form),N2,318,7,彼が刑事になった事は少しも不思議でない。,かれがけいじになったことはすこしもふしぎでない。,It's no surprise that he became a detective.
4128,145,少しも〜ない,すこしも〜ない,少しも〜ない (すこしも〜ない),not one bit; not even a little~ Verb (ない form),N2,318,8,昨⽇の⼿術は彼⼥に少しも苦痛を与えない。,きのうのしゅじゅつはかのじょにすこしもくつうをあたえない。,She doesn't have any pain from her surgery yesterday.
4129,146,少なくとも,すくなくとも,少なくとも (すくなくとも),at least~ 少なくとも phrase,N2,320,1,彼⼥は少なくとも３０歳だ。,かのじょはすくなくとも３０さいだ。,She is not less than thirty.
4130,146,少なくとも,すくなくとも,少なくとも (すくなくとも),at least~ 少なくとも phrase,N2,320,2,彼は少なくとも1⽇に10時間働いた。,かれはすくなくとも1にちに10じかんはたらいた。,He worked for at least 10 hours a day.
4131,146,少なくとも,すくなくとも,少なくとも (すくなくとも),at least~ 少なくとも phrase,N2,320,3,⼈数が⾜りませんね。少なくともあと3⼈は必要です。,にんずうがたりませんね。すくなくともあと３にんはひつようです。,We are short on people. We need at least 3 more people.
4132,146,少なくとも,すくなくとも,少なくとも (すくなくとも),at least~ 少なくとも phrase,N2,320,4,あなたは少なくとも10時には寝るべきだ。,あなたはすくなくとも10じにはねるべきだ。,You should go to bed at 10 o'clock at the very least.
4133,146,少なくとも,すくなくとも,少なくとも (すくなくとも),at least~ 少なくとも phrase,N2,320,5,少なくとも週に１度は⾃分の部屋を掃除しなさい。,すくなくともしゅうに１どはじぶんのへやをそうじしなさい。,Clean your room at least once a week.
4134,146,少なくとも,すくなくとも,少なくとも (すくなくとも),at least~ 少なくとも phrase,N2,320,6,その⾁は少なくとも１時間は⽕にかける必要がある。,そのにくはすくなくとも１じかんはひにかけるひつようがある。,The meat needs to cook for at least an hour.
4135,146,少なくとも,すくなくとも,少なくとも (すくなくとも),at least~ 少なくとも phrase,N2,320,7,今⼀⼈暮らしをしていますが、毎⽉の⽣活費のうち、少なくとも5万円は⾷費で,消えますね。外⾷が多いですから。 いまひとりぐらしをしていますが、まいつきのせいかつひのうち、すくなくとも5まん えんはしょくひできえますね。がいしょくがおおいですから。,"Now I am living alone, but every month at least 50,000 yen of food expenses is added to my living expenses. This is because I often eat out."
4136,146,少なくとも,すくなくとも,少なくとも (すくなくとも),at least~ 少なくとも phrase,N2,320,8,海外旅⾏に⾏くなら、現地の⾔葉のうち、少なくとも挨拶の表現ぐらいは覚え,ておいた⽅がいい。 かいがいりょこうにいくなら、げんちのことばのうち、すくなくともあいさつのひょ うげんぐらいはおぼえておいた⽅がいい。,"If you're going to travel abroad, you should at least memorize some greeting expressions of the local language."
4137,147,直ちに,ただちに,直ちに (ただちに),at once; immediately; directly; in person; 直ちに phrase,N2,322,1,彼らは直ちに彼⼥に⼿術をしなければならないだろう。,かれらはただちにかのじょにしゅじゅつをしなければならないだろう。,They will have to operate on the woman immediately.
4138,147,直ちに,ただちに,直ちに (ただちに),at once; immediately; directly; in person; 直ちに phrase,N2,322,2,私はこの仕事を直ちにしなければならない。,わたしはこのしごとをただちにしなければならない。,I must do this work immediately.
4139,147,直ちに,ただちに,直ちに (ただちに),at once; immediately; directly; in person; 直ちに phrase,N2,322,3,万⼀間違いを⾒つけたら、直ちに知らせてください。,まんいちまちがいをみつけたら、ただちにしらせてください。,"If you should find any mistakes, please let me know at once."
4140,147,直ちに,ただちに,直ちに (ただちに),at once; immediately; directly; in person; 直ちに phrase,N2,322,4,彼⼥は仕事が終わって直ちに事務所を出た。,かのじょはしごとがおわってただちにじむしょをでた。,She left the office immediately after work.
4141,147,直ちに,ただちに,直ちに (ただちに),at once; immediately; directly; in person; 直ちに phrase,N2,322,5,直ちに出発しないと、私は約束に遅れるだろう。,ただちにしゅっぱつしないと、わたしはやくそくにおくれるだろう。,"Unless I leave right away, I'll be late for my appointment."
4142,147,直ちに,ただちに,直ちに (ただちに),at once; immediately; directly; in person; 直ちに phrase,N2,322,6,彼の様⼦はよくないから、直ちに病院に連れていこう︕,かれのようすはよくないから、ただちにびょういんにつれていこう︕,"He doesn't look good, so let's take him to the hospital right away."
4143,147,直ちに,ただちに,直ちに (ただちに),at once; immediately; directly; in person; 直ちに phrase,N2,322,7,彼らはその計画を直ちに実⾏に移すべきだと提案した。,かれらはそのけいかくをただちにじっこうにうつすべきだとていあんした。,They suggested that we should put the plan into practice right now.
4144,147,直ちに,ただちに,直ちに (ただちに),at once; immediately; directly; in person; 直ちに phrase,N2,322,8,新型コロナウイルスに感染した⼈は直ちに隔離された。,しんがたコロナウイルスにかんせんしたひとはただちにかくりされた。,Individuals infected with the new coronavirus were immediately quarantined.
4145,148,たまえ,,たまえ,do~; order somebody to do something Verb ます (stem form) たまえ,N2,324,1,⼊りたまえ。,はいりたまえ。,Come in.
4146,148,たまえ,,たまえ,do~; order somebody to do something Verb ます (stem form) たまえ,N2,324,2,分からない事があったら何でも聞きたまえ。,わからないことがあったらなんでもききたまえ。,Ask anything if you don't understand.
4147,148,たまえ,,たまえ,do~; order somebody to do something Verb ます (stem form) たまえ,N2,324,3,この⾦は君の好きなように使いたまえ。,このかねはきみのすきなようにつかいたまえ。,Use this money as you like.
4148,148,たまえ,,たまえ,do~; order somebody to do something Verb ます (stem form) たまえ,N2,324,4,ご飯を⾷べる前に⼿を洗いたまえ。,ごはんをたべるまえにてをあらいたまえ。,Wash your hands before eating.
4149,148,たまえ,,たまえ,do~; order somebody to do something Verb ます (stem form) たまえ,N2,324,5,静かに︕ちゃんと上司の説明を聞きたまえ。,しずかに︕ちゃんとじょうしのせつめいをききたまえ。,Be quiet! Make sure to listen to the boss's explanation.
4150,148,たまえ,,たまえ,do~; order somebody to do something Verb ます (stem form) たまえ,N2,324,6,もう8時だよ。早く起きたまえ。,もう8じだよ。はやくおきたまえ。,It's already 8 o'clock! Hurry up and get up!
4151,148,たまえ,,たまえ,do~; order somebody to do something Verb ます (stem form) たまえ,N2,324,7,君が考えて良いと思ったようにしたまえ。,きみがかんがえてよいとおもったようにしたま。.,You may do as you think fit.
4152,148,たまえ,,たまえ,do~; order somebody to do something Verb ます (stem form) たまえ,N2,324,8,"僕はまだ仕事が残っているから, 先に帰りたまえ。","ぼくはまだしごとがのこっているから, さきにかえりたまえ。","I still some work to do here, so you may leave before me."
4153,149,てばかりはいられない,,てばかりはいられない,can’t keep doing~,N2,326,1,どんなに⾟くても、泣いてばかりもいられない。,いつも泣くのはできない,"No matter how tough it gets, I can't keep crying like this."
4154,149,てばかりはいられない,,てばかりはいられない,can’t keep doing~,N2,326,2,もう親に頼ってばかりはいられない。,いつも親に頼るのはできない,I can't keep relying on my parents forever.
4155,149,てばかりはいられない,,てばかりはいられない,can’t keep doing~,N2,326,3,先輩に聞いてばかりはいられない。⾃分でできるようにならないと。,いつも先輩に聞くことができない,"I can't keep asking my senpai for every little thing, I have to learn to do thins on my own."
4156,149,てばかりはいられない,,てばかりはいられない,can’t keep doing~,N2,326,4,今⽇の試合に勝ったからといって喜んでばかりはいられない。,ずっと喜ぶわけがない,Just because we won today's match doesn't mean we can stay happy forever.
4157,149,てばかりはいられない,,てばかりはいられない,can’t keep doing~,N2,326,5,体の調⼦が悪いからといって、このまま会社を休んでばかりはいられない。,ずっと休めない,"Even though I'm not feeling well, I can't keep missing work like this forever."
4158,149,てばかりはいられない,,てばかりはいられない,can’t keep doing~,N2,326,6,⽗が亡くなった。しかし、悲しんでばかりもいられない。,ずっと悲しむとよくない,"My father passed away, but I can't keep staying sad forever."
4159,150,てでも,,てでも,even if I have to; by all means~ Verb (て form) でも,N2,328,1,何としてでも痩せたい。,たんとしてでもやせたい。,I'll do whatever it takes to lose weight.
4160,150,てでも,,てでも,even if I have to; by all means~ Verb (て form) でも,N2,328,2,どんな⼿を使ってでも勝ちとってみせる。,どんなてをつかってでもかちとってみせる。,I will win by any means necessary.
4161,150,てでも,,てでも,even if I have to; by all means~ Verb (て form) でも,N2,328,3,何としてでも約束を守らなければならない。,なんとしてでもやくそくをまもらなければならない。,We must keep our word at all cost.
4162,150,てでも,,てでも,even if I have to; by all means~ Verb (て form) でも,N2,328,4,芸能⼈とデートできるなら、100万円払ってでもしたい。,げいのうじんとデートできるなら、１００まんえんはらってでもしたい。,"I really want to date a celebrity.. if it were possible I'd even pay $10,000."
4163,150,てでも,,てでも,even if I have to; by all means~ Verb (て form) でも,N2,328,5,私たちは何としてでも彼を説得しなくてはならない。,わたしたちはなんとしてでもかれをせっとくしなくてはならない。,We must do whatever it takes to persuade him.
4164,150,てでも,,てでも,even if I have to; by all means~ Verb (て form) でも,N2,328,6,仕事を捨ててでも好きな彼⼥と結婚したいです。,しごとをすててでもすきなかのじょとけっこんしたいです。,"I want to marry the woman I love, even if it means I have to quit my job."
4165,151,て以来,ていらい,て以来 (ていらい),since; henceforth~ Verb (てform),N2,330,1,⽇本に来て以来、⺟の料理を⾷べていない。,にほんにきていらい、ははのりょうりをたべていない。,I haven't eaten my mother's cooking since coming to Japan.
4166,151,て以来,ていらい,て以来 (ていらい),since; henceforth~ Verb (てform),N2,330,2,彼⼥は⼊学以来、⼀度も授業を休んでいない。,かのじょはにゅうがくいらい、いちどもじゅぎょうをやすんでいない。,She hasn't missed a class since starting school.
4167,151,て以来,ていらい,て以来 (ていらい),since; henceforth~ Verb (てform),N2,330,3,彼は⼀⼈暮らしを始めて以来、ずっと外⾷が続いている。,かれはひとりぐらしをはじめていらい、ずっとがいしょくがつづいている。,He's been constantly eating out since he started living alone.
4168,151,て以来,ていらい,て以来 (ていらい),since; henceforth~ Verb (てform),N2,330,4,その寿司屋の寿司を⾷べて以来、ずっとそのお店のファンです。,そのすしやのすしをたべていらい、ずっとそのおみせのファンです。,I've been a fan of that sushi restaurant ever since I first tried their sushi.
4169,151,て以来,ていらい,て以来 (ていらい),since; henceforth~ Verb (てform),N2,330,5,⼤学に⼊学以来、⽣活のために毎⽇バイトしている。,だいがくににゅうがくいらい、せいかつのためにまいにちバイトしている。,"Since starting university, I've been working a part-time job to help with my expenses."
4170,151,て以来,ていらい,て以来 (ていらい),since; henceforth~ Verb (てform),N2,330,6,その⼦は、両親が事故で亡くなって以来、笑わなくなってしまった。,そのこは、りょうしんがじこでなくなっていらい、わらわなくなってしまった。,That child hasn't been able to laugh since both of their parents died in an accident.
4171,152,ていては,,ていては,if one keeps doing~ Verb (て form) いては,N2,332,1,そんなに⽢いものばかり⾷べていては、太りますよ。,そんなにあまいものばかりたべていては、ふりますよ。,"If you only eat sweets, you will gain weight."
4172,152,ていては,,ていては,if one keeps doing~ Verb (て form) いては,N2,332,2,そんな暗いところで本を読んでいては⽬が悪くなってしまうよ。,そんなくらいところでほんをよんでいてはめがわるくなってしまうよ。,"If you keep reading books in such a dark place, your eyes will go bad."
4173,152,ていては,,ていては,if one keeps doing~ Verb (て form) いては,N2,332,3,いつも親に頼っていては、成⻑が出来ないよ。,いつもおやにたよっていては、せいちょうができないよ。,"If you keep always relying on your parents, you will never be able to grow as a person."
4174,152,ていては,,ていては,if one keeps doing~ Verb (て form) いては,N2,332,4,毎⽇そんなに遅くまで残業をしていては体を壊しますよ。,まいにちそんなにおそくまでざんぎょうをしていてはからだをこわしますよ。,If you keep working overtime late like that you're going to destroy your body.
4175,152,ていては,,ていては,if one keeps doing~ Verb (て form) いては,N2,332,5,そんなに毎⽇⽢いものばかり⾷べていては⾍⻭になりますよ。,そんなにまいにちあまいものばかりたべていてはむしばになりますよ。,"If you keep eating nothing but sweets every day, you're going to get some cavities."
4176,152,ていては,,ていては,if one keeps doing~ Verb (て form) いては,N2,332,6,あの男の⾦を返すのを待っていてはきりが無い。,あのおとこのかねをかえすのをまっていてはきりがない。,"If you wait for him to pay, you will have to wait for ever."
4177,152,ていては,,ていては,if one keeps doing~ Verb (て form) いては,N2,332,7,毎⽇睡眠薬を使っていては、体が壊れるよ。早く病院に⾏ったほうがいい。,まいにちすいみんやくをつかっていては、からだがこわれるよ。はやくびょういんに いったほうがいい。,"If you use sleeping pills every day, your body will break. You should go to the hospital soon."
4178,152,ていては,,ていては,if one keeps doing~ Verb (て form) いては,N2,332,8,こんなに物価が上昇していては、⽣活が苦しくなるばかりです。,こんなにぶっかがじょうしょうしていては、せいかつがくるしくなるばかりです。,"If prices keep going up like this, life will only get more difficult."
4179,153,てこそ,,てこそ,now that; since (something happened) Verb (て form) こそ,N2,334,1,親になってこそ、親の苦労や気持ちがわかるものだ。,おやになってこそ、おやのくろうやきもちがわかるものだ。,Only after you become a parent can you understand the struggles and feelings of raising children.
4180,153,てこそ,,てこそ,now that; since (something happened) Verb (て form) こそ,N2,334,2,⽣活費を⾃分で稼いでこそ、⾃⽴していると⾔えます。,せいかつひをじぶんでかせいでこそ、じりつしているといえます。,Only after you start earning a living for yourself can you claim to be independent.
4181,153,てこそ,,てこそ,now that; since (something happened) Verb (て form) こそ,N2,334,3,会話は、相⼿が参加してくれてこそ成功します。,かいわは、あいてがさんかしてくれてこそせいこうします。,A conversation can only happen when both parties engage in it.
4182,153,てこそ,,てこそ,now that; since (something happened) Verb (て form) こそ,N2,334,4,⽇本で⽣活してこそ⽂化が分かるというものだ。,にほんでせいかつしてこそぶんかがわかるというものだ。,Only after living in Japan will you truly understand its culture.
4183,153,てこそ,,てこそ,now that; since (something happened) Verb (て form) こそ,N2,334,5,困った時に助け合ってこそ本当の友達です。,こまったときにたすけあってこそほんとうのともだちです。,"After helping each-other when we were in trouble, we've become true friends."
4184,153,てこそ,,てこそ,now that; since (something happened) Verb (て form) こそ,N2,334,6,⾃分でやってみてこそそれがいいか悪いか分かる。,じぶんでやってみてこそそれがいいかわるいかわかる。,"Once you try it for yourself, you'll be able to tell what is good and what is bad."
4185,153,てこそ,,てこそ,now that; since (something happened) Verb (て form) こそ,N2,334,7,⾃分で働いてこそ、お⾦を稼ぐことの⼤変のは分かるです。,じぶんではたらいてこそ、おかねをかせぐことのたいへんのはわかるです。,Only after you work for yourself can you understand the difficulties of saving money.
4186,153,てこそ,,てこそ,now that; since (something happened) Verb (て form) こそ,N2,334,8,覚えた単語は使ってこそ、本当に覚えたと⾔えます。,おぼえたたんごはつかってこそ、ほんとうにおぼえたといえます。,Only after using the new vocabulary you've memorized can you say you've truly memorized those words.
4187,153,てこそ,,てこそ,now that; since (something happened) Verb (て form) こそ,N2,334,9,どんな料理でも、材料が新鮮であってこそ、最⾼の味を引き出すことができま,す。 どんなりょうりでも、ざいりょうがしんせんであってこそ、さいこうのあじをひきだ すことができます。,"No matter what kind of food it may be, only as long as the ingredients are fresh can you bring out the best flavor."
4188,154,てまで,,てまで,even; will go far so as to~ Verb（て form) まで,N2,336,1,頭を下げてまで⾦を借りたくない。,あたまをさげてまでかねをかりたくない。,I wouldn't lower myself to borrow money.
4189,154,てまで,,てまで,even; will go far so as to~ Verb（て form) まで,N2,336,2,私は借⾦をしてまで、家を買うつもりはない。,わたしはしゃっきんをしてまで、いえをかうつもりはない。,I don't intend to buy a house if it means taking on debt.
4190,154,てまで,,てまで,even; will go far so as to~ Verb（て form) まで,N2,336,3,なぜそうまでして嘘をつくのだろうか。,なぜそうまでしてうそをつくのだろうか。,Why do they go so far to lie?
4191,154,てまで,,てまで,even; will go far so as to~ Verb（て form) まで,N2,336,4,どれだけ欲しくても、借⾦までして買いたいとは思わない。,どれだけほしくても、しゃっきんまでしてかいたいとはおもわない。,"Regardless of how much I may want it, I don't want to buy it if it means going in debt."
4192,154,てまで,,てまで,even; will go far so as to~ Verb（て form) まで,N2,336,5,俺は⽗に反対してまで彼⼥の味⽅になった。,おれはちちにはんたいしてまでかのじょのみかたになった。,"I supported her, even though it meant defying my father."
4193,154,てまで,,てまで,even; will go far so as to~ Verb（て form) まで,N2,336,6,カンニングまでしてテストでいい点を取りたいとは思わない。,カンニングまでしてテストでいいてんをとりたいとはおもわない。,I would not go so far as to cheat in order to get a good test score.
4194,154,てまで,,てまで,even; will go far so as to~ Verb（て form) まで,N2,336,7,結婚のために夜勤までして貯めたお⾦を使い込まれた。,けっこんのためにやきんまでしてためたおかねをつかいこまれた。,The wedding money I saved up by doing night shifts was all used up.
4195,154,てまで,,てまで,even; will go far so as to~ Verb（て form) まで,N2,336,8,彼は健康を犠牲にしてまで成功したいと思った。,かれはけんこうをぎせいにしてまでせいこうしたいとおもった。,"He wanted to succeed so much, even to the point of sacrificing his health."
4196,155,てならない,,てならない,can't help but; dying to; extremely~ Verb (て form),N2,338,1,うちの息⼦が⼤学に合格して、うれしくてならない。,うちのむすこがだいがくにごうかくして、うれしくてならない。,I’m so glad that my son passed the university entrance exam.
4197,155,てならない,,てならない,can't help but; dying to; extremely~ Verb (て form),N2,338,2,外国で⽣活した時、不安でならなかった。,がいこくでせいかつしたとき、ふあんでならなかった。,I was very nervous when I lived abroad.
4198,155,てならない,,てならない,can't help but; dying to; extremely~ Verb (て form),N2,338,3,あの⼆⼈はどうして離婚したのか、知りたくてならない。,あのふたりはどうしてりこんしたのか、しりたくてならない。,I really want to know why those got divorced.
4199,155,てならない,,てならない,can't help but; dying to; extremely~ Verb (て form),N2,338,4,親友の結婚式に出席できないのが残念でならない。,しんゆうのけっこんしきにしゅっせきできないのがざんねんでならない。,I'm extremely disappointed that I cannot attend my best friend's wedding.
4200,155,てならない,,てならない,can't help but; dying to; extremely~ Verb (て form),N2,338,5,この駅の近くは、悪い⼈が多いから、危なくてならない。,このえきのちかくは、わるいひとがおおいから、あぶなくてならない。,There are a lot of bad people near this station so it is very dangerous.
4201,155,てならない,,てならない,can't help but; dying to; extremely~ Verb (て form),N2,338,6,今⽇受けたテストで、何点を取れたか、気になってならない。,きょううけたテストで、なんてんとれたか、きになってならない。,I'm very curious about what score I will get on the test I took today.
4202,155,てならない,,てならない,can't help but; dying to; extremely~ Verb (て form),N2,338,7,もう10年間くらい国に帰っていないので、両親に会いたくてならない。,もう10ねんかんくらいくににかえっていないので、りょうしんにあいたくてならな い。,I haven’t returned to my country for 10 years so i miss my parents so much.
4203,155,てならない,,てならない,can't help but; dying to; extremely~ Verb (て form),N2,338,8,⼤勢の⼈の前でつまずいてこけたので、恥ずかしくてならなかった。,おおぜいのひとのまえでつまずいてこけたので、はずかしくてならなかった。,I fell over in front of a large number of people and was extremely embarrassed.
4204,156,てたまらない,,てたまらない,can't help but; dying to; extremely~ Verb (たくて form),N2,340,1,あなたに会いたくてたまらない。,あなたにあいたくてたまらない。,I want to see you so bad...
4205,156,てたまらない,,てたまらない,can't help but; dying to; extremely~ Verb (たくて form),N2,340,2,⽇本の夏は暑すぎてたまらない。,にほんのなつはあつすぎてたまらない。,I can't stand Japan's hot summer.
4206,156,てたまらない,,てたまらない,can't help but; dying to; extremely~ Verb (たくて form),N2,340,3,私は外国へ⾏きたくてたまらない。,わたしはがいこくへいきたくてたまらない。,I am aching to go abroad.
4207,156,てたまらない,,てたまらない,can't help but; dying to; extremely~ Verb (たくて form),N2,340,4,⼦どものことが⼼配でたまらない。,こどものことがしんぱいでたまらない。,I'm overwhelmed with worry about my children.
4208,156,てたまらない,,てたまらない,can't help but; dying to; extremely~ Verb (たくて form),N2,340,5,私は⽬が痛くてたまらない。,わたしはめがいたくてたまらない。,My eyes hurt so much I can't stand it.
4209,156,てたまらない,,てたまらない,can't help but; dying to; extremely~ Verb (たくて form),N2,340,6,彼⼥が出来て嬉しくてたまらない。,kanojo ga dekite ureshikute tamaranai.,I'm so glad that I was able to get a girlfriend!
4210,156,てたまらない,,てたまらない,can't help but; dying to; extremely~ Verb (たくて form),N2,340,7,あの新しい映画を観たくてたまらない。,あのあたらひいえいがをみたくてたまらない。,I can't wait to watch that new movie!
4211,157,て当然だ,てとうぜんだ,て当然だ (てとうぜんだ),natural; as a matter of course Verb (て form),N2,342,1,毎⽇遅くまで残業しているから、疲れて当然だ。,まいにちおそくまでざんぎょうしているから、つかれてとうぜんだ。,"You're working overtime late everyday, so it's only natural to be tired."
4212,157,て当然だ,てとうぜんだ,て当然だ (てとうぜんだ),natural; as a matter of course Verb (て form),N2,342,2,⼈間だから間違いがあって当然です。そんなに落ち込まないでください。,にんげんだからまちがいがあってとうせんです。そんなにおちこまないでください。,"You're only human, so it's natural to make mistakes. Don't let it get you down."
4213,157,て当然だ,てとうぜんだ,て当然だ (てとうぜんだ),natural; as a matter of course Verb (て form),N2,342,3,マンションの近くに電⾞が⾛っているから、うるさくて当たり前だ。,マンションのちかくにでんしゃがはしっているから、うるさくてあたりまえだ。,"There are trains going by nearby the apartment, so it's of course going to be loud."
4214,157,て当然だ,てとうぜんだ,て当然だ (てとうぜんだ),natural; as a matter of course Verb (て form),N2,342,4,今回のテストはとても簡単なので満点が取れて当然です。,こんかいのテストはとてもかんたんなのでまんてんがとれてとうぜんです。,"The test this time was very easy, so it's only natural to be able to get a full score."
4215,157,て当然だ,てとうぜんだ,て当然だ (てとうぜんだ),natural; as a matter of course Verb (て form),N2,342,5,⼥性だから料理ができて当たり前だと思わないでください。,じょせいだからりょうりができてあたりまえだとおもわないでください。,Please don't think that just because someone is a girl it's natural for them to be able to cook.
4216,157,て当然だ,てとうぜんだ,て当然だ (てとうぜんだ),natural; as a matter of course Verb (て form),N2,342,6,彼⼥はいつも⼈の悪⼝ばかり⾔っているので、みんなに嫌われて当然だ。,かのじょはいつもひとのわるぐちばかりいっているので、みんなにきらわれてとうぜ んだ。,"She is always saying bad things about people, so it's only natural that she is disliked by everyone."
4217,157,て当然だ,てとうぜんだ,て当然だ (てとうぜんだ),natural; as a matter of course Verb (て form),N2,342,7,あのお店は安くて美味しいので⼈気があって当たり前です。,あのおみせはやすくておいしいのでにんきがあってあたりまえです。,"That shop is very cheap and delicious, so it's no wonder why it's so popular."
4218,157,て当然だ,てとうぜんだ,て当然だ (てとうぜんだ),natural; as a matter of course Verb (て form),N2,342,8,⼤事な書類をなくしたんだから、上司に叱られて当然だ。,だいじなしょるいをなくしたんだから、じょうしにしかられてとうぜんだ。,"I lost an important document, so it's only natural to get chewed out by my boss."
4219,158,ては では,,ては では,whenever; if; when~; repetitive action Verb (て form),N2,344,1,こんなに⾬が降っては、買い物ができないな。,こんなにあめがふっては、かいものができないな。,I can't go shopping if it keeps raining like this.
4220,158,ては では,,ては では,whenever; if; when~; repetitive action Verb (て form),N2,344,2,彼の成績がこんなに悪くては、卒業もできないだろう。,かれのせいせきがこんなにわるくては、そつぎょうもできないだろう。,"When his grades are this bad, hey may not be able to graduate."
4221,158,ては では,,ては では,whenever; if; when~; repetitive action Verb (て form),N2,344,3,彼が相⼿では勝てるわけがない。,かれがあいてではかてるわけがない。,"If he is my opponent, there is no way I can win."
4222,158,ては では,,ては では,whenever; if; when~; repetitive action Verb (て form),N2,344,4,君のレストランの料理がまずくては誰も来ませんよ。,きみのレストランのりょうりがまずくてはだれもきませんよ。,"If your restaurant's food is not good, no one will come."
4223,158,ては では,,ては では,whenever; if; when~; repetitive action Verb (て form),N2,344,5,この仕事、彼に任せてはいかがでしょう︖,このしごと、かれにまかせてはいかがでしょう︖,How about leaving this work to him?
4224,158,ては では,,ては では,whenever; if; when~; repetitive action Verb (て form),N2,344,6,静かに︕⼤きな声で話しては⿂が逃げてしまう。,しずかに︕おおきなこえではなしてはさかながにげてしまう。,"Be quiet! If you talk in a loud voice, all of the fish will go away."
4225,158,ては では,,ては では,whenever; if; when~; repetitive action Verb (て form),N2,344,7,彼⼥は⽇本に来ては、お⼟産でスーツケースをいっぱいにして国に帰る。,かのじょはにほんにきては、おみやげでスーツケースをいっぱいにしてくににかえ る。,"Whenever she comes to Japan, she always goes back home with a suitcase full of souvenirs."
4226,158,ては では,,ては では,whenever; if; when~; repetitive action Verb (て form),N2,344,8,彼⼥は亡くした⼦どもの写真を⾒ては泣いた。,かのじょはなくしたこどものしゃしんをみてはないた。,She cried whenever she looked at a picture of her lost child.
4227,158,ては では,,ては では,whenever; if; when~; repetitive action Verb (て form),N2,344,9,娘はニキビに悩んでいて、鏡を⾒てはため息をついている。,むすめはニキビになやんでいて、かがみをみてはためいきをついている。,My daughter is really worried about her pimples and sighing every time she looks at a mirror.
4228,158,ては では,,ては では,whenever; if; when~; repetitive action Verb (て form),N2,344,10,授業をサボっては先⽣に叱られたりしたあの頃のことが懐かしく思われる。,じゅぎょうをサボってはせんせいにしかられたりしたあのころのことがなつかしくお もわれる。,I have fond memories of when I used to skip class and get scolded by my teacher.
4229,159,てはいられない,,てはいられない,can’t afford to; unable to~ Verb (て form),N2,347,1,ぐずぐずしてはいられない。,ぐずぐずしてはいられない。,We have no time to lose.
4230,159,てはいられない,,てはいられない,can’t afford to; unable to~ Verb (て form),N2,347,2,泣かないではいられない。,なかないではいられない。,I can't help crying.
4231,159,てはいられない,,てはいられない,can’t afford to; unable to~ Verb (て form),N2,347,3,彼の⾔うことを信じないではいられない。,かれのいうことをしんじないではいられない。,I cannot help believing what he says.
4232,159,てはいられない,,てはいられない,can’t afford to; unable to~ Verb (て form),N2,347,4,もうすぐ試験だから遊んではいられない。勉強に集中しなきゃ。,もうすぐしけんだからあそんではいられない。べんきょうにしゅうちゅうしなきゃ。,My exams are near so I can't afford to slack off. I need to focus on my studies.
4233,159,てはいられない,,てはいられない,can’t afford to; unable to~ Verb (て form),N2,347,5,今年から⼤学⽣になるから、いつまでも親に頼ってはいられない。,ことしからだいがくせいになるから、いつまでもおやにたよってはいられない。,"I'll be a college student this year, so I can't rely on my parents forever."
4234,159,てはいられない,,てはいられない,can’t afford to; unable to~ Verb (て form),N2,347,6,明⽇は早く起きるので、いつものように遅くまで本を読んではいられない。,あしたははやくおきるので、いつものようにおそくまでほんをよんではいられない。,"I will get up early tomorrow, so I can't stay up and read late as usual."
4235,159,てはいられない,,てはいられない,can’t afford to; unable to~ Verb (て form),N2,347,7,やると決めたら、のんびりしてはいられない。今すぐ準備を始めよう。,やるときめたら、のんびりしてはいられない。いますぐじゅんびをはじめよう。,"If you decide to do it, you can't be carefree about it. Let's start the preparations right away."
4236,159,てはいられない,,てはいられない,can’t afford to; unable to~ Verb (て form),N2,347,8,あんなひどいことを⾔われて、私も黙ってはいられなかった。,あんなひどいことをいわれて、わたしもだまってはいられなかった。,I couldn't stay silent after being told something so horrible.
4237,159,てはいられない,,てはいられない,can’t afford to; unable to~ Verb (て form),N2,347,9,仕事が予定より遅れているから、今度の⽇曜⽇は、仕事を休んではいられな,い。 しごとがよていよりおくれているから、こんどのにちようびは、しごとをやすんでは いられない。,"I’m already behind in my work, so i can’t afford to take a day off this Sunday."
4238,159,てはいられない,,てはいられない,can’t afford to; unable to~ Verb (て form),N2,347,10,試験終了時間まであと数分だから、この問題にそんなに時間をかけてはいられ,ない。 しけんしゅうりょうじかんまであとすうふんだから、このもんだいにそんなにじかん をかけてはいられない。,"There are only few minutes left until the test is over, so i can’t spend too much time on this question."
4239,160,てはならない,,てはならない,must not; cannot; should not~ Verb (て form) はならない,N2,350,1,過去を忘れてはならない。,かこをわすれてはならない。,We must never forget the past.
4240,160,てはならない,,てはならない,must not; cannot; should not~ Verb (て form) はならない,N2,350,2,教師はいじめを⾒逃してはならない。,きょうしはいじめをみのがしてはならない。,Teachers must not overlook bullying.
4241,160,てはならない,,てはならない,must not; cannot; should not~ Verb (て form) はならない,N2,350,3,⽔は⽣きるためになくてはならない。,みずはいきるためになくてはならない。,Water is necessary for life.
4242,160,てはならない,,てはならない,must not; cannot; should not~ Verb (て form) はならない,N2,350,4,どんなことでも失敗したら、⼈のせいにしてはなりません。,どんなことでもしっぱいしたら、ひとのせいにしてはなりません。,"No matter the failure, you must not place the blame on others."
4243,160,てはならない,,てはならない,must not; cannot; should not~ Verb (て form) はならない,N2,350,5,友達と約束したから、秘密を漏らしてはならない。,ともだちとやくそくしたから、ひみつをもらしてはならない。,"I promised my friend, so their secret must not be leaked out."
4244,160,てはならない,,てはならない,must not; cannot; should not~ Verb (て form) はならない,N2,350,6,⾃分の利益のために法律を違反することがあってはならない。,じぶんのりえきのためにほうりつをいはんすることがあってはならない。,You must never break the law for your own benefit.
4245,160,てはならない,,てはならない,must not; cannot; should not~ Verb (て form) はならない,N2,350,7,⾃分の⾏動に⾃分で責任を持たなくてはならないと学校で先⽣によく⾔われ,る。 じぶんのこうどうにじぶんでせきにんをもたなくてはならないとがっこうでせんせい によくいわれる。,I am often told by my teacher at school that one must take responsibility for their actions.
4246,160,てはならない,,てはならない,must not; cannot; should not~ Verb (て form) はならない,N2,350,8,世界で⾊んな⼈が⾷べ物がないから、⾷べ物を捨ててはならない︕と⼦供の頃,から両親が教えてくれた。 せかいでいろんなひとがたべものがないから、たべものをすててはならない︕とこど ものころからりょうしんがおしえてくれた。,"When I was a child, my parents taught me that there are a lot of people without food in this world so we must never throw away food."
4247,161,ては〜ては,,ては〜ては,repetitive situations/actions V 2て V 2て,N2,352,1,⽴っては座り、座っては⽴ち、気分が落ち着かない。,たってはすわり、すわってはたち、きぶんがおちつかない。,"I keep standing and sitting down again, and can't seem to settle down."
4248,161,ては〜ては,,ては〜ては,repetitive situations/actions V 2て V 2て,N2,352,2,⾷べては寝て、寝ては⾷べの⽣活は必ず太る。,たべてはねて、ねてはたべのせいかつはかならずふとる。,"If you do nothing but sleep and eat, you will definitely gain weight."
4249,161,ては〜ては,,ては〜ては,repetitive situations/actions V 2て V 2て,N2,352,3,⾬が降ってはやんで降ってはやんでの⽇が続いている。,あめがふってはやんでふってはやんでのひがつづいている。,It keeps raining on and off every day.
4250,161,ては〜ては,,ては〜ては,repetitive situations/actions V 2て V 2て,N2,352,4,学んだことを覚えては忘れ、覚えては忘れを繰り返している。,まなんだことをおぼえてはわすれ、おぼえてはわすれをくりかえしている。,I keep repeating the cycle of memorizing and forgetting what I've studied.
4251,161,ては〜ては,,ては〜ては,repetitive situations/actions V 2て V 2て,N2,352,5,結婚しては離婚して、離婚しては結婚している彼は信⽤できない。,けっこんしてはりこんして、りこんしてはけっこんしているかれはしんようできな い。,"He keeps getting married and divorced, so I don't trust him."
4252,161,ては〜ては,,ては〜ては,repetitive situations/actions V 2て V 2て,N2,352,6,久しぶりに⼭登りをした。歩いては休み、していたので、頂上までたどり着く,のはずいぶん⻑い時間かかってしまった。 ひさしぶりにやまのぼりをした。あるいてはやすみ、していたので、ちょうじょうま でたどりつくのはずいぶんながいじかんかかってしまった。,It had been a while since I climbed a mountain. I kept resting after only walking for a bit and it ended up taking a long time before I reached the peak.
4253,161,ては〜ては,,ては〜ては,repetitive situations/actions V 2て V 2て,N2,352,7,⾷べては寝て、⾷べては寝てという⽣活を続けていたら、この1ヵ⽉の夏休みで,5キロも太ってしまった。 たべてはねて、たべてはねてというせいかつをつづけていたら、この1ヵげつのなつや すみで5キロもふとってしまった。,I've just been eating and sleeping all month during Summer break and I've gained 5 kilograms.
4254,162,と同時に,とどうじに,と同時に (とどうじに),"at the same time as; while; simultaneously~ Verb (casual, non-past)",N2,354,1,彼らは笑うと同時に泣いた。,かれらはわらうとどうじにないた。,They laughed and cried at the same time.
4255,162,と同時に,とどうじに,と同時に (とどうじに),"at the same time as; while; simultaneously~ Verb (casual, non-past)",N2,354,2,⼤学に⼊学すると同時に、私はアルバイトを始めました。,だいがくににゅうがくするとどうじに、わたしはあるばいとをはじめました。,I started a part-time job at the same time that I entered university.
4256,162,と同時に,とどうじに,と同時に (とどうじに),"at the same time as; while; simultaneously~ Verb (casual, non-past)",N2,354,3,その店は開店と同時に満席になった。,そのみせはかいてんとどうじにまんせきになった。,That restaurant became full at the same time that it opened.
4257,162,と同時に,とどうじに,と同時に (とどうじに),"at the same time as; while; simultaneously~ Verb (casual, non-past)",N2,354,4,私が乗り込むと同時に電⾞のドアが閉まった。,わたしがのりこむとどうじにでんしゃのドアがしまった。,The door closed at the same time as I walked onto the train.
4258,162,と同時に,とどうじに,と同時に (とどうじに),"at the same time as; while; simultaneously~ Verb (casual, non-past)",N2,354,5,昨⽇のニュースは⼤阪で地震と同時に⽕事が起こった。,きのうのニュースはおおさかでじしんとどうじにかじがおこった。,"According to yesterday's news, a fire coincided with the earthquake in Osaka."
4259,162,と同時に,とどうじに,と同時に (とどうじに),"at the same time as; while; simultaneously~ Verb (casual, non-past)",N2,354,6,ドアを開けると同時に私の電話のベルがなりました。,ドアをあけるとどうじにわたしのでんわのベルがなりました。,My phone rang just as I was opening the door.
4260,162,と同時に,とどうじに,と同時に (とどうじに),"at the same time as; while; simultaneously~ Verb (casual, non-past)",N2,354,7,彼は⼤学の先⽣をしていると同時に⼩説も書いている。,かれはだいがくのせんせいをしているとどうじにしょうせつもかいている。,He’s working as a college professor while also writing a novel
4261,162,と同時に,とどうじに,と同時に (とどうじに),"at the same time as; while; simultaneously~ Verb (casual, non-past)",N2,354,8,彼は⼤学で⽇本語を勉強すると同時に経済も勉強します。,かれはだいがくでにほんごをべんきょうするとどうじにけいざいもべんきょうしま す。,He is studying both Japanese and economics at the same time in University.
4262,162,と同時に,とどうじに,と同時に (とどうじに),"at the same time as; while; simultaneously~ Verb (casual, non-past)",N2,354,9,扉がバタンと閉まると同時に、⼤きな⾳が、部屋の中に響いた。,とびらがバタンとしまるとどうじに、おおきなおとが、へやのなかにひびいた。,The door slammed shut and at the same moment a loud noise echoed inside the room.
4263,163,といった,,といった,like; such as~ Noun といった,N2,356,1,バスケットボール、サッカーといったスポーツは⼤学⽣に⼈気がある。,バスケットボール、サッカーといったスポーツはだいがくせいににんきがある。,Sports such as basketball and soccer are popular with college students.
4264,163,といった,,といった,like; such as~ Noun といった,N2,356,2,とんかつや天ぷらといった揚げ物の料理が好きです。,とんかつやてんぷらといったあげものりょうりがすきです。,"I love fried foods like ""tonkatsu"" and ""tempura""."
4265,163,といった,,といった,like; such as~ Noun といった,N2,356,3,彼⼥はアイスクリームやチョコレートといった⽢い物が好きだ。,かのじょはアイスクリームやチョコレートといったあまいものがすきだ。,She likes sweets such as ice cream and chocolate.
4266,163,といった,,といった,like; such as~ Noun といった,N2,356,4,トヨタやホンダといった⾞の会社は世界で有名だ。,トヨタやホンダといったくるまのかいしゃはせかいでゆうめいだ。,Car companies such as Toyota and Honda are famous in the world.
4267,163,といった,,といった,like; such as~ Noun といった,N2,356,5,この⽇本語学校にはタイ、ベトナムといった東南アジアからの留学⽣が多い。,このにほんごがっこうにはタイ、ベトナムといった東南アジアからのりゅうがくせい がおおい。,This Japanese language school has many students from Southeast Asia such as Thailand and Vietnam.
4268,163,といった,,といった,like; such as~ Noun といった,N2,356,6,私は、「こんにちは」「さようなら」といった簡単な⾔葉を話せます。,わたしは、「こんにちは」「さようなら」といったかんたんなことばをはなせます。,"I can say simple words like ""hello"" and ""goodbye""."
4269,163,といった,,といった,like; such as~ Noun といった,N2,356,7,うどんや寿司といった⽇本の⾷べ物を好む外国⼈が増えてきた。,うどんやすしといったにほんのたべものをこのむがいこくじんがふえてきた。,Foreigners who prefer Japanese food such as udon and sushi are beginning to increase.
4270,163,といった,,といった,like; such as~ Noun といった,N2,356,8,この店では古い洗濯機やテレビといった電⼦品がたくさん売っています。,このみせではふるいせんたくきやテレビといったでんしひんがたくさんうっていま す。,This shop sells a lot of electronic goods such as old washing machines and TVs.
4271,164,というふうに,,というふうに,in such a way that~,N2,358,1,彼⼥は信じられないというふうに頭を振った。,かのじょはしんじられないというふうにあたまをふった。,She shook her head in disbelief.
4272,164,というふうに,,というふうに,in such a way that~,N2,358,2,彼はいつも⾃分が天才だというふうに思い込んでいた。,かれはいつもじぶんがてんさいだというふうにおもいこんでいた。,He always fancied himself as a genius.
4273,164,というふうに,,というふうに,in such a way that~,N2,358,3,これは⾮常に⼤事なことだという⾵に思っております。,これはひじょうにだいじなことだというふうにおもっております。,I believe that this is extremely important.
4274,164,というふうに,,というふうに,in such a way that~,N2,358,4,⽇本にはどういう影響があるというふうに⾒ていますか。,にほんにはどういうえいきょうがあるというふうにみていますか。,How do you see this affecting Japan?
4275,164,というふうに,,というふうに,in such a way that~,N2,358,5,彼はどうしようもないという⾵に⾸を振った。,かれはどうしようもないというふうにくびをふった。,He shook his head as if to say it's hopeless.
4276,164,というふうに,,というふうに,in such a way that~,N2,358,6,ぜひ皆様のご協⼒、ご指導も頂きたいというふうに思っています。,ぜひみなさまのごきょうりょく、ごしどうもいただきたいというふうにおもっていま す。,I would appreciate everyone's cooperation and advice.
4277,164,というふうに,,というふうに,in such a way that~,N2,358,7,彼⼥は⽉曜⽇、あなたは⽕曜⽇という⾵に交代で当番になったらどうですか︖,かのじょはげつようび、あなたはかようびというふうにこうだいでとうばんになった らどうですか︖,"How about we rotate shifts in this way, with her on Monday and you on Tuesday?"
4278,164,というふうに,,というふうに,in such a way that~,N2,358,8,総理のお考えをお聞きした上で、この問題を判断したいというふうに思ってお,ります。 そうりのおかんがえをおききしたうえで、このもんだいをはんだんしたいというふう におもっております。,I would like to make a decision on this issue after listening to the leader's opinion.
4279,165,ということは,,ということは,that is to say; so that means; in other words~ Clause 1 ということは clause 2,N2,360,1,あなたが会社を辞めるということは本当ですか。,あなたがかいしゃをやめるということはほんとうですか。,Is it true that you are quitting the company?
4280,165,ということは,,ということは,that is to say; so that means; in other words~ Clause 1 ということは clause 2,N2,360,2,彼は、まだ来ませんね。ということは、今⽇は⽋席ですね。,かれは、まだきませんね。ということは、きょうはけっせきですね。,"He still hasn't come, so he will be marked as absent for today."
4281,165,ということは,,ということは,that is to say; so that means; in other words~ Clause 1 ということは clause 2,N2,360,3,30％割引きということは、２万円なら６千円安くなるんですね。,30％わりびきということは、２まんえんなら６せんえんやすくなるんですね。,"A 30% discount, in other words 20,000 yen will become 6,000 yen cheaper."
4282,165,ということは,,ということは,that is to say; so that means; in other words~ Clause 1 ということは clause 2,N2,360,4,あの家を売ったということは、おそらく事業に失敗したのだろう。,あのいえをうったということは、おそらくじぎょうにしっぱいしたのだろう。,"Since they are selling that house, I wonder if their business failed?"
4283,165,ということは,,ということは,that is to say; so that means; in other words~ Clause 1 ということは clause 2,N2,360,5,⼀⽇8時間⽉曜⽇から⼟曜⽇まで働くということは、⼀週間で48時間の労働,だ。 いちにち8じかんげつようびからどようびまではたらくということは、いちしゅうかん で48じかんのろうどうだ。,Working 8 hours everyday from Monday to Saturday means 48 hours of work in one week.
4284,165,ということは,,ということは,that is to say; so that means; in other words~ Clause 1 ということは clause 2,N2,360,6,⾃転⾞が⼆台しかないということは、俺たちは誰かが歩かなければならないと,いうことだ。 じてんしゃがにだいしかないということは、おれたちはだれかがあるかなければなら ないということだ。,"We only have two bicycles, so that means one of us has to walk."
4285,165,ということは,,ということは,that is to say; so that means; in other words~ Clause 1 ということは clause 2,N2,360,7,彼⼥はもうお酒を飲めるということは、⼆⼗歳を過ぎてるんだね。,かのじょはもうおさけをのめるということは、はたちをすぎてるんだね。,"Since she is able to drink, that means she is over 20 years old."
4286,165,ということは,,ということは,that is to say; so that means; in other words~ Clause 1 ということは clause 2,N2,360,8,海外へ⾏く場合は注意しすぎるということはない。,かいがいへいくばあいはちゅういしすぎるということはない。,You can't be too careful when you go abroad.
4287,166,というものだ,,というものだ,something like; something called~ Verb (casual form),N2,362,1,これがいわゆる「天ぷら」というものです。,これがいわゆる「てんぷら」というものです。,"This is what we call ""tempura""."
4288,166,というものだ,,というものだ,something like; something called~ Verb (casual form),N2,362,2,⾟い時に助けてくれるのが、親友というものだ。,つらいときにたすけてくれるのが、しんゆうというものだ。,Those who help you in rough times are called true friends.
4289,166,というものだ,,というものだ,something like; something called~ Verb (casual form),N2,362,3,それがまさに愛というものだ。,それがまさにあいというものだ。,That is what love is all about.
4290,166,というものだ,,というものだ,something like; something called~ Verb (casual form),N2,362,4,⼈はみんな平等ではない。それが⼈⽣というものだ。,ひとはみんなびょうどうではない。それがじんせいというものだ。,Not all people are equal. That's just part of life.
4291,166,というものだ,,というものだ,something like; something called~ Verb (casual form),N2,362,5,私は⼭⽥ケンというものです。,わたしはやまだけんというものです。,My name is Ken Yamada.
4292,166,というものだ,,というものだ,something like; something called~ Verb (casual form),N2,362,6,それは無理押しというものだ。,それはむりおしというものだ。,That is forcing things too much.
4293,166,というものだ,,というものだ,something like; something called~ Verb (casual form),N2,362,7,誰にでも好みというものはあります。,だれにでもこのみというものわあります。,Everyone has their own preferences.
4294,166,というものだ,,というものだ,something like; something called~ Verb (casual form),N2,362,8,⼈間には理性というものがある。,にんげんにはりせいというものがある。,Humans have a thing called reasoning power.
4295,167,というものではない,,というものではない,there is no guarantee that…; not necessarily~ Verb (casual form),N2,364,1,お⾦があれば幸せだというものでもない。,おかねがあればしあわせだというものでもない。,Just by having no money is no guarantee that you will be happy.
4296,167,というものではない,,というものではない,there is no guarantee that…; not necessarily~ Verb (casual form),N2,364,2,私の仕事は誰でもできるというものではない︕,わたしのしごとはだれでもできるというものではない︕,My work is not something that just anybody can do!
4297,167,というものではない,,というものではない,there is no guarantee that…; not necessarily~ Verb (casual form),N2,364,3,⽇本に留学すれば、⽇本語が上⼿になるというものでもない。,にほんにりゅうがくすれば、にほんごがじょうずになるというものでもない。,"If you study abroad in Japan, that does not necessarily mean you will get good at speaking Japanese."
4298,167,というものではない,,というものではない,there is no guarantee that…; not necessarily~ Verb (casual form),N2,364,4,情報が多ければ判断が楽というものではない。,じょうほうがおおければはんだんがらくというものではない。,Having more information does not always necessarily make a decision easier.
4299,167,というものではない,,というものではない,there is no guarantee that…; not necessarily~ Verb (casual form),N2,364,5,外国語はただ⽂法を覚えれば話せるというものではない。,がいこくごはただぶんぽうをおぼえればはなせるというものではない。,"With foreign languages, just memorizing grammar does not necessarily mean you will be able to speak the language."
4300,167,というものではない,,というものではない,there is no guarantee that…; not necessarily~ Verb (casual form),N2,364,6,値段が⾼ければ良い品物だというものでもない。,ねだんがたかければよいしなものだというものでもない。,Just because the price is high doesn't mean that it is a good quality item.
4301,167,というものではない,,というものではない,there is no guarantee that…; not necessarily~ Verb (casual form),N2,364,7,健康のためにはただ⾷べればよいというものではなく、運動もしなければなら,ない。 けんこうのためにはただたべればよいというものではなく、うんどうもしなければな らない。,"Being healthy doesn't just mean eating the right foods, but one also needs exercise."
4302,167,というものではない,,というものではない,there is no guarantee that…; not necessarily~ Verb (casual form),N2,364,8,電⾞は早ければいいというものではない、お客さんの安全は第⼀だ。,でんしゃははやければいいというものではない、おきゃくさんのあんぜんはだいいち だ。,It is not necessarily the case that the faster the train the better. The customer's safety is the number one priority.
4303,168,と考えられる,とかんがえられる,と考えられる (とかんがえられる),one can think that; it is conceivable that; Phrase と考えられる,N2,366,1,これは今年最⾼の映画だと考えられている。,これはことしさいこうのえいがだとかんがえられている。,This is thought of to be this year's best movie.
4304,168,と考えられる,とかんがえられる,と考えられる (とかんがえられる),one can think that; it is conceivable that; Phrase と考えられる,N2,366,2,彼が死んだ原因は事故だと考えられる。,かれがしんだげんいんはじこだと考えられる。,An accident is considered to be the cause of his death.
4305,168,と考えられる,とかんがえられる,と考えられる (とかんがえられる),one can think that; it is conceivable that; Phrase と考えられる,N2,366,3,彼⼥は優秀な医者であると考えられている。,かのじょはゆうしゅうないしゃであるとかんがえられている。,She is considered to be an excellent doctor.
4306,168,と考えられる,とかんがえられる,と考えられる (とかんがえられる),one can think that; it is conceivable that; Phrase と考えられる,N2,366,4,このデータは今後の研究に役に⽴つと考えられる。,このデータはこんごのけんきゅうにやくにたつとかんがえられる。,I believe that this data will be helpful for future research.
4307,168,と考えられる,とかんがえられる,と考えられる (とかんがえられる),one can think that; it is conceivable that; Phrase と考えられる,N2,366,5,その事故はスピードの出しすぎのせいだと考えられる。,そのじこはスピードのだしすぎのせいだとかんがえられる。,The accident is believed to be due to fast driving.
4308,168,と考えられる,とかんがえられる,と考えられる (とかんがえられる),one can think that; it is conceivable that; Phrase と考えられる,N2,366,6,⽇本製品と考えられると、イメージはアップしている。,にほんせいひんとかんがえられると、イメージはアップしている。,A product's brand image improves when it is thought to be a Japanese product.
4309,168,と考えられる,とかんがえられる,と考えられる (とかんがえられる),one can think that; it is conceivable that; Phrase と考えられる,N2,366,7,⽇本⼈は礼儀正しいと考えられています。,にほんじんはれいぎただしいとかんがえられています。,Japanese people are considered to be polite.
4310,168,と考えられる,とかんがえられる,と考えられる (とかんがえられる),one can think that; it is conceivable that; Phrase と考えられる,N2,366,8,低脂肪⾷が⻑寿の秘訣だと考えられている。,ていしぼうしょくがちょうじゅのひけつだとかんがえられている。,Low-fat diets are considered the key to longevity.
4311,169,とか（で）,,とか（で）,I heard that~ Verb (casual form),N2,368,1,アメリカで育ったとかで。,あめりかでそだったとかで。,I heard they were raised in America.
4312,169,とか（で）,,とか（で）,I heard that~ Verb (casual form),N2,368,2,今度の試験はかなり難しいとかで。,こんどのしけんはかなりむずかしいとかで。,I heard the next test is going to be really hard.
4313,169,とか（で）,,とか（で）,I heard that~ Verb (casual form),N2,368,3,事故があったとかで、今、電⾞が⽌まっています。,じごがあったとかで、いま、でんしゃがとまっています。,I heard there was an accident and so the train is stopped now.
4314,169,とか（で）,,とか（で）,I heard that~ Verb (casual form),N2,368,4,安⽥さんは忙しいとかで今夜の飲み会に来れないそう。,やすださんはいそがしいとかでこんやののみかいにこれないそう。,I heard Mr. Yasuda is quite busy and I don't think she'll be able to make it to drinks tonight.
4315,169,とか（で）,,とか（で）,I heard that~ Verb (casual form),N2,368,5,今夜の花⽕⼤会は、⾬で中⽌だとか。,こんやのはなびたいかいは、あめでちゅうしだとか。,I heard that tonight's fireworks were cancelled due to rain.
4316,169,とか（で）,,とか（で）,I heard that~ Verb (casual form),N2,368,6,さっき聞いたんだけど、⽥中さんは来年、会社を辞めるとか。本当に辞めるん,だろう。 さっききいたんだけど、たなかさんはらいんえん、かいしゃをやめるとか。ほんとう にやめるんだろう。,I just heard that Mr. Tanaka will be quitting next year. I wonder if he really is quitting..
4317,169,とか（で）,,とか（で）,I heard that~ Verb (casual form),N2,368,7,⼭⽥さんは熱があるとかで、今⽇は休むそうです。,やまださんはねつがあるとかで、きょうはやすむそうです。,"I heard that Mr. Yamada has a fever, so it looks like he'll be taking off work today."
4318,170,とっくに,,とっくに,long ago; already; a long time ago とっくに Verb,N2,370,1,彼はとっくに帰りました。,かれはとっくにかえりました。,He came home a long while ago.
4319,170,とっくに,,とっくに,long ago; already; a long time ago とっくに Verb,N2,370,2,もうとっくに学校へ出かけている時間じゃないの。,もうとっくにがっこうへでかけているじかんじゃないの。,"It's high time you left for school, isn't it?"
4320,170,とっくに,,とっくに,long ago; already; a long time ago とっくに Verb,N2,370,3,寝る時間はとっくに過ぎているよ。,ねるじかんはとっくにすぎているよ。,It's way past your bedtime.
4321,170,とっくに,,とっくに,long ago; already; a long time ago とっくに Verb,N2,370,4,そのお菓⼦はとっくに賞味期限を過ぎていた。,そのおかしはとっくにしょうみきげんをすぎていた。,Those sweets are long past their expiration date.
4322,170,とっくに,,とっくに,long ago; already; a long time ago とっくに Verb,N2,370,5,⼦供が出来たから、彼はタバコをとっくに辞めた。,⼦供が出来たから、彼はタバコをとっくに辞めた。,He quit smoking back when he had kids.
4323,170,とっくに,,とっくに,long ago; already; a long time ago とっくに Verb,N2,370,6,そうしていなかったら、僕はとっくに死んでいたよ。,そうしていなかったら、ぼくはとっくにしんでいたよ。,"If I had not done this, I would already be dead."
4324,170,とっくに,,とっくに,long ago; already; a long time ago とっくに Verb,N2,370,7,途中で⾃転⾞がパンクして学校まで⾛って⾏ったがベルはとっくに鳴ってい,た。 とちゅうでじてんしゃがパンクしてがっこうまではしっていったがベルはとっくにな っていた。,"My bicycle tire punctured on the way to school and even though I ran, the bell had already rang."
4325,170,とっくに,,とっくに,long ago; already; a long time ago とっくに Verb,N2,370,8,君は真⾯⽬に練習していたら、とっくにプロになってただろう。,きみはまじめにれんしゅうしていたら、とっくにプロになってただろう。,"If you had been serious about practicing, you could have been become a professional a long time ago."
4326,171,ところだった,,ところだった,was just about to do something; something Verb (dictionary form) ところだった,N2,372,1,危ないところだった。,あぶないところだった。,That was a close call.
4327,171,ところだった,,ところだった,was just about to do something; something Verb (dictionary form) ところだった,N2,372,2,ちょうど寝るところだった。,ちょうどねるところだった。,I was just about to head to bed.
4328,171,ところだった,,ところだった,was just about to do something; something Verb (dictionary form) ところだった,N2,372,3,"ああ, もう少しで忘れるところだった。",ああ、もうすこしでわすれるところだった。,"Oh, I almost forgot!"
4329,171,ところだった,,ところだった,was just about to do something; something Verb (dictionary form) ところだった,N2,372,4,太陽がまさに沈むところだった。,たいようがまさにしずむところだった。,The sun was just about to set.
4330,171,ところだった,,ところだった,was just about to do something; something Verb (dictionary form) ところだった,N2,372,5,僕はもう少しで出かけるところだった、ちょうどよいところだった。,ぼくはもうすこしででかけるところだった、ちょうどよいところだった。,"I was just about to head out, you came at just the right time."
4331,171,ところだった,,ところだった,was just about to do something; something Verb (dictionary form) ところだった,N2,372,6,もう少しで電⾞に乗り遅れるところだった。,もうすこしででんしゃにのりおくれるところだった。,I almost missed the train.
4332,171,ところだった,,ところだった,was just about to do something; something Verb (dictionary form) ところだった,N2,372,7,彼⼥はもう少しで仕事を辞めるところだった。,かのじょはもうすこしでしごとをやめるところだった。,She came very close to quitting her job.
4333,172,ところに,,ところに,at the time; just as I was~ Verb (た / ている / ていた),N2,374,1,私はちょうど家を出ようと思っているところに、⼩⾬が降り始めた。,わたしはちょうどいえをでようとおもっているところに、こさめがふりはじめた。,I was just about to leave home when a light rain started to fall.
4334,172,ところに,,ところに,at the time; just as I was~ Verb (た / ている / ていた),N2,374,2,駅に着いたところに財布を忘れたことに気づいた。,えきについたところにさいふをわすれたことにきづいた。,When I arrived at the station I realized I forgot my wallet.
4335,172,ところに,,ところに,at the time; just as I was~ Verb (た / ている / ていた),N2,374,3,家を出ているところに、電話がかかってきた。,いえをでているところに、でんわがかかってきた。,My phone rang just as I was leaving my house.
4336,172,ところに,,ところに,at the time; just as I was~ Verb (た / ている / ていた),N2,374,4,授業中に居眠りしているところを先⽣に⾒つかってしまった。,じゅぎょうちゅうにいねむりしているところをせんせいにみつかってしまった。,My teacher caught me sleeping in the middle of class.
4337,172,ところに,,ところに,at the time; just as I was~ Verb (た / ている / ていた),N2,374,5,道に迷って困っていたところへ、警察が通りかかった。,みちにまよってこまっていたところへ、けいさつがとおりかかった。,A policeman passed by just when I was getting lost.
4338,172,ところに,,ところに,at the time; just as I was~ Verb (た / ている / ていた),N2,374,6,電話しようと思っていたところに、ちょうどその相⼿から電話がかかってき,た。 でんわしようとおもっていたところに、ちょうどそのあいてからでんわがかかってき た。,"Just when I was about to call him, he called me."
4339,172,ところに,,ところに,at the time; just as I was~ Verb (た / ている / ていた),N2,374,7,⽗は⾷事中のところに、仕事の電話がきて、すぐに出かけた。,ちちはしょくじちゅうのところに、しごとのでんわがきて、すぐにでかけた。,"When my father was in the middle of his meal, he got a call from work and left right away."
4340,173,ところをみると,,ところをみると,judging from; seeing that~ Verb (casual) ところを⾒ると,N2,376,1,彼⼥はラーメンを⾷べているところを⾒ると、ダイエットはやめたんだね。,かのじょはラーメンをたべているところをみると、ダイエットはやめたんだね。,"Judjing from the fact that she's eating ramen, she must have quit her diet."
4341,173,ところをみると,,ところをみると,judging from; seeing that~ Verb (casual) ところを⾒ると,N2,376,2,顔が⾚くなっているところを⾒ると、私が⾔ったことは本当だ。,かおがあかくなっているところをみると、わたしがいったことはほんとうだ。,Seeing their face turn red means that what I said must have been true.
4342,173,ところをみると,,ところをみると,judging from; seeing that~ Verb (casual) ところを⾒ると,N2,376,3,嬉しい顔をしているところを⾒ると、彼⼥はN2を合格しただろう。,うれしいかおをしているところをみると、かのじょはN2をごうかくしただろう。,"Judging from her happy face, she likely passed the N2."
4343,173,ところをみると,,ところをみると,judging from; seeing that~ Verb (casual) ところを⾒ると,N2,376,4,怖がることなく近づいていくところを⾒ると、彼⼥は⽝好きかもしれない。,こわがることなくちかづいていくところをみると、かのじょはいぬすきかもしれな い。,"Seeing her approach without fear, she might like dogs."
4344,173,ところをみると,,ところをみると,judging from; seeing that~ Verb (casual) ところを⾒ると,N2,376,5,⼤勢の客が⾏列しているところを⾒ると、ケーキ屋はとても美味しいようだ。,おおぜいのきゃくがぎょうれつしているところをみると、ケーキやはとてもおおいし いようだ。,"Judging from the large crowd, the cake shop seems to be very delicious."
4345,173,ところをみると,,ところをみると,judging from; seeing that~ Verb (casual) ところを⾒ると,N2,376,6,その会社、いつも社員を募集しているところを⾒ると、⼈がすぐに辞めてしま,うのかなあ。 そのかいしゃ、いつもしゃいんをぼしゅうしているところをみると、ひとがすぐにや めてしまうのかなあ。,"Seeing as how that company is always hiring, I wonder if everyone quits right away."
4346,173,ところをみると,,ところをみると,judging from; seeing that~ Verb (casual) ところを⾒ると,N2,376,7,⼤量に売れ残っているところを⾒ると、⼈気がないらしい。,たいりょうにうれのこっているところをみると、にんきがないらしい。,"Judging from the large number of unsold items, this does not seem to be very popular."
4347,173,ところをみると,,ところをみると,judging from; seeing that~ Verb (casual) ところを⾒ると,N2,376,8,叱られて何も⾔わないところを⾒ると、やっぱり反省しているんだろう。,しかられてなにもいわないところをみると、やっぱりはんせいしているんだろう。,"Seeing how they are not saying anything back as they are scolded, they are likely reflecting on their actions."
4348,174,とも,,とも,"even if; no matter (who, what, when, where, Verb ないく",N2,378,1,え、そうですとも。,え、そうですとも。,"Yes, that is most certainly so."
4349,174,とも,,とも,"even if; no matter (who, what, when, where, Verb ないく",N2,378,2,⾟くとも、頑張る︕,つらくとも、がんばる︕,"Even if things get rough, I'll do my best!"
4350,174,とも,,とも,"even if; no matter (who, what, when, where, Verb ないく",N2,378,3,⾔わなくとも分かるはず。,いわなくともわかるはず。,"Even if it wasn't said, you should understand."
4351,174,とも,,とも,"even if; no matter (who, what, when, where, Verb ないく",N2,378,4,"at the (least, earliest, etc.) .",see lesson for 少なくとも (sukunaku tomo).,It can also be used as a suffix to express both or all. Example Sentences
4352,174,とも,,とも,"even if; no matter (who, what, when, where, Verb ないく",N2,378,5,彼がいなくともけっこう間に合う。,かれがいなくともけっこうまにあう。,We can do very well without him.
4353,174,とも,,とも,"even if; no matter (who, what, when, where, Verb ないく",N2,378,6,⽵⽥は君の助けがなくとも⾃分の⾯倒ぐらいみれるよ。,たけだはきみのたすけがなくともじぶんのめんどうぐらいみれるよ。,Takeda can look after himself without your assistance.
4354,174,とも,,とも,"even if; no matter (who, what, when, where, Verb ないく",N2,378,7,少なくとも僕はそう思います。,すくなくともぼくはそうおもいます。,"At the very least, that's what I think.."
4355,175,としても,,としても,assuming; even if~ Verb (casual form),N2,380,1,今回の試験で不合格になったとしても、諦めずに次回も受験するつもりです。,こんかいのしけんでふごうかくになったとしても、あきらめずにじかいもじゅけんす るつもりです。,"Even if I were to fail the exam this time, I plan to not give up and take the exam again."
4356,175,としても,,としても,assuming; even if~ Verb (casual form),N2,380,2,たとえ買えるとしても，そんな家は買わないだろう。,たとえかえるとしても、そんないえはかわないだろう。,I wouldn't buy such a house even if I could.
4357,175,としても,,としても,assuming; even if~ Verb (casual form),N2,380,3,学校を卒業後、国に帰ったとしても、⽇本語の勉強は続けるつもりです。,がっこうをそつぎょうご、くににかえったとしても、にほんごのべんきょうはつづけ るつもりです。,"After I graduate school, even if I head to my home country, I plan to continue studying Japanese."
4358,175,としても,,としても,assuming; even if~ Verb (casual form),N2,380,4,私はお⾦持ちになったとしても、今と変わらない⽣活をするでしょう。,わたしはおかねもちになったとしても、いまとかわらないせいかつをするでしょう。,"Even if I were to become rich, I doubt my life would change much from what it is like now."
4359,175,としても,,としても,assuming; even if~ Verb (casual form),N2,380,5,彼を説得しようとしても無駄だ。,かれをせっとくしようとしてもむだだ。,It's pointless to try to persuade him.
4360,175,としても,,としても,assuming; even if~ Verb (casual form),N2,380,6,ジョギングに⾏くと決めていた⽇に、たとえ⾬が降ったとしても、決⾏するの,だ。 ジョギングにいくときめていたひに、たとえあめがふったとしても、けっこうするの だ。,"On the day you decided to go jogging, even if it's raining, make sure you do it."
4361,175,としても,,としても,assuming; even if~ Verb (casual form),N2,380,7,たとえ失敗したとしても、またチャレンジすればいい。,たとえしっぱいしたとしても、またチャレンジすればいい。,"Even if you fail, just continue to challenge yourself."
4362,176,つつ,,つつ,while; even though; despite~ Verb ます (stem form) つつ (も),N2,382,1,彼は時々⾞を運転しつつ、電話をする。,かれはときどきくるまをうんてんしつつ、でんわをする。,He sometimes talks on the phone while driving.
4363,176,つつ,,つつ,while; even though; despite~ Verb ます (stem form) つつ (も),N2,382,2,彼は忙しいと⾔いつつ、⻑電話をしている。,かれはいそがしいといいつつ、ながでんわをしている。,"Although he says he is busy, he has been talking on the phone for a long time."
4364,176,つつ,,つつ,while; even though; despite~ Verb ます (stem form) つつ (も),N2,382,3,健康に良くないとは知りつつ、タバコがやめられない。,けんこうによくないとはしりつつ、タバコがやめられない。,"Even while knowing tobacco is bad for one's health, they still cannot quit."
4365,176,つつ,,つつ,while; even though; despite~ Verb ます (stem form) つつ (も),N2,382,4,ダイエットしようと思いつつ、⽢いものを⾒ると⾷べてしまう。,ダイエットしようとおもいつつ、あまいものをみるとついたべてしまう。,"Even though I'm thinking to go on a diet, every time I see something sweet I end up eating it.."
4366,176,つつ,,つつ,while; even though; despite~ Verb ます (stem form) つつ (も),N2,382,5,先⽣と相談しつつ、進路を決めたいと思う。,せんせいとそうだんしつつ、しんろをきめたいとおもう。,"While consulting with my teacher, I want to decide my future path."
4367,176,つつ,,つつ,while; even though; despite~ Verb ます (stem form) つつ (も),N2,382,6,いけないと知りつつも、ゴミを分別せずに捨ててしまう。,いけないとしりつつも、ゴミをぶんべつせずにすててしまう。,"Even though I know it is wrong, I throw away my garbage without separating it."
4368,176,つつ,,つつ,while; even though; despite~ Verb ます (stem form) つつ (も),N2,382,7,今⽇こそ頑張ろうと思いつつ、また運動しなかった。,きょうこそがんばろうとおもいつつ、またうんどうしなかった。,"Although I told myself from today I was gonna do my best, I ended up not exercising again.."
4369,177,つつある,,つつある,to be doing; to be in the process of doing~ Verb ます (stem form) つつある,N2,384,1,スマホの登場で、デジタルカメラの⼈気がなくなりつつある。,スマホのとうじょうで、デジタルカメラのにんきがなくなりつつある。,"Since the release of the smartphone, digital camera's have been losing popularity."
4370,177,つつある,,つつある,to be doing; to be in the process of doing~ Verb ます (stem form) つつある,N2,384,2,最近はゴルフをしていないので、下⼿になりつつあります。,さいきんはゴルフをしていないので、へたになりつつあります。,"Lately I haven't been playing golf, so I am losing my touch."
4371,177,つつある,,つつある,to be doing; to be in the process of doing~ Verb ます (stem form) つつある,N2,384,3,⽇本は⾼齢化が進みつつある。,にほんはこうれいかがすすみつつある。,Japan's population continues to age.
4372,177,つつある,,つつある,to be doing; to be in the process of doing~ Verb ます (stem form) つつある,N2,384,4,事故から⼀週間が経ち、原因などが明らかになりつつある。,じこからいっしゅうかんがたち、げんいんなどがあきらかになりつつある。,It's been one week since the accident and the cause of the accident is becoming clear.
4373,177,つつある,,つつある,to be doing; to be in the process of doing~ Verb ます (stem form) つつある,N2,384,5,最近、買い物をしすぎてお⾦がなくなりつつあります。,さいきん、かいものをしすぎておかねがなくなりつつあります。,Lately I've been shopping too much and am losing money.
4374,177,つつある,,つつある,to be doing; to be in the process of doing~ Verb ます (stem form) つつある,N2,384,6,コスプレ⽂化が世界に広まりつつあるようだ。,コスプレぶんかがせかいにひろまりつつあるようだ。,Cosplay culture is spreading around the world.
4375,177,つつある,,つつある,to be doing; to be in the process of doing~ Verb ます (stem form) つつある,N2,384,7,中級になって、「は」と「が」の違いがわかりつつある。,ちゅうきゅうになって、「は」と「が」のちがいがわかりつつある。,"I have reached intermediate level and am now learning the differences between the ""wa"" and ""ga"" particles."
4376,178,上は,うえは,上は (うえは),now that; since; as long as~ Verb (dictionary form),N2,386,1,約束した上は、どんなことがあっても守ります。,やくそくしたうえは、どんなことがあってもまもります。,"Since I’ve made a promise, I will keep it no matter what happens."
4377,178,上は,うえは,上は (うえは),now that; since; as long as~ Verb (dictionary form),N2,386,2,プロ選⼿になると決めた上は、苦しくても頑張らなければならない。,プロせんしゅになるときめたうえは、くるしくてもがんばらなければならない。,"Since you've decided to become a professional athlete, even if things get tough you have to always do your best."
4378,178,上は,うえは,上は (うえは),now that; since; as long as~ Verb (dictionary form),N2,386,3,N2を受験する上は、⾼得点で合格したいです。,,"N2をじゅけんするうえは、こうとくてんでごうかくしたいです。 Since I will be taking the N2, I want to pass with a high score."
4379,178,上は,うえは,上は (うえは),now that; since; as long as~ Verb (dictionary form),N2,386,4,家族を離れて⽇本で働く上は、⼗分な覚悟が必要である。,かぞくをはなれてにほんではたらくうえは、じゅうぶんなかくごがひつようである。,"Since you will be moving away from your family to work in Japan, you will need to properly prepare yourself."
4380,178,上は,うえは,上は (うえは),now that; since; as long as~ Verb (dictionary form),N2,386,5,彼は仕事を引き受けた上はいつも全⼒を尽くします。,かれはしごとをひきうけたうえはいつもぜんりょくをつくします。,He always does his best after taking a job.
4381,178,上は,うえは,上は (うえは),now that; since; as long as~ Verb (dictionary form),N2,386,6,このプロジェクトは失敗した。こうなった上は⾔い訳をしても無駄だ。,このプロジェクトはしっぱいした。こうなったうえはいいわけをしてもむだだ。,"This project failed. Since it's come to this, there is no point in making excuses."
4382,178,上は,うえは,上は (うえは),now that; since; as long as~ Verb (dictionary form),N2,386,7,留学を決⼼した上は、仕事を頑張って留学の代⾦を貯⾦すべきだ。,りゅうがくをけっしんしたうえは、しごとをがんばってりゅうがくのだいきんをちょ きんすべきだ。,"Since I've decided to study abroad, I need to work hard and save up money for the trip."
4383,178,上は,うえは,上は (うえは),now that; since; as long as~ Verb (dictionary form),N2,386,8,⾼いお⾦を払って旅⾏する上は、たくさんの場所を観光して、その⼟地のおい,しい物を⾷べたいです。 たかいおかねをはらってりょこうするうえは、たくさんのばしょをかんこうして、そ のとちのおいしいものをたべたいです。,"Since I spend a lot of money for travelling, I want to sightsee at many places and eat delicious local foods."
4384,179,はもとより,,はもとより,also; let alone; from the beginning Noun + は もとより ~も,N2,388,1,私は⾞はもとより⾃転⾞もないんです。,わたしはくるまはもとよりじてんしゃもないんです。,"I don't have a bicycle, let alone a car."
4385,179,はもとより,,はもとより,also; let alone; from the beginning Noun + は もとより ~も,N2,388,2,私が⽣まれた村は、電⾞はもとより、バスも全然ない。,わたしがうまれたむらは、でんしゃはもとより、バスもぜんぜんない。,"There are no trains, let alone buses in the village I was born in."
4386,179,はもとより,,はもとより,also; let alone; from the beginning Noun + は もとより ~も,N2,388,3,キャベツはサラダで⾷べるのはもとより、炒めても美味しい。,キャベツはサラダでたべるのはもとより、いためてもおいしい。,"Cabbage is of course good in salad, but it is also good in stir-fry."
4387,179,はもとより,,はもとより,also; let alone; from the beginning Noun + は もとより ~も,N2,388,4,⾒た⽬はもとより味も最⾼ですよ︕,みためはもとよりあじもさいこうですよ。,"Not only does it look good, but the taste is also great!"
4388,179,はもとより,,はもとより,also; let alone; from the beginning Noun + は もとより ~も,N2,388,5,イギリスでは⼟曜⽇はもとより⾦曜の午後まで休みにしている会社もある。,イギリスではどようびはもとよりきにょうのごごまでやすみにしているかいしゃもあ る。,"There are companies in England that not only take Saturday's off, but Friday afternoons off as well."
4389,179,はもとより,,はもとより,also; let alone; from the beginning Noun + は もとより ~も,N2,388,6,僕はもとより知っていた。,ぼくはもとよりしっていた。,I knew from the very beginning.
4390,179,はもとより,,はもとより,also; let alone; from the beginning Noun + は もとより ~も,N2,388,7,僕はもとより賛成だ。,ぼくはもとよりさんせいだ。,I am of course in favor of this.
4391,180,はともかく,,はともかく,anyhow; anyway; regardless; in any case; Noun はともかく（として）,N2,390,1,⾏くか⾏かないかはともかく、レストランの予約だけはしておこう。,いくかいかないかはともかく、レストランのよやくだけはしておこう。,"Whether or not we are going, let's at least make the restaurant reservation."
4392,180,はともかく,,はともかく,anyhow; anyway; regardless; in any case; Noun はともかく（として）,N2,390,2,この店の品物は、質はともかく種類は多い。,このみせのしなものは、しつはともかくしゅるいはおおい。,"Regardless of the quality of the goods at this store, they have a lot of variety."
4393,180,はともかく,,はともかく,anyhow; anyway; regardless; in any case; Noun はともかく（として）,N2,390,3,奥さんの料理は⾒た⽬はともかく味は美味しい。,おくさんのりょうりはみためはともかくあじはおいしい。,"Regardless of weather it looks good or not, my wife's cooking tastes pretty good."
4394,180,はともかく,,はともかく,anyhow; anyway; regardless; in any case; Noun はともかく（として）,N2,390,4,漢字を読むことはともかく、書くことは苦⼿だ。,かんじをよむことはともかく、かくことはにがてだ。,"I can't even write kanji, let alone read it."
4395,180,はともかく,,はともかく,anyhow; anyway; regardless; in any case; Noun はともかく（として）,N2,390,5,あの俳優は、顔はともかくとして演技が素晴らしい。,あのはいゆうは、かおはともかくとしてえんぎがすばらしい。,"Whether or not he/she has a nice face, they are a great actor."
4396,180,はともかく,,はともかく,anyhow; anyway; regardless; in any case; Noun はともかく（として）,N2,390,6,ともかく無事でよかった。,ともかくぶじでよかった。,"In any case, I'm glad you're OK."
4397,180,はともかく,,はともかく,anyhow; anyway; regardless; in any case; Noun はともかく（として）,N2,390,7,値段はともかく、今晩泊まれるホテルが⾒つかってよかった。,ねだんはともかく、こんばんとまれるホテルがみつかってよかった。,"Regardless of the price, I'm just glad I found a hotel to stay at tonight."
4398,180,はともかく,,はともかく,anyhow; anyway; regardless; in any case; Noun はともかく（として）,N2,390,8,結婚相⼿は、顔はともかく、料理ができる⼈がいいなぁ。,けっこんあいては、かおはともかく、りょうりができるひとがいいなぁ。,"For a marriage partner, their face isn't so important to me, but I'd really like to have someone who can cook."
4399,181,わずかに,,わずかに,slightly; only; barely; narrowly~ わずかに Phrase,N2,392,1,電⾞がわずかに遅れている。,でんしゃがわずかにおくれている。,The train is running slightly late.
4400,181,わずかに,,わずかに,slightly; only; barely; narrowly~ わずかに Phrase,N2,392,2,道はここでわずかに右に曲がっている。,みちはここでわずかにみぎにまがっている。,The road bends slightly to the right here.
4401,181,わずかに,,わずかに,slightly; only; barely; narrowly~ わずかに Phrase,N2,392,3,財布の中に残っていたお⾦はわずかに500円だった。,さいふのなかにのこっていたおかねはわずかに500えんだった。,The money remaining in the wallet was only 500 yen.
4402,181,わずかに,,わずかに,slightly; only; barely; narrowly~ わずかに Phrase,N2,392,4,私は学校へわずかに⼆ヶ⽉しか⾏っていません。,わたしはがっこうへわずかに⼆ヶ⽉しか⾏っていません。,I only went to school for barely 2 months.
4403,181,わずかに,,わずかに,slightly; only; barely; narrowly~ わずかに Phrase,N2,392,5,わずかに4⽇間でそんなにたくさんの仕事をしたとは驚きだ。,わずかによっかかんでそんなにたくさんのしごとをしたとはおどろきだ。,I'm surprised you did all that work in just four days.
4404,181,わずかに,,わずかに,slightly; only; barely; narrowly~ わずかに Phrase,N2,392,6,バスの中にはわずかに５⼈しか居なかった。,バスのなかにはわずかに５にんしかいなかった。,There were no more than five passengers on the bus.
4405,181,わずかに,,わずかに,slightly; only; barely; narrowly~ わずかに Phrase,N2,392,7,そのコンサートの出席者はわずかに６⼈だった。,そのコンサートのしゅっせきしゃはわずかに６にんだった。,The number of people who attended the concert was no more than 6.
4406,181,わずかに,,わずかに,slightly; only; barely; narrowly~ わずかに Phrase,N2,392,8,私の会社の社員の数は３年前と⽐べると、わずかに減った 。,わたしのかいしゃのしゃいんのかずは３ねんまえとくらべると、わずかにへった 。,The number of employees in my company has decreased slightly compared to that of three years ago.
4407,182,やがて,,やがて,before long; soon; almost; eventually~ やがて phrase,N2,394,1,やがて真っ暗になった。,やがてまっくらになった。,It soon became completely dark.
4408,182,やがて,,やがて,before long; soon; almost; eventually~ やがて phrase,N2,394,2,やがて考えがまとまってきた。,やがてかんがえがまとまってきた。,My ideas finally began to take shape.
4409,182,やがて,,やがて,before long; soon; almost; eventually~ やがて phrase,N2,394,3,空は曇ってきた。やがて⾬になるかもしれない。,そらはくもってきた。やがてあめになるかもしれない。,The sky is starting to get cloudy. It might start raining soon.
4410,182,やがて,,やがて,before long; soon; almost; eventually~ やがて phrase,N2,394,4,やがてうちの近くの公園は桜が咲きます。,やがてうちのちかくのこうえんはさくらがさきます。,"Before long, the cherry blossoms will be blooming in the park near our house."
4411,182,やがて,,やがて,before long; soon; almost; eventually~ やがて phrase,N2,394,5,彼が親と喧嘩して家を出てからやがて三年になる。,かれがおやとけんかしていえをでてからやがてさんねんになる。,It will soon be 3 years since he left home after fighting with his parents.
4412,182,やがて,,やがて,before long; soon; almost; eventually~ やがて phrase,N2,394,6,やがて、彼らは厳しい現実を受け⼊れるようになった。,やがて、かれらはきびしいげんじつをうけいれるようになった。,In time they came to accept the harsh reality.
4413,182,やがて,,やがて,before long; soon; almost; eventually~ やがて phrase,N2,394,7,彼は来る途中ですから、やがて到着するでしょう。,かれはくるとちゅうですから、やがてとうちゃくするでしょう。,He is on his way and will arrive soon.
4414,182,やがて,,やがて,before long; soon; almost; eventually~ やがて phrase,N2,394,8,⽗の病気はとてもよくなったから、やがて退院できるだろう。,ちちのびょうきはとてもよくなったから、やがてたいいんできるだろう。,"My father's illness has become much better, so it likely won't be long before he can leave the hospital."
4415,183,やら〜やら,,やら〜やら,such things as A and B; A and B and so on~ Verb (dictionary),N2,396,1,⼤学⽣は宿題やらアルバイトやらで忙しい。,だいがくせいはしゅくだいやらアルバイトやらでいそがしい。,University students are quite busy with things like homework and part time jobs.
4416,183,やら〜やら,,やら〜やら,such things as A and B; A and B and so on~ Verb (dictionary),N2,396,2,さっきコンビニでおにぎりやらお茶やらを買った。,さっきコンビニでおにぎりやらおちゃやらをかった。,A short while ago I bought some rice balls and tea from the convenience store.
4417,183,やら〜やら,,やら〜やら,such things as A and B; A and B and so on~ Verb (dictionary),N2,396,3,疲れやら空腹やらで、彼は死んだように倒れた。,つかれやらくうふくやらで、かれはしんだようにたおれた。,"With fatigue and hunger, he fell down as if he were dead."
4418,183,やら〜やら,,やら〜やら,such things as A and B; A and B and so on~ Verb (dictionary),N2,396,4,サイクリングをする時は嬉しいやら楽しいやら、とてもいい気分だ。,サイクリングをするときはうれしいやらたのしいやら、とてもいいきぶんだ。,When I go cycling I feel very happy and have a lot of fun. It really is a great feeling!
4419,183,やら〜やら,,やら〜やら,such things as A and B; A and B and so on~ Verb (dictionary),N2,396,5,カバンにはパソコンやらノートやら教科書やらが⼊っている。,カバンにはパソコンやらノートやらきょうかしょやらがはいっている。,"In my backpack, I have things like my laptop, my notebook, textbook, etc.."
4420,183,やら〜やら,,やら〜やら,such things as A and B; A and B and so on~ Verb (dictionary),N2,396,6,両親からの仕送りは、家賃やら⾷費やらでほとんどなくなってしまった。,りょうしんからのしおくりは、やちんやらしょくひやらでほとんどなくなってしまっ た。,All of the money I got from my parents disappeared from things like my rent and food expenses.
4421,183,やら〜やら,,やら〜やら,such things as A and B; A and B and so on~ Verb (dictionary),N2,396,7,たくさんの蚊に⾷われて、かゆいやら痛いやらで⼤変だった。,たくさんのかにくわれて、かゆいやらいたいやらでたいへんだった。,"I was bit by a bunch of mosquitoes, and was really itchy and in pain. It was horrible.."
4422,184,よほど よっぽど,,よほど よっぽど,very; greatly; much; to a large extent,N2,398,1,よほど前にあった事です。,よほどまえにあったことです。,It happened a long time ago.
4423,184,よほど よっぽど,,よほど よっぽど,very; greatly; much; to a large extent,N2,398,2,そこはここからよほど離れている。,そこはここからよほどはなれている。,That place is quite far from here.
4424,184,よほど よっぽど,,よほど よっぽど,very; greatly; much; to a large extent,N2,398,3,彼はこれまでよりよほどよく働いております。,かれはこれまでよりよほどよくはたらいております。,He is working much harder than before.
4425,184,よほど よっぽど,,よほど よっぽど,very; greatly; much; to a large extent,N2,398,4,彼はよほどのことがなければ気持ちを変えないだろう。,かれはよほどのことがなければきもちをかえないだろう。,It'll take a lot to make him change his mind.
4426,184,よほど よっぽど,,よほど よっぽど,very; greatly; much; to a large extent,N2,398,5,よほど本当のことを⾔ってやろうかと思った。,よほどほんとうのことをいってやろうかとおもった。,I had a good mind to tell him the truth.
4427,184,よほど よっぽど,,よほど よっぽど,very; greatly; much; to a large extent,N2,398,6,仕事があまりにもきついから、よっぽど会社を辞めようかと思っている。,しごとがあまりにもきついから、よっぽどかいしゃをやめようかとおもっている。,My work is really tough and I'm strongly thinking about quitting.
4428,184,よほど よっぽど,,よほど よっぽど,very; greatly; much; to a large extent,N2,398,7,正社員よりアルバイトの⽅がよっぽどしっかりしている。,せいしゃいんよりアルバイトのほうがよっぽどしっかりしている。,The part-time workers are much more hard working than the full-timers.
4429,184,よほど よっぽど,,よほど よっぽど,very; greatly; much; to a large extent,N2,398,8,あんまり店員の態度が悪いから、よっぽど⾷べずに帰ろうと思ったが、せっか,く注⽂したから⾷べることにした。 あんまりてんいんのたいどがわるいから、よっぽどたべずにかえろうとおもったが、 せっかくちゅうもんしたからたべることにした。,"I really thought about leaving without eating because the staff's attitude was so bad, but I had already ordered so I decided to stay and eat."
4430,185,より,,より,"from~ (a time, place, or person) time, place or person より",N2,400,1,今⽇より、毎⽇⽇本語を勉強します。,きょうより、まいにちにほんごをべんきょうします。,"From today, I will study Japanese everyday."
4431,185,より,,より,"from~ (a time, place, or person) time, place or person より",N2,400,2,昨⽇、⼭⽥さんよりお電話を頂きました。,きのう、やまださんよりおでんわをいただきました。,I received a call from Mr. Yamada yesterday.
4432,185,より,,より,"from~ (a time, place, or person) time, place or person より",N2,400,3,⼼より感謝します。,こころよりかんしゃします。,I truly appreciate it (from my heart)
4433,185,より,,より,"from~ (a time, place, or person) time, place or person より",N2,400,4,授業は9⽉1⽇より開始です。,じゅぎょうは９がつついたちよりかいしです。,Classes start from the 1st of September.
4434,185,より,,より,"from~ (a time, place, or person) time, place or person より",N2,400,5,来週の⽔曜⽇より、⼤阪に出張します。,らいしゅうのすいようびより、おおさかにしゅっちょうします。,From next Wednesday I will be going on a business trip to Osaka.
4435,185,より,,より,"from~ (a time, place, or person) time, place or person より",N2,400,6,四⽉⼀⽇より試験を⾏います。,しがつついたちよりしけんをおこないます。,The exam will be held from April 1st.
4436,185,より,,より,"from~ (a time, place, or person) time, place or person より",N2,400,7,去年より⽇本語が上⼿になりましたね。,きょねんよりにほんごがじょうずになりましたね。,Your Japanese has improved a lot from last year.
4437,186,よりほかない,,よりほかない,to have no choice but~,N2,402,1,この仕事は君に信頼するよりほかはない。,このしごとはきみにしんらいするよりほかはない。,I have no choice but to trust you with this job.
4438,186,よりほかない,,よりほかない,to have no choice but~,N2,402,2,バスがないので、歩いていくよりほか仕⽅がない。,バスがないので、あるいていくよりほかしかたがない。,"Since there are no buses, i have no choice but to go on foot."
4439,186,よりほかない,,よりほかない,to have no choice but~,N2,402,3,頼れる⼈はいないから、⾃分がやるよりほか仕⽅がない。,たよれるひとはいないから、じぶんがやるよりほかしかたがない。,"I have no one to depend on, so the only option is to do it myself."
4440,186,よりほかない,,よりほかない,to have no choice but~,N2,402,4,僕は学⼒が⾜りないから勉強で補うよりほかはない。,ぼくはがくりょくがたりないからべんきょうでおぎなうよりほかはない。,"I don't have great academic ability, so I need to make up for it by studying."
4441,186,よりほかない,,よりほかない,to have no choice but~,N2,402,5,⾃転⾞が壊れてしまった。学校へバスで⾏くよりほか仕⽅がない。,じてんしゃがこわれてしまった。がっこうへバスでいくよりほかしかたがない。,My bicycle broke. Now I have no choice but to go to school by bus.
4442,186,よりほかない,,よりほかない,to have no choice but~,N2,402,6,台⾵が来るので、残念だが明⽇の⼤会は延期するよりほかない。,たいふうがくるので、ざんねんだがあしたのたいかいはえんきするよりほかない。,"A typhoon is coming, so although it is unfortunate the only option is to delay the event."
4443,186,よりほかない,,よりほかない,to have no choice but~,N2,402,7,こんな経営状況が続くようであれば、店を閉めるよりほかないですよ。,こんなけいえいじょうきょうがつづくようであれば、みせをしめるよりほかないです よ。,"If business conditions keep continuing like this, there will be no choice but to close up shop."
4444,186,よりほかない,,よりほかない,to have no choice but~,N2,402,8,薬は嫌いだが、飲まないと病気を治せないから、飲むよりほか仕⽅がない。,くすりはきらいだが、のまないとびょうきをなおせないから、のむよりしかたがな い。,"I hate medicine, but if I don't take it, I can't cure my disease, so I have no choice but to take it."
4445,187,ようでは,,ようでは,if~ (bad result) Verb (casual form) ようでは bad result,N2,404,1,この問題が分からないようではN２には合格できないよ。,このもんだいがわからないようではN２にはごうかくできないよ。,"If you don't understand this problem, then you won't be able to pass the N2."
4446,187,ようでは,,ようでは,if~ (bad result) Verb (casual form) ようでは bad result,N2,404,2,試験の前の⽇に勉強を始めるようでは、合格はできない。,しけんのまえのひにべんきょうをはじめるようでは、ごうかくはできない。,"If you start studying the day before the exam, you will not be able to pass."
4447,187,ようでは,,ようでは,if~ (bad result) Verb (casual form) ようでは bad result,N2,404,3,この問題が解決できないようでは困るよ。,このもんだいがかいけつできないようではこまるよ。,"If we can't resolve this problem, there's going to be trouble."
4448,187,ようでは,,ようでは,if~ (bad result) Verb (casual form) ようでは bad result,N2,404,4,最初の⽇から、仕事に遅刻するようでは悪い印象になるよ。,さいしょのひから、しごとにちこくするようではわるいいんしょうになるよ。,"If you are late to work from the first day, it will leave a bad impression."
4449,187,ようでは,,ようでは,if~ (bad result) Verb (casual form) ようでは bad result,N2,404,5,報告書にこんなにミスがあるようでは、君に仕事を任せられない。,ほうこくしょにこんなにミスがあるようでは、きみにしごとをまかせられない。,"If there are this many errors in your written report, then I will not be able to entrust any work with you."
4450,187,ようでは,,ようでは,if~ (bad result) Verb (casual form) ようでは bad result,N2,404,6,⾃分の管理もできないようでは、⼈の上に⽴つこともできない。,じぶんのかんりもできないようでは、ひとのうえにたつこともできない。,"If you cannot control yourself, you will not be able to be in a position above others."
4451,187,ようでは,,ようでは,if~ (bad result) Verb (casual form) ようでは bad result,N2,404,7,敬語がちゃんと使えないようでは、接客の仕事はできない。,けいごがちゃんとつかえないようでは、せっきゃくのしごとはできない。,"If you can't properly use keigo (formal Japanese), then you will not be able to do work dealing with customers."
4452,187,ようでは,,ようでは,if~ (bad result) Verb (casual form) ようでは bad result,N2,404,8,勝負において、相⼿のミスを願うようではプロにはなれない。,しょうぶにおいて、あいてのミスをねがうようではプロにはなれない。,"During a match, if you pray for the opponent to make a mistake, then you can't become a true professional"
4453,188,ようではないか,,ようではないか,let’s do (something); why don’t we~,N2,406,1,困った時はお互いに助け合っていこうではありませんか。,こまったときはおたがいにたすけあっていこうではありませんか。,Let's help each other when we are in trouble.
4454,188,ようではないか,,ようではないか,let’s do (something); why don’t we~,N2,406,2,⽇本語を⾝につけるために頑張ろうではないか。,にほんごをみにつけるためにがんばろうではないか。,Let’s do our best to master Japanese.
4455,188,ようではないか,,ようではないか,let’s do (something); why don’t we~,N2,406,3,今⽇はお祝いだ。みんなで飲もうではないか。,きょうはおいわいだ。みんなでのもうではないか。,Today is a for celebration! Why don't we all go out for drinks together?
4456,188,ようではないか,,ようではないか,let’s do (something); why don’t we~,N2,406,4,誰もやらないなら、僕がやってみようじゃないか。,だれもやらないなら、ぼくがやってみようじゃないか。,"If no one is going to do it, why don't I give it a try?"
4457,188,ようではないか,,ようではないか,let’s do (something); why don’t we~,N2,406,5,この問題については、もっと話し合おうではないか。,このもんだいについては、もっとはなしあおうではないか。,"Regarding this problem, why don't we discuss it a bit more?"
4458,188,ようではないか,,ようではないか,let’s do (something); why don’t we~,N2,406,6,この町を⼈気になる⽅法について、⼀緒に考えようではありませんか。,このまちをにんきになるほうほうについて、いっしょにかんがえようではありません か。,Why don't we brainstorm together about how to get more popular in this town?
4459,188,ようではないか,,ようではないか,let’s do (something); why don’t we~,N2,406,7,みんなで⼒を合わせて、この島の⾃然を守っていこうではないか。,みんなでちからをあわせて、このしまのしぜんをまもっていこうではないか。,Let's work together to help protect the nature on this island!
4460,189,ようか〜まいか,,ようか〜まいか,whether or not; considering options V (volational) + か V + まいか,N2,408,1,⾬だ。買い物をしに⾏こうか、⾏くまいか。,あめだ。かいものをしにいこうか、いくまいか。,It's raining.. Should I go to buy groceries or not?
4461,189,ようか〜まいか,,ようか〜まいか,whether or not; considering options V (volational) + か V + まいか,N2,408,2,本当のことを話そうか話すまいか迷ったが、結局全部話した。,ほんとうのことをはなそうかはなすまいかまよったが、けっきょくぜんぶはなした。,"I didn't know whether to say the truth or not, but in the end I told everything."
4462,189,ようか〜まいか,,ようか〜まいか,whether or not; considering options V (volational) + か V + まいか,N2,408,3,彼と結婚しようかするまいか悩むくらいなら、やめたほうがいいと思う。,かれとけっこんしようかするまいかなやむくらいなら、やめたほうがいいとおもう。,"If you're not sure if you want to marry him or not, I think it's best you don't."
4463,189,ようか〜まいか,,ようか〜まいか,whether or not; considering options V (volational) + か V + まいか,N2,408,4,その新聞記者は、記事を掲載しようかすまいか悩んだあげく、掲載をやめた。,そのしんぶんきしゃは、きじをけいさいしようかすまいかなやんだあげく、けいさい をやめた。,"That newspaper reporter was deciding whether or not to to submit an article for publication, but ended up worrying too much and decided not to."
4464,189,ようか〜まいか,,ようか〜まいか,whether or not; considering options V (volational) + か V + まいか,N2,408,5,留学しようかすまいか迷うこと⾃体働かなければならない者から⾒れば幸せな,ことだと思う。 りゅうがくしようかすまいかまようことじたいはたらかなければならないものからみ ればしあわせなことだとおもう。,"I'm unsure if I should study abroad or not, but for people who are unable to go because of work, it is surely a wonderful dream experience."
4465,189,ようか〜まいか,,ようか〜まいか,whether or not; considering options V (volational) + か V + まいか,N2,408,6,⾷べたいけど、太りたくないし、⾷べようか⾷べまいか悩んでいます。,たべたいけど、ふとりたくないし、たべようかたべまいかなやんでいます。,"I want to eat it, but I don't want to gain weight, so I'm worrying about whether to eat it or not."
4466,190,要するに,ようするに,要するに (ようするに),in short; in a word; to sum up; to put it 要するに phrase,N2,410,1,要するに時と⾦の問題だ。,ようするにときとかねのもんだいだ。,"In short, it is a question of time and money."
4467,190,要するに,ようするに,要するに (ようするに),in short; in a word; to sum up; to put it 要するに phrase,N2,410,2,要するに、彼⼥は⾏きたくないって⾔ったでしょう。,ようするに、かのじょはいきたくないっていったでしょう。,"To sum up, she said she doesn't want to go, right?"
4468,190,要するに,ようするに,要するに (ようするに),in short; in a word; to sum up; to put it 要するに phrase,N2,410,3,その会合は勉強にならない。要するに時間の無駄だった。,そのかいごうはべんきょうにならない。ようするにじかんのむだだった。,"That gathering did not help with my studies, in short it was a waste of time."
4469,190,要するに,ようするに,要するに (ようするに),in short; in a word; to sum up; to put it 要するに phrase,N2,410,4,終電が出てしまった。要するに、今⽇は電⾞で帰れないということだ。,しゅうでんがでてしまった。ようするに、きょうはでんしゃでかえれないということ だ。,"The last train left.. In short, I won't be able to return home by train today."
4470,190,要するに,ようするに,要するに (ようするに),in short; in a word; to sum up; to put it 要するに phrase,N2,410,5,合格点に10点⾜りず、不合格でした。要するに、まだまだ努⼒が⾜りなかっ,た。 ごうかくてんに10てんたりず、ふごうかくでした。ようするに、まだまだどりょくが たりなかった。,"I was short 10 points of a passing score and failed. In short, I did not put in enough effort.."
4471,190,要するに,ようするに,要するに (ようするに),in short; in a word; to sum up; to put it 要するに phrase,N2,410,6,彼は⼀度も⼊賞しなかった。要するに才能がなかったということだ。,かれはいちどもにゅうしょうしなかった。ようするにさいのうがなかったということ だ。,"He's never even once placed in a contest. To put it simply, lacked talent."
4472,190,要するに,ようするに,要するに (ようするに),in short; in a word; to sum up; to put it 要するに phrase,N2,410,7,試合に⼤負けした。要するに、相⼿のチームと⼒の差があったということだ。,しあいにおおまけした。ようするに、あいてのチームとちからのさがあったというこ とだ。,"We had a crushing defeat in the match. To put it simply, there was a big gap of strength between the opposing team."
4473,190,要するに,ようするに,要するに (ようするに),in short; in a word; to sum up; to put it 要するに phrase,N2,410,8,今⽇のスピーチは緊張して間違えてしまいました。要するに、練習不⾜という,ことです。 きょうのスピーチはきんちょうしてまちがえてしまいました。ようするに、れんしゅ うふそくということです。,"In today's speach, I was nervous and made a mistake. In short, I lacked in practice."
4474,191,ざるを得ない,ざるをえない,ざるを得ない (ざるをえない),cannot help (doing); have no choice but to~ Verb (ない root),N2,412,1,私はそうせざるを得ない。,わたしはそうせざるをえない。,I have no choice but to do that.
4475,191,ざるを得ない,ざるをえない,ざるを得ない (ざるをえない),cannot help (doing); have no choice but to~ Verb (ない root),N2,412,2,いやな仕事でも、⽣活のためには続けざるを得ない。,いやなしごとでも、せいかつのためにはつづけざるを得ない。,"Even if it's work you don't like, you must continue working in order to maintain your livelihood."
4476,191,ざるを得ない,ざるをえない,ざるを得ない (ざるをえない),cannot help (doing); have no choice but to~ Verb (ない root),N2,412,3,彼は受験のため、サークル活動を休まざるを得なかった。,かれはじゅけんのため、サークルかつどうをやすまざるをえなかった。,"In order to prepare for exams, he had no choice but to quit his club activities."
4477,191,ざるを得ない,ざるをえない,ざるを得ない (ざるをえない),cannot help (doing); have no choice but to~ Verb (ない root),N2,412,4,彼⼥は進学したいが、家族が学費を払える状況でもないので、諦めざるを得な,い。 かのじょはしんがくしたいが、かぞくががくひをはらえるじょうきょうでもないの で、あきらめざるをえない。,"She wants to go to university, but her family is not in a position to help support her so she has no choice but to give up."
4478,191,ざるを得ない,ざるをえない,ざるを得ない (ざるをえない),cannot help (doing); have no choice but to~ Verb (ない root),N2,412,5,今回の旅⾏を楽しみにしていたが、⺟が急に⼊院したので、⾏くのをキャンセ,ルせざるを得ない。 こんかいのりょこうをたのしみにしていたが、ははがきゅうににゅういんしたので、 いくのをキャンセルせざるを得ない。,"I was looking forward to this trip, but my mother was suddenly hospitalized so we had to cancel it."
4479,191,ざるを得ない,ざるをえない,ざるを得ない (ざるをえない),cannot help (doing); have no choice but to~ Verb (ない root),N2,412,6,留学したい気持ちは分かるが、この病状では、延期せざるを得ないだろう。,りゅうがくしたいきもちはわかるが、このびょうじょうでは、えんきせざるをえない だろう。,"I understand you want to study abroad, but with your medical condition there is no choice but to postpone."
4480,191,ざるを得ない,ざるをえない,ざるを得ない (ざるをえない),cannot help (doing); have no choice but to~ Verb (ない root),N2,412,7,明⽇のテストの成績が悪いと、留年が決定するので、今⽇は徹夜でも勉強せざ,るを得ない。 あしたのテストのせいせきがわるいと、りゅうねんがけっていするので、きょうはて つやでもべんきょうせざるをえない。,"If tomorrow's test results are bad then I will have to repeat a year, so I must study today through the night."
4481,191,ざるを得ない,ざるをえない,ざるを得ない (ざるをえない),cannot help (doing); have no choice but to~ Verb (ない root),N2,412,8,⾼校3年⽣の約3％が、⽣活が苦しいので、⼤学進学を諦めざるを得ないそうで,す。 こうこう3ねんせいのやく3％が、せいかつがくるしいので、だいがくしんがくをあき らめざるをえないそうです。,About 5% of senior high school students have difficult lives and apparently have no choice but to give up on college.
4482,192,ずに済む,ずにすむ,ずに済む (ずにすむ),get by without doing~ Verb ない ずに済む,N2,415,1,今年は涼しかったので、エアコンを使わずに済みました。,ことしはすずしかったので、エアコンをつかわずにすみました。,This year was cool and I got by without using my air conditioner.
4483,192,ずに済む,ずにすむ,ずに済む (ずにすむ),get by without doing~ Verb ない ずに済む,N2,415,2,ここでは1⽇中⾬が降らずに済むことはほとんどない。,ここではいちにちちゅうあめがふらずにすむことはほとんどない。,Hardly a day passes here without rain.
4484,192,ずに済む,ずにすむ,ずに済む (ずにすむ),get by without doing~ Verb ない ずに済む,N2,415,3,損をせずに済んだ。,そんをせずにすんだ。,I got off without any loss.
4485,192,ずに済む,ずにすむ,ずに済む (ずにすむ),get by without doing~ Verb ない ずに済む,N2,415,4,私の友達が⾃分のアパートに泊めてくれたのでホテルに泊まらずに済んだ。,わたしのともだちがじぶんのアパートにとめてくれたのでホテルにとまらずにですん だ。,"My friend let me stay at their apartment, so I got by without having to stay at a hotel."
4486,192,ずに済む,ずにすむ,ずに済む (ずにすむ),get by without doing~ Verb ない ずに済む,N2,415,5,死なずに済んだのはまったくの幸運だった。,しなずにすんだのはまったくのこううんだった。,I escaped death by pure luck.
4487,192,ずに済む,ずにすむ,ずに済む (ずにすむ),get by without doing~ Verb ない ずに済む,N2,415,6,⾦を借りずに済むなら借りはしません。,かねをかりずにすむならかりはしません。,I would not borrow money if I could help it.
4488,192,ずに済む,ずにすむ,ずに済む (ずにすむ),get by without doing~ Verb ない ずに済む,N2,415,7,予約しておいたおかげで、待たずに済みました。,よやくしておいたおかげで、またずにすみました。,I didn't have to wait thanks to making a reservation.
4489,192,ずに済む,ずにすむ,ずに済む (ずにすむ),get by without doing~ Verb ない ずに済む,N2,415,8,遅刻してしまったが、きちんと理由を説明したら怒られずに済んだ。,ちこくしてしまったが、きちんとりゆうをせつめいしたらおこられずにすんだ。,"I was late, but explained a valid reason and got off without getting in trouble."
